Open time,price_normalized,phase,class
1502928000000,0.2962936940101879,3,0
1503014400000,0.3919121894858457,4,-1
1503100800000,0.8664136962562369,3,1
1503187200000,0.3007396615488068,3,0
1503273600000,0.5014194293412889,4,-1
1503360000000,0.9080332567180276,3,0
1503446400000,0.3974435314199525,3,0
1503532800000,0.8058045836676315,6,1
1503619200000,0.1608293368212017,1,-1
1503705600000,0.8087845268128574,6,1
1503792000000,0.2137864756246745,1,-1
1503878400000,0.9523031095611736,2,0
1503964800000,0.8771373679154634,6,1
1504051200000,0.600993520518359,1,-1
1504137600000,0.8921063695606487,2,0
1504224000000,0.7804656002080881,6,1
1504310400000,0.2840170468481734,1,-1
1504396800000,0.5060874576759596,6,1
1504483200000,0.2299181952502784,1,-1
1504569600000,0.865622059207021,2,0
1504656000000,0.8684411342755121,2,0
1504742400000,0.723230593607305,6,1
1504828800000,0.3593550944144044,7,0
1504915200000,0.3932238935493209,7,0
1505001600000,0.6833402489626553,1,-1
1505088000000,0.4651834239130443,6,1
1505174400000,0.3474377455552731,7,0
1505260800000,0.4555972174256253,7,0
1505347200000,0.0288571877227099,1,-1
1505433600000,0.8498556304138595,2,0
1505520000000,0.5096382525973211,6,1
1505606400000,0.8064930374413088,1,-1
1505692800000,0.796421975992614,6,1
1505779200000,0.3054504747934846,7,0
1505865600000,0.353857041755131,7,0
1505952000000,0.1253352769679294,7,0
1506038400000,0.3694825117610954,1,-1
1506124800000,0.8644086335131981,6,1
1506211200000,0.2228069126352918,1,-1
1506297600000,0.818750383223987,6,1
1506384000000,0.2544509216952877,1,-1
1506470400000,0.8490175801447786,6,1
1506556800000,0.3693467336683417,1,-1
1506643200000,0.71406124739458,2,0
1506729600000,0.993840429929724,6,1
1506816000000,0.8315713599231092,1,-1
1506902400000,0.0991915885532906,6,1
1506988800000,0.4509126444002371,7,0
1507075200000,0.2882683982683989,1,-1
1507161600000,0.7446122448979604,2,0
1507248000000,0.616,2,0
1507334400000,0.6615550497184609,2,0
1507420800000,0.9227467811158798,2,0
1507507200000,0.6969527619271726,6,1
1507593600000,0.3667370530761258,1,-1
1507680000000,0.6493211351319883,2,0
1507766400000,0.9841385770763544,2,0
1507852800000,0.5792893444556418,2,0
1507939200000,0.9062158192443508,6,1
1508025600000,0.5935016944609308,1,-1
1508112000000,0.8581877086196771,6,1
1508198400000,0.3242725736812467,7,0
1508284800000,0.8495833706657118,1,-1
1508371200000,0.8812232638572841,2,0
1508457600000,0.8039411764705887,2,0
1508544000000,0.5450353615602715,6,1
1508630400000,0.6765008677236242,7,0
1508716800000,0.6425256552715872,7,0
1508803200000,0.0569052631578942,1,-1
1508889600000,0.9641848892291492,2,0
1508976000000,0.7302665609158957,6,1
1509062400000,0.3615612528721734,7,0
1509148800000,0.4073366971225978,1,-1
1509235200000,0.9632753243397852,6,1
1509321600000,0.4138467166636175,1,-1
1509408000000,0.9120373859953262,2,0
1509494400000,0.9526165120806126,2,0
1509580800000,0.5446088794925994,2,0
1509667200000,0.4536306514858031,2,0
1509753600000,0.7863756271659862,6,1
1509840000000,0.2120296886546922,7,0
1509926400000,0.1093333333333331,1,-1
1510012800000,0.5480520353625334,2,0
1510099200000,0.5826526782363137,6,1
1510185600000,0.1723872679045087,7,0
1510272000000,0.2458483754512629,7,0
1510358400000,0.2078139774778651,7,0
1510444800000,0.372431972658794,1,-1
1510531200000,0.7679351966956728,2,0
1510617600000,0.7058383033350276,2,0
1510704000000,0.919751803991635,2,0
1510790400000,0.9126157407407408,6,1
1510876800000,0.4613197026022297,1,-1
1510963200000,0.854142063870951,2,0
1511049600000,0.8199103252823491,2,0
1511136000000,0.7049372933686717,6,1
1511222400000,0.5317362270450755,1,-1
1511308800000,0.4958331534176771,6,1
1511395200000,0.0768846153846145,1,-1
1511481600000,0.5549132947976878,2,0
1511568000000,0.9460746301063924,2,0
1511654400000,0.7021522112494641,2,0
1511740800000,0.9921068161699604,2,0
1511827200000,0.8854816824966059,6,1
1511913600000,0.4200961860123808,1,-1
1512000000000,0.4822174507124729,2,0
1512086400000,0.9242358366271408,2,0
1512172800000,0.4737017543859653,2,0
1512259200000,0.5021962264150942,2,0
1512345600000,0.9736842105263158,2,0
1512432000000,0.6224958057830842,2,0
1512518400000,0.9665683584233066,2,0
1512604800000,0.9858442871587464,6,1
1512691200000,0.5846413311640473,7,0
1512777600000,0.5679966794312188,1,-1
1512864000000,0.755336921112609,2,0
1512950400000,0.656653379630351,6,1
1513036800000,0.4312406373416855,7,0
1513123200000,0.727200655514409,1,-1
1513209600000,0.8894271356783915,2,0
1513296000000,0.7334377123275541,2,0
1513382400000,0.8142435685124245,6,1
1513468800000,0.2716112611354256,7,0
1513555200000,0.8045171408181426,7,0
1513641600000,0.375547169811321,7,0
1513728000000,0.5815495346094901,7,0
1513814400000,0.4473429657794675,7,0
1513900800000,0.4992486820278833,7,0
1513987200000,0.1632096235964742,1,-1
1514073600000,0.8532149230042341,2,0
1514160000000,0.6227010050251257,2,0
1514246400000,0.8565792610250299,6,1
1514332800000,0.5482571043126334,7,0
1514419200000,0.4318469951757123,1,-1
1514505600000,0.4676392572944294,6,1
1514592000000,0.2604941767181985,1,-1
1514678400000,0.8243541231389432,6,1
1514764800000,0.5895840157222408,1,-1
1514851200000,0.6909660263134468,2,0
1514937600000,0.6647689968554551,2,0
1515024000000,0.8381303415665664,2,0
1515110400000,0.9162151041828394,2,0
1515196800000,0.9352074351544278,6,1
1515283200000,0.362445971703939,7,0
1515369600000,0.5955445403526768,7,0
1515456000000,0.2612243527317912,1,-1
1515542400000,0.973376819141064,6,1
1515628800000,0.5152549402019796,1,-1
1515715200000,0.7702978046689608,2,0
1515801600000,0.57658637065858,6,1
1515888000000,0.5116590408405352,1,-1
1515974400000,0.3557793503901286,6,1
1516060800000,0.4137153859975642,1,-1
1516147200000,0.7381055976996277,6,1
1516233600000,0.3648379967994232,1,-1
1516320000000,0.7769895470383272,2,0
1516406400000,0.8226794343482259,6,1
1516492800000,0.3079354698059735,7,0
1516579200000,0.424364916021341,1,-1
1516665600000,0.5985140562248998,2,0
1516752000000,0.7940269785516779,6,1
1516838400000,0.2667093287827091,7,0
1516924800000,0.5840372414310923,1,-1
1517011200000,0.8030496339696026,2,0
1517097600000,0.5645334928229674,6,1
1517184000000,0.1333979676110459,7,0
1517270400000,0.2396373240936654,1,-1
1517356800000,0.8060894124130331,6,1
1517443200000,0.2989438197991178,7,0
1517529600000,0.6959870320489044,1,-1
1517616000000,0.7805081952717413,6,1
1517702400000,0.1771974965229488,7,0
1517788800000,0.1791955853908294,1,-1
1517875200000,0.8797331189196962,6,1
1517961600000,0.3386073801461548,1,-1
1518048000000,0.7794123055422765,2,0
1518134400000,0.9429596034173612,6,1
1518220800000,0.4377127873289764,7,0
1518307200000,0.4101669361800433,1,-1
1518393600000,0.908119658119658,6,1
1518480000000,0.315358931552587,1,-1
1518566400000,0.9585929333054564,2,0
1518652800000,0.7609912854030503,2,0
1518739200000,0.7514489556870544,2,0
1518825600000,0.9653487078931192,6,1
1518912000000,0.2541289782244558,1,-1
1518998400000,0.9009870670736064,2,0
1519084800000,0.1464795307986338,6,1
1519171200000,0.2152115431645881,7,0
1519257600000,0.1052581231465839,1,-1
1519344000000,0.6485239532382844,6,1
1519430400000,0.2991432089923757,7,0
1519516800000,0.5508563439356874,1,-1
1519603200000,0.8900504422837929,2,0
1519689600000,0.5981842456608824,6,1
1519776000000,0.0335338345864664,1,-1
1519862400000,0.8288538657500519,2,0
1519948800000,0.6255813953488372,2,0
1520035200000,0.8496757972740496,2,0
1520121600000,0.9029088508291584,6,1
1520208000000,0.1321739719990501,7,0
1520294400000,0.1789843472073994,7,0
1520380800000,0.3448986215713162,7,0
1520467200000,0.2036958614051967,7,0
1520553600000,0.8307123034227567,7,0
1520640000000,0.1253448045398753,1,-1
1520726400000,0.8399767441860463,6,1
1520812800000,0.316842219176106,1,-1
1520899200000,0.5023041474654378,6,1
1520985600000,0.1881548657132892,1,-1
1521072000000,0.7576666666666662,2,0
1521158400000,0.5058737563936826,6,1
1521244800000,0.1640681103681602,1,-1
1521331200000,0.8720012055455094,2,0
1521417600000,0.829401942188286,2,0
1521504000000,0.8181558441558436,6,1
1521590400000,0.3151896062475075,7,0
1521676800000,0.4060481965663875,1,-1
1521763200000,0.982859375000001,6,1
1521849600000,0.1097553787208969,7,0
1521936000000,0.3432649302815023,7,0
1522022400000,0.4433900188626823,7,0
1522108800000,0.1348108820018935,1,-1
1522195200000,0.5808398950131238,6,1
1522281600000,0.1441449283772941,7,0
1522368000000,0.3468432683835732,1,-1
1522454400000,0.3291289542073661,6,1
1522540800000,0.6177779928384795,1,-1
1522627200000,0.8083333333333333,2,0
1522713600000,0.7744749405685769,6,1
1522800000000,0.1236606895020267,7,0
1522886400000,0.6086009960931686,7,0
1522972800000,0.2896857142857152,1,-1
1523059200000,0.6398743074505918,2,0
1523145600000,0.6022781826910485,6,1
1523232000000,0.2991637630662025,1,-1
1523318400000,0.8029914529914515,2,0
1523404800000,0.8216256157635466,2,0
1523491200000,0.9296864534329372,6,1
1523577600000,0.2900137617423562,1,-1
1523664000000,0.5026861702127665,2,0
1523750400000,0.8268605407414271,6,1
1523836800000,0.3585507246376813,7,0
1523923200000,0.1711742750502462,1,-1
1524009600000,0.8278370382433563,2,0
1524096000000,0.9166666666666666,2,0
1524182400000,0.9030162967685376,2,0
1524268800000,0.7453404255319138,6,1
1524355200000,0.2025325096419679,1,-1
1524441600000,0.7875416666666676,2,0
1524528000000,0.8627705467175926,6,1
1524614400000,0.1359363772309722,1,-1
1524700800000,0.93675479523069,6,1
1524787200000,0.0520750988142299,1,-1
1524873600000,0.8574298629547255,2,0
1524960000000,0.6275290704820905,6,1
1525046400000,0.3627154203506685,7,0
1525132800000,0.6042140468227419,1,-1
1525219200000,0.9323035594358632,2,0
1525305600000,0.8608644168146833,6,1
1525392000000,0.6246644458100168,1,-1
1525478400000,0.5384615384615384,6,1
1525564800000,0.437600593160569,7,0
1525651200000,0.3617276426759981,7,0
1525737600000,0.3059543308603879,1,-1
1525824000000,0.8117647058823529,6,1
1525910400000,0.0757433195333098,7,0
1525996800000,0.0873039360757621,1,-1
1526083200000,0.6336357009799972,2,0
1526169600000,0.8202466907340524,6,1
1526256000000,0.640707142738686,7,0
1526342400000,0.1323333842028399,7,0
1526428800000,0.6098669102940811,7,0
1526515200000,0.1287835051546392,1,-1
1526601600000,0.907558606183057,6,1
1526688000000,0.4668722675975204,1,-1
1526774400000,0.8157268029656248,6,1
1526860800000,0.2626158244635042,7,0
1526947200000,0.0903089857440814,7,0
1527033600000,0.1267918932278791,1,-1
1527120000000,0.6642083926338047,6,1
1527206400000,0.4359988283538375,7,0
1527292800000,0.1061250000000001,1,-1
1527379200000,0.6387589555331867,6,1
1527465600000,0.1081323552694063,1,-1
1527552000000,0.8447687604772705,6,1
1527638400000,0.374262560777958,1,-1
1527724800000,0.4239683436970042,2,0
1527811200000,0.6540057705229047,2,0
1527897600000,0.7798947489724573,2,0
1527984000000,0.612030639027267,6,1
1528070400000,0.1289726768995603,1,-1
1528156800000,0.8305079473700587,2,0
1528243200000,0.8268592369045058,2,0
1528329600000,0.4902068965517236,6,1
1528416000000,0.4199420289855049,7,0
1528502400000,0.1783485768014344,7,0
1528588800000,0.1636284122819126,1,-1
1528675200000,0.8397435897435898,6,1
1528761600000,0.2085574411099645,7,0
1528848000000,0.3420969897036851,1,-1
1528934400000,0.8173478260869556,6,1
1529020800000,0.0873665188105775,1,-1
1529107200000,0.6821108973822851,6,1
1529193600000,0.1652996467700396,1,-1
1529280000000,0.8023070611515999,2,0
1529366400000,0.4673625092720151,2,0
1529452800000,0.7900685705674044,6,1
1529539200000,0.3779302458547768,7,0
1529625600000,0.1546691532827016,1,-1
1529712000000,0.5625795165394393,6,1
1529798400000,0.7590623774029033,1,-1
1529884800000,0.6597576641322082,6,1
1529971200000,0.1506272627767944,1,-1
1530057600000,0.7416032447705388,6,1
1530144000000,0.0779746250108365,1,-1
1530230400000,0.8036923076923078,2,0
1530316800000,0.5949381852111032,6,1
1530403200000,0.5567189308639386,1,-1
1530489600000,0.8313658135371812,6,1
1530576000000,0.2350466857723926,1,-1
1530662400000,0.4242750356301437,6,1
1530748800000,0.2933080759268561,1,-1
1530835200000,0.8266082132951587,2,0
1530921600000,0.80218572167615,6,1
1531008000000,0.3967661691542342,7,0
1531094400000,0.2627752607733639,7,0
1531180800000,0.0811244019138752,1,-1
1531267200000,0.7800960554287045,6,1
1531353600000,0.581958231274977,7,0
1531440000000,0.4357083333333321,1,-1
1531526400000,0.471273885350317,2,0
1531612800000,0.7524174528301905,2,0
1531699200000,0.9425521707843612,2,0
1531785600000,0.8144929310239302,2,0
1531872000000,0.4315412186379917,2,0
1531958400000,0.6406229593835713,6,1
1532044800000,0.1511241217798589,1,-1
1532131200000,0.7587990463490506,6,1
1532217600000,0.2401377075739167,1,-1
1532304000000,0.7554803493449787,2,0
1532390400000,0.8876455696202529,6,1
1532476800000,0.2844013853362614,7,0
1532563200000,0.1502050984687404,1,-1
1532649600000,0.7991041666666661,2,0
1532736000000,0.8802495265678963,6,1
1532822400000,0.5347891482368664,7,0
1532908800000,0.7565601965601967,7,0
1532995200000,0.1790310786106038,7,0
1533081600000,0.5455624999999997,7,0
1533168000000,0.2758335303854333,7,0
1533254400000,0.5293523839105448,7,0
1533340800000,0.1473954396019762,1,-1
1533427200000,0.6835918681953931,6,1
1533513600000,0.3357522123893797,7,0
1533600000000,0.1041918161761653,7,0
1533686400000,0.2706586025996592,1,-1
1533772800000,0.7905945386191207,6,1
1533859200000,0.2140530309923746,1,-1
1533945600000,0.5055125725338498,2,0
1534032000000,0.5209757522640953,6,1
1534118400000,0.2533003300330043,7,0
1534204800000,0.8319066778278832,1,-1
1534291200000,0.2175604843324409,2,0
1534377600000,0.3868440233236143,2,0
1534464000000,0.9982977303070754,2,0
1534464000000,0.9982977303070754,2,0
1534550400000,0.3010843373493977,1,-1
1534636800000,0.7366390041493766,6,1
1534723200000,0.112387096774194,1,-1
1534809600000,0.92450551109769,6,1
1534896000000,0.1737415655589705,1,-1
1534982400000,0.7785352136679325,2,0
1535068800000,0.8475922671353263,2,0
1535155200000,0.5999710961774728,6,1
1535241600000,0.6368504848747997,1,-1
1535328000000,0.8916023264514817,2,0
1535414400000,0.7858545454545443,6,1
1535500800000,0.5367769901115274,7,0
1535587200000,0.7174162542141882,1,-1
1535673600000,0.6129850746268658,2,0
1535760000000,0.7183579959438153,2,0
1535846400000,0.8011444266422539,6,1
1535932800000,0.4868053187862291,1,-1
1536019200000,0.7213805174205566,6,1
1536105600000,0.0251642667412274,7,0
1536192000000,0.5456739130434788,7,0
1536278400000,0.3372321428571427,7,0
1536364800000,0.201771117166213,1,-1
1536451200000,0.3649113433732946,2,0
1536537600000,0.5948489998692656,6,1
1536624000000,0.5344400819392272,1,-1
1536710400000,0.872457197399033,2,0
1536796800000,0.7590080971659929,6,1
1536883200000,0.4564879370015562,1,-1
1536969600000,0.491643173580347,6,1
1537056000000,0.8731082654249133,7,0
1537142400000,0.1432820574450173,1,-1
1537228800000,0.6754938795297537,2,0
1537315200000,0.681251583481126,2,0
1537401600000,0.7767441860465116,2,0
1537488000000,0.9120669706663062,6,1
1537574400000,0.4530019336886303,7,0
1537660800000,0.3656704617330816,7,0
1537747200000,0.1409826589595394,7,0
1537833600000,0.4730684582416295,1,-1
1537920000000,0.4791070727466492,2,0
1538006400000,0.8073734177215194,6,1
1538092800000,0.3420706775700927,7,0
1538179200000,0.7688852592895069,1,-1
1538265600000,0.7253488372093001,6,1
1538352000000,0.6468266598765012,7,0
1538438400000,0.217739726027397,7,0
1538524800000,0.6722689075630253,1,-1
1538611200000,0.6410349064103482,2,0
1538697600000,0.601416320166318,6,1
1538784000000,0.3264869998812791,1,-1
1538870400000,0.7848695652173932,2,0
1538956800000,0.6688180404354586,6,1
1539043200000,0.6329420770604696,7,0
1539129600000,0.7772220084647953,7,0
1539216000000,0.1111629208243968,1,-1
1539302400000,0.5894701986754981,2,0
1539388800000,0.7985983647588912,2,0
1539475200000,0.2901851851851865,2,0
1539561600000,0.3278985507246377,2,0
1539648000000,0.3881304347826106,6,1
1539734400000,0.4802013174450467,7,0
1539820800000,0.2268995633187774,7,0
1539907200000,0.0469873741409628,1,-1
1539993600000,0.7390722569134689,2,0
1540080000000,0.1205005959475532,6,1
1540166400000,0.4427841511616656,7,0
1540252800000,0.4784412319296079,1,-1
1540339200000,0.2178974172426361,6,1
1540425600000,0.3498409185226169,1,-1
1540512000000,0.2779150488292735,6,1
1540598400000,0.4465428601405962,7,0
1540684800000,0.6037273173124121,7,0
1540771200000,0.1552549865796535,7,0
1540857600000,0.1777150916784166,1,-1
1540944000000,0.6935730680948746,2,0
1541030400000,0.6526226194276017,2,0
1541116800000,0.634599390074848,6,1
1541203200000,0.4431925871327791,1,-1
1541289600000,0.7641566265060263,6,1
1541376000000,0.5175139702875753,1,-1
1541462400000,0.8583536514570914,2,0
1541548800000,0.6543570419218113,6,1
1541635200000,0.0923835267928121,7,0
1541721600000,0.2404580152671729,1,-1
1541808000000,0.3415956622773062,2,0
1541894400000,0.8849169311181642,2,0
1541980800000,0.4219736842105225,2,0
1542067200000,0.6224613944782404,6,1
1542153600000,0.3214886739227816,7,0
1542240000000,0.6528016115794965,7,0
1542326400000,0.4566426981681195,7,0
1542412800000,0.6894811889876015,1,-1
1542499200000,0.3713790542213417,6,1
1542585600000,0.0680222496909762,7,0
1542672000000,0.3224136021267165,1,-1
1542758400000,0.662166867550555,6,1
1542844800000,0.0904930578897017,1,-1
1542931200000,0.7571822569524238,6,1
1543017600000,0.1534222779114636,1,-1
1543104000000,0.7463211221008379,6,1
1543190400000,0.3192079207920788,1,-1
1543276800000,0.7417490433673471,2,0
1543363200000,0.7508266051518651,2,0
1543449600000,0.5240969420749554,6,1
1543536000000,0.2468119289085255,1,-1
1543622400000,0.6736601578728724,6,1
1543708800000,0.2761133603238881,7,0
1543795200000,0.1619602272727278,1,-1
1543881600000,0.5613157894736838,6,1
1543968000000,0.1104000000000006,7,0
1544054400000,0.0218755468886722,7,0
1544140800000,0.5499554380896781,1,-1
1544227200000,0.6920512820512814,2,0
1544313600000,0.5733065616002421,6,1
1544400000000,0.2616615948976615,7,0
1544486400000,0.3601618705035956,1,-1
1544572800000,0.6690140845070423,6,1
1544659200000,0.2276772616136916,7,0
1544745600000,0.297809205126587,7,0
1544832000000,0.4612441783100439,1,-1
1544918400000,0.3950925925925933,2,0
1545004800000,0.7942547425474252,2,0
1545091200000,0.8992208405477723,2,0
1545177600000,0.1367082500516908,2,0
1545264000000,0.8548865979381441,6,1
1545350400000,0.1985691108806082,1,-1
1545436800000,0.8448969072164941,6,1
1545523200000,0.3940473833564308,1,-1
1545609600000,0.3044990299081168,6,1
1545696000000,0.2660135442597501,1,-1
1545782400000,0.670694529128096,6,1
1545868800000,0.1179654455516519,1,-1
1545955200000,0.8617839347945054,6,1
1546041600000,0.1140540540540547,1,-1
1546128000000,0.5863599348534194,6,1
1546214400000,0.4039071631324101,1,-1
1546300800000,0.9225737392959088,2,0
1546387200000,0.8209431240033418,6,1
1546473600000,0.2770830194364943,1,-1
1546560000000,0.736570333971852,6,1
1546646400000,0.2218024224913888,1,-1
1546732800000,0.8605887873205654,6,1
1546819200000,0.5595102210231366,7,0
1546905600000,0.312529976019185,1,-1
1546992000000,0.4768789891884868,6,1
1547078400000,0.1006118286879675,1,-1
1547164800000,0.7062694300518132,6,1
1547251200000,0.6024492572854073,7,0
1547337600000,0.2091283863368658,1,-1
1547424000000,0.776519404442276,6,1
1547510400000,0.2764795144157815,1,-1
1547596800000,0.4762045521726281,2,0
1547683200000,0.8227399098840016,6,1
1547769600000,0.5367741935483851,1,-1
1547856000000,0.565079112665979,6,1
1547942400000,0.2938782974443386,7,0
1548028800000,0.6118319247708601,1,-1
1548115200000,0.783645263460984,6,1
1548201600000,0.4099272571673102,1,-1
1548288000000,0.6758113081298086,6,1
1548374400000,0.6618193069306905,7,0
1548460800000,0.1716974732915041,7,0
1548547200000,0.6972043010752704,7,0
1548633600000,0.3035835023664644,7,0
1548720000000,0.6534801667914044,1,-1
1548806400000,0.7819581958195804,6,1
1548892800000,0.2173295454545427,1,-1
1548979200000,0.7012672811059933,2,0
1549065600000,0.7488096620601548,6,1
1549152000000,0.3773651427899879,1,-1
1549238400000,0.5799883653286748,2,0
1549324800000,0.7583497053045297,6,1
1549411200000,0.2469820872274137,7,0
1549497600000,0.2304526748971229,1,-1
1549584000000,0.7932201509098981,2,0
1549670400000,0.7296411003825801,2,0
1549756800000,0.934467632593382,6,1
1549843200000,0.2237278362404498,1,-1
1549929600000,0.5761201032136996,6,1
1550016000000,0.225559105431311,7,0
1550102400000,0.385143249270884,1,-1
1550188800000,0.3637503133617437,2,0
1550275200000,0.4076357128653811,2,0
1550361600000,0.6601191098108851,2,0
1550448000000,0.902222222222222,2,0
1550534400000,0.3738810280103954,2,0
1550620800000,0.8517881705639596,6,1
1550707200000,0.3142485924642685,1,-1
1550793600000,0.5762021189894044,2,0
1550880000000,0.80661510901385,6,1
1550966400000,0.063666707874892,1,-1
1551052800000,0.6627468717020969,6,1
1551139200000,0.4996124631840011,1,-1
1551225600000,0.871474517565563,6,1
1551312000000,0.4013534198018216,1,-1
1551398400000,0.2270970675153405,6,1
1551484800000,0.6904141326382838,7,0
1551571200000,0.4923621460506691,7,0
1551657600000,0.280020086623565,1,-1
1551744000000,0.8883895131086147,2,0
1551830400000,0.519114045362582,2,0
1551916800000,0.511384615384612,6,1
1552003200000,0.4915909090909081,1,-1
1552089600000,0.7546153846153844,6,1
1552176000000,0.5689990281827054,7,0
1552262400000,0.3889512058328671,1,-1
1552348800000,0.7160727824109194,6,1
1552435200000,0.485436893203884,1,-1
1552521600000,0.6086520032855705,2,0
1552608000000,0.7693225902715669,2,0
1552694400000,0.6222222222222222,6,1
1552780800000,0.5021777706081588,1,-1
1552867200000,0.4120951356519659,2,0
1552953600000,0.7463934426229542,2,0
1553040000000,0.8998561151079132,6,1
1553126400000,0.531561988273201,1,-1
1553212800000,0.4699371069182348,2,0
1553299200000,0.6859382655561048,6,1
1553385600000,0.7529453766511933,7,0
1553472000000,0.4287006058413942,1,-1
1553558400000,0.8394890735610983,2,0
1553644800000,0.9110415735359872,6,1
1553731200000,0.6846153846153865,1,-1
1553817600000,0.7947431781701437,2,0
1553904000000,0.6246590909090938,6,1
1553990400000,0.637257824143065,1,-1
1554076800000,0.8458015267175633,2,0
1554163200000,0.946267080335336,2,0
1554249600000,0.3434258211731324,6,1
1554336000000,0.4642094017094013,1,-1
1554422400000,0.8423441734417318,2,0
1554508800000,0.4171339676567426,2,0
1554595200000,0.6936057692307713,2,0
1554681600000,0.7439849624060136,6,1
1554768000000,0.4533762057877814,1,-1
1554854400000,0.6036585365853658,6,1
1554940800000,0.2227672738925724,1,-1
1555027200000,0.851522611232678,6,1
1555113600000,0.4338947368421079,1,-1
1555200000000,0.8582260278449596,6,1
1555286400000,0.3447879289723055,1,-1
1555372800000,0.8761482093095266,2,0
1555459200000,0.670095693779903,2,0
1555545600000,0.676190476190471,2,0
1555632000000,0.5771034482758641,2,0
1555718400000,0.5964963221060722,6,1
1555804800000,0.6102443923669241,1,-1
1555891200000,0.7763631620140895,2,0
1555977600000,0.6012930229081821,6,1
1556064000000,0.3281093027928463,7,0
1556150400000,0.3024317668787184,1,-1
1556236800000,0.4376829898386831,6,1
1556323200000,0.4481904986443423,1,-1
1556409600000,0.5966219572777026,6,1
1556496000000,0.3873368146214113,1,-1
1556582400000,0.8703240208347482,2,0
1556668800000,0.7808857808857792,2,0
1556755200000,0.731369047619047,2,0
1556841600000,0.8053925715689209,2,0
1556928000000,0.7742761158214682,6,1
1557014400000,0.5533009034051432,7,0
1557100800000,0.6921876681373069,1,-1
1557187200000,0.3513022410660218,2,0
1557273600000,0.8868959261091859,2,0
1557360000000,0.9361816973924604,2,0
1557446400000,0.6780614306884005,2,0
1557532800000,0.724272504479272,6,1
1557619200000,0.2815698774262101,1,-1
1557705600000,0.7485447154471545,2,0
1557792000000,0.4540472835447004,2,0
1557878400000,0.8016791979949872,6,1
1557964800000,0.262747967479675,7,0
1558051200000,0.4370158102766801,7,0
1558137600000,0.3345830983111584,1,-1
1558224000000,0.8773170802608496,6,1
1558310400000,0.6386912757242589,7,0
1558396800000,0.4934026242075779,7,0
1558483200000,0.2966061705989116,1,-1
1558569600000,0.813596399849995,2,0
1558656000000,0.5463461538461536,2,0
1558742400000,0.6381227515534704,2,0
1558828800000,0.8614904365858504,2,0
1558915200000,0.5239884755104592,6,1
1559001600000,0.712186479538664,7,0
1559088000000,0.6962143273150849,7,0
1559174400000,0.2474047472083504,1,-1
1559260800000,0.9196704428424304,6,1
1559347200000,0.5538553692006069,1,-1
1559433600000,0.6946144851777946,6,1
1559520000000,0.0486287578976595,7,0
1559606400000,0.3246092272784563,1,-1
1559692800000,0.6289207211657206,2,0
1559779200000,0.807744067996694,2,0
1559865600000,0.670436677608893,6,1
1559952000000,0.4856802315681937,7,0
1560038400000,0.2835831348928426,1,-1
1560124800000,0.9268172888015715,6,1
1560211200000,0.6063190357805954,1,-1
1560297600000,0.8239458893944195,2,0
1560384000000,0.6955201974715672,2,0
1560470400000,0.9362883963783816,2,0
1560556800000,0.8107008340059223,2,0
1560643200000,0.3373996509598602,2,0
1560729600000,0.7367611336032371,6,1
1560816000000,0.3404855575111271,1,-1
1560902400000,0.8589825581395343,2,0
1560988800000,0.8243008678881405,2,0
1561075200000,0.9769686267943324,2,0
1561161600000,0.6523403430564979,2,0
1561248000000,0.4189931459412984,2,0
1561334400000,0.8335214123137558,2,0
1561420800000,0.9646359223300978,2,0
1561507200000,0.6069089277703003,6,1
1561593600000,0.2725724193515612,1,-1
1561680000000,0.946984877631719,6,1
1561766400000,0.4429396184248629,7,0
1561852800000,0.0622856213356717,7,0
1561939200000,0.4750774587153032,1,-1
1562025600000,0.920858262842996,2,0
1562112000000,0.9549115870878052,6,1
1562198400000,0.09594708994709,7,0
1562284800000,0.2855387539114324,1,-1
1562371200000,0.4168225099573151,2,0
1562457600000,0.7029957396929863,2,0
1562544000000,0.9110667871166246,2,0
1562630400000,0.6541769295336647,6,1
1562716800000,0.341788755956606,7,0
1562803200000,0.308429204932852,1,-1
1562889600000,0.8426354679802948,6,1
1562976000000,0.5420317944699895,7,0
1563062400000,0.0527650111193478,1,-1
1563148800000,0.7892903225806447,6,1
1563235200000,0.0533853002699658,1,-1
1563321600000,0.6777257525083613,2,0
1563408000000,0.8952864583333332,6,1
1563494400000,0.5903190454875227,1,-1
1563580800000,0.5427474651942303,6,1
1563667200000,0.5688809209284789,7,0
1563753600000,0.412082447355785,7,0
1563840000000,0.0822077897197155,7,0
1563926400000,0.5783495145631083,1,-1
1564012800000,0.3513198672439949,6,1
1564099200000,0.7391888686852729,7,0
1564185600000,0.1677301731996359,1,-1
1564272000000,0.875694783599621,6,1
1564358400000,0.3372455089820342,1,-1
1564444800000,0.5514602280005084,2,0
1564531200000,0.947242249459267,2,0
1564617600000,0.846343481138318,2,0
1564704000000,0.6236974141258198,2,0
1564790400000,0.7839199685380006,2,0
1564876800000,0.7730122950819663,2,0
1564963200000,0.8923265855880828,6,1
1565049600000,0.2309692028985505,1,-1
1565136000000,0.7809133226959247,2,0
1565222400000,0.8882560296846019,6,1
1565308800000,0.5206838694746576,7,0
1565395200000,0.0549790209790202,1,-1
1565481600000,0.8974563938592701,6,1
1565568000000,0.4692763522783675,7,0
1565654400000,0.1561456320857835,7,0
1565740800000,0.126132166952073,1,-1
1565827200000,0.6975045537340625,2,0
1565913600000,0.7398445351958581,6,1
1566000000000,0.4644193146149561,2,0
1566000000000,0.4644193146149561,2,0
1566086400000,0.5399523809523825,2,0
1566172800000,0.9784629133154616,6,1
1566259200000,0.5141809416350412,7,0
1566345600000,0.3007726210985805,7,0
1566432000000,0.703916666666665,1,-1
1566518400000,0.8695938477458177,6,1
1566604800000,0.4615428204450159,1,-1
1566691200000,0.5532943689411562,2,0
1566777600000,0.5027570965734758,6,1
1566864000000,0.3940294117647039,7,0
1566950400000,0.1719079069900712,7,0
1567036800000,0.4416831683168329,1,-1
1567123200000,0.6774790937237793,2,0
1567209600000,0.6320897785865909,2,0
1567296000000,0.6612258064516114,2,0
1567382400000,0.8508474576271187,2,0
1567468800000,0.6851896207584843,6,1
1567555200000,0.4593926965113857,7,0
1567641600000,0.2544222222222217,7,0
1567728000000,0.1967666397660965,1,-1
1567814400000,0.6209776194187704,6,1
1567900800000,0.4504031209362816,7,0
1567987200000,0.5701579586877298,7,0
1568073600000,0.3360031482210229,1,-1
1568160000000,0.6739225181598061,2,0
1568246400000,0.9173210048677888,6,1
1568332800000,0.6610489510489492,7,0
1568419200000,0.5701204087827613,7,0
1568505600000,0.462308762169684,7,0
1568592000000,0.6256678700360992,7,0
1568678400000,0.4068984284645185,7,0
1568764800000,0.3606505505632175,1,-1
1568851200000,0.8798958333333347,6,1
1568937600000,0.4881380629297411,7,0
1569024000000,0.3122153957354506,1,-1
1569110400000,0.7441603199591583,6,1
1569196800000,0.1991617152595451,7,0
1569283200000,0.347440338046807,7,0
1569369600000,0.4168481219379415,7,0
1569456000000,0.438176510845123,1,-1
1569542400000,0.7890517136974686,2,0
1569628800000,0.6298620623745642,6,1
1569715200000,0.4535723763748417,1,-1
1569801600000,0.9236042470426936,2,0
1569888000000,0.3651628689402061,2,0
1569974400000,0.9372670528537456,6,1
1570060800000,0.4923723723723697,7,0
1570147200000,0.581021063277781,7,0
1570233600000,0.6642609869154482,7,0
1570320000000,0.1877355165776561,1,-1
1570406400000,0.7958246579417015,6,1
1570492800000,0.3371005291005305,1,-1
1570579200000,0.8031351351351348,6,1
1570665600000,0.6253704026494705,7,0
1570752000000,0.0813217428102916,1,-1
1570838400000,0.3339333333333343,6,1
1570924800000,0.3947214881422243,1,-1
1571011200000,0.7812752219531904,6,1
1571097600000,0.2213738019169328,7,0
1571184000000,0.2829345850999387,1,-1
1571270400000,0.7225994180407369,6,1
1571356800000,0.4381417438710328,1,-1
1571443200000,0.3507656371658449,2,0
1571529600000,0.8275175644028111,6,1
1571616000000,0.2892600932083605,7,0
1571702400000,0.0671163461861136,7,0
1571788800000,0.2228761754437591,7,0
1571875200000,0.4491520309010794,1,-1
1571961600000,0.8998748261474273,2,0
1572048000000,0.3998799759951993,2,0
1572134400000,0.6322019316163418,6,1
1572220800000,0.0608273817544797,1,-1
1572307200000,0.7021338912133908,6,1
1572393600000,0.3759753442751245,7,0
1572480000000,0.4631097560975617,1,-1
1572566400000,0.8096787148594401,2,0
1572652800000,0.5508985229030072,6,1
1572739200000,0.433728030226359,1,-1
1572825600000,0.6975417253167105,6,1
1572912000000,0.4760199147533915,1,-1
1572998400000,0.4664222105814521,6,1
1573084800000,0.4204379562043822,7,0
1573171200000,0.1375752212389372,1,-1
1573257600000,0.5449329551315125,2,0
1573344000000,0.7287947833530526,6,1
1573430400000,0.2526011815536555,1,-1
1573516800000,0.7938202247191025,6,1
1573603200000,0.5253514231764523,7,0
1573689600000,0.2947562097516101,7,0
1573776000000,0.1839230769230758,1,-1
1573862400000,0.6365034965034996,2,0
1573948800000,0.5336240855374209,6,1
1574035200000,0.2867288961038959,7,0
1574121600000,0.6058526179103131,7,0
1574208000000,0.2638895037407599,7,0
1574294400000,0.2012509255904083,7,0
1574380800000,0.4981562499999995,1,-1
1574467200000,0.8755624456460093,6,1
1574553600000,0.0900743518183167,1,-1
1574640000000,0.689204696936327,2,0
1574726400000,0.4299268262433355,2,0
1574812800000,0.8202699386503073,6,1
1574899200000,0.2102120141342748,1,-1
1574985600000,0.7737953660036913,6,1
1575072000000,0.2734146341463424,7,0
1575158400000,0.5450956757571196,7,0
1575244800000,0.5313590143249438,7,0
1575331200000,0.3237314843996204,7,0
1575417600000,0.1864128843338209,1,-1
1575504000000,0.7134328358208956,2,0
1575590400000,0.7805143318247217,6,1
1575676800000,0.1207680984878909,1,-1
1575763200000,0.7150787776250385,6,1
1575849600000,0.1741114058355446,7,0
1575936000000,0.2675848303393203,7,0
1576022400000,0.5628670581954088,7,0
1576108800000,0.5485794131346057,1,-1
1576195200000,0.572491334855012,6,1
1576281600000,0.2003695576856453,1,-1
1576368000000,0.5743162281844224,6,1
1576454400000,0.1774522292993638,7,0
1576540800000,0.1669762695900151,1,-1
1576627200000,0.838636815920398,6,1
1576713600000,0.3277532266089142,1,-1
1576800000000,0.7710320284697504,6,1
1576886400000,0.3242580042065906,1,-1
1576972800000,0.9568258136188038,6,1
1577059200000,0.1193136844065744,7,0
1577145600000,0.3530610785295393,7,0
1577232000000,0.5301938282835353,7,0
1577318400000,0.1615085648481362,1,-1
1577404800000,0.8941034897713601,2,0
1577491200000,0.6131866392274827,2,0
1577577600000,0.4168850072780198,6,1
1577664000000,0.1381215469613261,7,0
1577750400000,0.2869878278758752,1,-1
1577836800000,0.3218534752661316,6,1
1577923200000,0.1423755907700869,1,-1
1578009600000,0.8875571203835494,2,0
1578096000000,0.6214432050990186,2,0
1578182400000,0.2302259887005649,2,0
1578268800000,0.9167595523652412,2,0
1578355200000,0.8710663884125038,6,1
1578441600000,0.3179145299145292,7,0
1578528000000,0.2214668584128651,1,-1
1578614400000,0.9962428842504752,6,1
1578700800000,0.0595027897450397,1,-1
1578787200000,0.9492827004219392,6,1
1578873600000,0.3886232246092352,1,-1
1578960000000,0.9096273532525893,2,0
1579046400000,0.7302825692237862,6,1
1579132800000,0.4894269749096105,1,-1
1579219200000,0.6523116925327069,2,0
1579305600000,0.6004383561643831,6,1
1579392000000,0.3215640263035838,7,0
1579478400000,0.5363962606884949,1,-1
1579564800000,0.8240199335548195,6,1
1579651200000,0.4050877192982481,7,0
1579737600000,0.2546053655752192,1,-1
1579824000000,0.6930556513343897,6,1
1579910400000,0.436341413729884,1,-1
1579996800000,0.9903534995531198,2,0
1580083200000,0.8012258064516122,2,0
1580169600000,0.9520275297619032,6,1
1580256000000,0.3667038243869007,1,-1
1580342400000,0.8265606595995263,6,1
1580428800000,0.4462071765403941,1,-1
1580515200000,0.5645398572440484,6,1
1580601600000,0.592415203204212,7,0
1580688000000,0.1513552847007449,7,0
1580774400000,0.4047239192186478,1,-1
1580860800000,0.7665673536308032,2,0
1580947200000,0.7306228064957472,2,0
1581033600000,0.540193548387094,2,0
1581120000000,0.8352816153028663,2,0
1581206400000,0.9500438212094654,6,1
1581292800000,0.2218287037037035,1,-1
1581379200000,0.838820378774515,2,0
1581465600000,0.4555790586990973,6,1
1581552000000,0.3562619047619028,1,-1
1581638400000,0.8623191087753096,6,1
1581724800000,0.1806968641114971,1,-1
1581811200000,0.6777459454209969,6,1
1581897600000,0.4952785000684276,1,-1
1581984000000,0.873455095772933,6,1
1582070400000,0.2708777777777787,1,-1
1582156800000,0.6569230769230772,2,0
1582243200000,0.617827569410616,6,1
1582329600000,0.6090512906470021,1,-1
1582416000000,0.8446376811594193,6,1
1582502400000,0.3535163813802175,7,0
1582588800000,0.1549176470588238,7,0
1582675200000,0.2038423791021908,1,-1
1582761600000,0.6629534677949925,6,1
1582848000000,0.5448571428571425,7,0
1582934400000,0.0002251829611608,1,-1
1583020800000,0.3565781710914431,2,0
1583107200000,0.8920149652592192,6,1
1583193600000,0.4059929276009673,7,0
1583280000000,0.4826066174518051,1,-1
1583366400000,0.7463185429180392,2,0
1583452800000,0.7933875338753344,6,1
1583539200000,0.1463456090651554,7,0
1583625600000,0.0375637150976593,7,0
1583712000000,0.5442353371094456,7,0
1583798400000,0.3956150977457903,1,-1
1583884800000,0.8833846153846165,6,1
1583971200000,0.1096685479040653,1,-1
1584057600000,0.8267728856305256,6,1
1584144000000,0.1997471770956118,1,-1
1584230400000,0.3166843783209351,6,1
1584316800000,0.6356005631972276,1,-1
1584403200000,0.6481484549747335,2,0
1584489600000,0.8989456419868789,2,0
1584576000000,0.7929096185521189,2,0
1584662400000,0.4376910569105688,6,1
1584748800000,0.5477083891718031,7,0
1584835200000,0.1219541150980907,1,-1
1584921600000,0.8545065789473688,2,0
1585008000000,0.8087811640349173,6,1
1585094400000,0.4477321048901493,1,-1
1585180800000,0.8420740740740729,6,1
1585267200000,0.168692721676782,7,0
1585353600000,0.6328869047619037,7,0
1585440000000,0.0372020829160817,1,-1
1585526400000,0.7239490583346825,2,0
1585612800000,0.441163355299014,2,0
1585699200000,0.9301285317932176,2,0
1585785600000,0.3757187017001548,6,1
1585872000000,0.296030500112133,1,-1
1585958400000,0.608049353701527,6,1
1586044800000,0.4369323915237112,1,-1
1586131200000,0.957230487680888,6,1
1586217600000,0.3144059160155735,1,-1
1586304000000,0.7825185185185176,6,1
1586390400000,0.6650242571255304,7,0
1586476800000,0.2140093923745441,1,-1
1586563200000,0.6339120998372209,2,0
1586649600000,0.3118136020151132,6,1
1586736000000,0.799628942486085,1,-1
1586822400000,0.5114428750223491,6,1
1586908800000,0.0495121951219505,1,-1
1586995200000,0.8779876130963096,6,1
1587081600000,0.3115793079821886,1,-1
1587168000000,0.840390411942014,6,1
1587254400000,0.3093801947280914,7,0
1587340800000,0.1616844349680169,1,-1
1587427200000,0.4458988764044937,2,0
1587513600000,0.9076777587327864,2,0
1587600000000,0.6439972144846802,2,0
1587686400000,0.513247938234778,2,0
1587772800000,0.3928010805680292,2,0
1587859200000,0.9686363636363652,2,0
1587945600000,0.9064616707880846,6,1
1588032000000,0.6606551952349404,1,-1
1588118400000,0.8597405941231375,6,1
1588204800000,0.206798866855524,1,-1
1588291200000,0.4788833535299117,2,0
1588377600000,0.8523346303501917,6,1
1588464000000,0.3732786885245898,7,0
1588550400000,0.8176635514018671,1,-1
1588636800000,0.7301857326119694,2,0
1588723200000,0.484277501585549,2,0
1588809600000,0.9229445506692158,6,1
1588896000000,0.2870739666424959,7,0
1588982400000,0.0492073557387435,7,0
1589068800000,0.4155285595714181,7,0
1589155200000,0.3734710743801657,1,-1
1589241600000,0.6274139005072539,2,0
1589328000000,0.8535065536106855,2,0
1589414400000,0.784503986866791,6,1
1589500800000,0.2392398148414362,1,-1
1589587200000,0.4382336956521751,2,0
1589673600000,0.6325145785474479,2,0
1589760000000,0.5552010210593501,2,0
1589846400000,0.7124831643864779,6,1
1589932800000,0.3593604651162796,7,0
1590019200000,0.3322330936382567,1,-1
1590105600000,0.7007230058077512,2,0
1590192000000,0.4589026697498401,6,1
1590278400000,0.0340133779264216,1,-1
1590364800000,0.7646168457292118,6,1
1590451200000,0.4444234583057898,1,-1
1590537600000,0.9493551431267688,2,0
1590624000000,0.9038159349719672,6,1
1590710400000,0.3526484051442259,1,-1
1590796800000,0.8965677520365961,6,1
1590883200000,0.2098622053422912,1,-1
1590969600000,0.8129767407886641,6,1
1591056000000,0.2617264976791046,1,-1
1591142400000,0.9268450383324603,2,0
1591228800000,0.7855339063549802,6,1
1591315200000,0.1467031963470314,1,-1
1591401600000,0.6631527335131135,2,0
1591488000000,0.8719327652837917,2,0
1591574400000,0.8922754491017977,6,1
1591660800000,0.6593811074918576,1,-1
1591747200000,0.6266722118250513,6,1
1591833600000,0.1967097532314919,1,-1
1591920000000,0.7166137826930734,2,0
1592006400000,0.8511792945105442,6,1
1592092800000,0.4114581126318931,1,-1
1592179200000,0.8819946967752978,2,0
1592265600000,0.7063128155249877,6,1
1592352000000,0.6959103504978813,7,0
1592438400000,0.5087081339712904,7,0
1592524800000,0.4244303626803261,1,-1
1592611200000,0.83909841553225,6,1
1592697600000,0.0936209597038282,1,-1
1592784000000,0.8124714163568043,6,1
1592870400000,0.3347555431209273,7,0
1592956800000,0.191536796536796,7,0
1593043200000,0.7259846810571876,7,0
1593129600000,0.4623242922193575,7,0
1593216000000,0.4927871379803989,1,-1
1593302400000,0.692722482917595,2,0
1593388800000,0.7869966718229948,6,1
1593475200000,0.5257297837413428,1,-1
1593561600000,0.7168475696083053,6,1
1593648000000,0.4551497080382696,7,0
1593734400000,0.237518565063415,1,-1
1593820800000,0.6363030141370953,6,1
1593907200000,0.6993378533761541,1,-1
1593993600000,0.9034724833897476,6,1
1594080000000,0.3082983788686055,1,-1
1594166400000,0.857991631799161,6,1
1594252800000,0.257950781722996,1,-1
1594339200000,0.8486076475477998,6,1
1594425600000,0.4608774683962683,1,-1
1594512000000,0.7746666666666666,6,1
1594598400000,0.2919610998390911,1,-1
1594684800000,0.8577518914374902,6,1
1594771200000,0.3194444444444499,7,0
1594857600000,0.4833426495248715,1,-1
1594944000000,0.6649144506287356,2,0
1595030400000,0.5008146639511287,2,0
1595116800000,0.8221814848762554,6,1
1595203200000,0.3289880689350476,1,-1
1595289600000,0.8324851717965833,2,0
1595376000000,0.9086925795052998,2,0
1595462400000,0.7284839272142015,6,1
1595548800000,0.4284397326572884,1,-1
1595635200000,0.8522964984083692,2,0
1595721600000,0.6107158351409997,2,0
1595808000000,0.7530538354820147,6,1
1595894400000,0.5039203815542735,1,-1
1595980800000,0.5435552541351133,6,1
1596067200000,0.7923598820059015,1,-1
1596153600000,0.7757438016528908,2,0
1596240000000,0.9066614664586584,6,1
1596326400000,0.3444634134184033,1,-1
1596412800000,0.5285102420856601,6,1
1596499200000,0.46260060725818,1,-1
1596585600000,0.9476400215138162,2,0
1596672000000,0.5924740740740715,6,1
1596758400000,0.4630234377657573,1,-1
1596844800000,0.8418334627198146,6,1
1596931200000,0.5804681253180207,1,-1
1597017600000,0.7174536324613263,6,1
1597104000000,0.3297283950617283,1,-1
1597190400000,0.8862294661190955,2,0
1597276800000,0.9752009184845022,6,1
1597363200000,0.585775802194752,1,-1
1597449600000,0.5746666666666654,2,0
1597536000000,0.9156763796190812,2,0
1597536000000,0.9156763796190812,2,0
1597622400000,0.7323622926871173,6,1
1597708800000,0.2230099677102342,7,0
1597795200000,0.4216912085039648,1,-1
1597881600000,0.8434090909090876,6,1
1597968000000,0.1160916902521752,1,-1
1598054400000,0.925482712894981,6,1
1598140800000,0.6570559968618205,1,-1
1598227200000,0.6801634627413408,6,1
1598313600000,0.3087925439473406,1,-1
1598400000000,0.7362522010023043,6,1
1598486400000,0.4395976027397236,1,-1
1598572800000,0.9407736303431676,6,1
1598659200000,0.2994232421155933,1,-1
1598745600000,0.9699616858237542,6,1
1598832000000,0.3445421848593841,1,-1
1598918400000,0.7594849304842756,6,1
1599004800000,0.2875376036854767,7,0
1599091200000,0.1198894659741649,1,-1
1599177600000,0.759430510278758,6,1
1599264000000,0.4613193281849116,1,-1
1599350400000,0.7418530714204639,2,0
1599436800000,0.9303593093793756,6,1
1599523200000,0.4704931972789109,1,-1
1599609600000,0.6580016022542077,2,0
1599696000000,0.6449141859788631,2,0
1599782400000,0.950860323886635,2,0
1599868800000,0.8224894595630539,6,1
1599955200000,0.3494514745731491,1,-1
1600041600000,0.8544991258416107,2,0
1600128000000,0.5526950179255755,2,0
1600214400000,0.6780999583121043,6,1
1600300800000,0.6479991990121162,7,0
1600387200000,0.5353257249433767,1,-1
1600473600000,0.6609671021133944,6,1
1600560000000,0.551616150318759,7,0
1600646400000,0.1745389958267735,1,-1
1600732800000,0.8038323244276605,6,1
1600819200000,0.2613843579047272,1,-1
1600905600000,0.902500372325462,6,1
1600992000000,0.6384551373048105,1,-1
1601078400000,0.4761148303642344,2,0
1601164800000,0.878783426388481,6,1
1601251200000,0.2164197530864222,1,-1
1601337600000,0.8831959252384801,6,1
1601424000000,0.6050703002008597,7,0
1601510400000,0.3770807453416132,7,0
1601596800000,0.6757500688136527,7,0
1601683200000,0.4257703081232512,1,-1
1601769600000,0.8310614525139576,2,0
1601856000000,0.9682496161438864,6,1
1601942400000,0.2714909090909085,1,-1
1602028800000,0.8859248341930633,2,0
1602115200000,0.9417764961033382,2,0
1602201600000,0.8040922942969086,2,0
1602288000000,0.5510000227019892,2,0
1602374400000,0.6608035714285734,2,0
1602460800000,0.6500793781135378,6,1
1602547200000,0.4691050583657568,7,0
1602633600000,0.5145533248749893,1,-1
1602720000000,0.6938146298873175,6,1
1602806400000,0.3497581708925688,1,-1
1602892800000,0.7136073802740516,2,0
1602979200000,0.9882856782970112,2,0
1603065600000,0.8256856476696385,2,0
1603152000000,0.6441420216746591,2,0
1603238400000,0.6718192270407962,2,0
1603324800000,0.5729503669218032,6,1
1603411200000,0.6598940216507896,1,-1
1603497600000,0.8146463114615978,6,1
1603584000000,0.3048268398268396,1,-1
1603670400000,0.6061290390662941,2,0
1603756800000,0.8009929557328886,6,1
1603843200000,0.3895087907110798,1,-1
1603929600000,0.7407566399867072,2,0
1604016000000,0.8020108832750743,2,0
1604102400000,0.55119825708061,6,1
1604188800000,0.5428082191780822,7,0
1604275200000,0.558028191196159,1,-1
1604361600000,0.9454885292912742,2,0
1604448000000,0.8433378746594008,2,0
1604534400000,0.9034193813238032,6,1
1604620800000,0.5213098236775819,7,0
1604707200000,0.336393954445469,1,-1
1604793600000,0.8151397285756569,6,1
1604880000000,0.5054521199466383,7,0
1604966400000,0.5799401352118478,1,-1
1605052800000,0.5944649872891143,2,0
1605139200000,0.945736950869942,2,0
1605225600000,0.6980953283426525,6,1
1605312000000,0.6095222149500006,7,0
1605398400000,0.4497631267272018,1,-1
1605484800000,0.8361909448818895,2,0
1605571200000,0.8490028921427608,2,0
1605657600000,0.4448941765414093,2,0
1605744000000,0.5534206006041574,2,0
1605830400000,0.8516062426756423,2,0
1605916800000,0.6012596604393563,6,1
1606003200000,0.7054181224432468,7,0
1606089600000,0.4804177545691906,1,-1
1606176000000,0.8151566414698369,6,1
1606262400000,0.2224119356871358,7,0
1606348800000,0.3525703787637105,7,0
1606435200000,0.6879965474625818,1,-1
1606521600000,0.8417230744977456,2,0
1606608000000,0.7923492082320173,2,0
1606694400000,0.9003140325473575,6,1
1606780800000,0.4048164165182734,1,-1
1606867200000,0.8637252964426879,2,0
1606953600000,0.7590311986863728,6,1
1607040000000,0.0886044359408949,1,-1
1607126400000,0.9566617429837516,2,0
1607212800000,0.8923623445825959,6,1
1607299200000,0.5096616026098895,7,0
1607385600000,0.1133590296299007,1,-1
1607472000000,0.9006740301342998,6,1
1607558400000,0.5315846487155705,7,0
1607644800000,0.6443642420877269,1,-1
1607731200000,0.8491637570584925,2,0
1607817600000,0.6627850488655226,2,0
1607904000000,0.7826361031518608,2,0
1607990400000,0.7239038461538467,2,0
1608076800000,0.9016042780748664,2,0
1608163200000,0.6097898832684824,2,0
1608249600000,0.8098868666994581,2,0
1608336000000,0.7538745101901551,6,1
1608422400000,0.3202591093117412,7,0
1608508800000,0.3954549626929275,1,-1
1608595200000,0.9822673047111964,6,1
1608681600000,0.4218399999999989,1,-1
1608768000000,0.940211363782184,2,0
1608854400000,0.9429386695766304,2,0
1608940800000,0.8421481772516616,6,1
1609027200000,0.2136884643644378,1,-1
1609113600000,0.6993638313080771,2,0
1609200000000,0.9836601307189542,2,0
1609286400000,0.9281264916467784,2,0
1609372800000,0.7404344827586213,2,0
1609459200000,0.724931568641521,2,0
1609545600000,0.7423503550041696,2,0
1609632000000,0.3683892693739526,6,1
1609718400000,0.7054314442413161,1,-1
1609804800000,0.9079663677130042,2,0
1609891200000,0.9534811747338556,2,0
1609977600000,0.7705485854858546,2,0
1610064000000,0.749139449541284,6,1
1610150400000,0.514368421052632,7,0
1610236800000,0.4870914537682178,7,0
1610323200000,0.6353900830365318,7,0
1610409600000,0.3710617525018301,1,-1
1610496000000,0.912500914076782,2,0
1610582400000,0.7188688849201326,6,1
1610668800000,0.437139496906228,7,0
1610755200000,0.2458066507213953,7,0
1610841600000,0.6589875104079935,1,-1
1610928000000,0.685912586194625,6,1
1611014400000,0.023644775018196,7,0
1611100800000,0.6859095748032557,7,0
1611187200000,0.1409169831795986,1,-1
1611273600000,0.8228966770018465,6,1
1611360000000,0.332958990047632,1,-1
1611446400000,0.6263933671119306,6,1
1611532800000,0.1160876897133223,1,-1
1611619200000,0.7821502415435775,6,1
1611705600000,0.3391362571141615,1,-1
1611792000000,0.8936750991912483,2,0
1611878400000,0.3531776619058408,2,0
1611964800000,0.6821062618595813,6,1
1612051200000,0.4243673480668088,1,-1
1612137600000,0.508118177199716,2,0
1612224000000,0.798120272918914,2,0
1612310400000,0.9809759808716466,6,1
1612396800000,0.3042469131923743,1,-1
1612483200000,0.98857550054019,2,0
1612569600000,0.3544351850837905,6,1
1612656000000,0.6150234142188175,1,-1
1612742400000,0.9523505603277936,2,0
1612828800000,0.4587501178837506,6,1
1612915200000,0.3015852637454652,1,-1
1613001600000,0.8485788323286831,6,1
1613088000000,0.4063898210290818,7,0
1613174400000,0.4884080370942828,1,-1
1613260800000,0.5805677877367953,6,1
1613347200000,0.6802969655216516,1,-1
1613433600000,0.5778850432498713,2,0
1613520000000,0.8640889605473157,6,1
1613606400000,0.3996683250414579,1,-1
1613692800000,0.918342818763477,6,1
1613779200000,0.5153771767717189,1,-1
1613865600000,0.6715961616716688,6,1
1613952000000,0.653991768548329,7,0
1614038400000,0.430354869158748,1,-1
1614124800000,0.6127054693021448,6,1
1614211200000,0.0744104676574659,7,0
1614297600000,0.5026463114934469,7,0
1614384000000,0.3259958750736594,7,0
1614470400000,0.586968112882924,1,-1
1614556800000,0.9580594569240016,6,1
1614643200000,0.4419014084507049,1,-1
1614729600000,0.4953770303285322,6,1
1614816000000,0.2045190786826015,1,-1
1614902400000,0.7785851066870331,2,0
1614988800000,0.8507981220657264,2,0
1615075200000,0.8137415638885758,2,0
1615161600000,0.991173584049154,2,0
1615248000000,0.99661899993238,2,0
1615334400000,0.6495074942558098,2,0
1615420800000,0.9028056474035262,6,1
1615507200000,0.7243087598238995,1,-1
1615593600000,0.8862927241287806,6,1
1615680000000,0.0005547478072954,7,0
1615766400000,0.1666050654437023,1,-1
1615852800000,0.9897626092529213,5,0
1615939200000,0.987268709390151,6,1
1616025600000,0.2012121134095286,1,-1
1616112000000,0.550243020586378,2,0
1616198400000,0.1369579042930729,6,1
1616284800000,0.6057521686912027,7,0
1616371200000,0.0906242352109405,1,-1
1616457600000,0.473662086262319,6,1
1616544000000,0.1097545454545457,8,0
1616630400000,0.3029334415130237,9,-1
1616716800000,0.9875947818785852,5,0
1616803200000,0.6788711295975796,6,1
1616889600000,0.58128603626513,1,-1
1616976000000,0.7863586822378331,2,0
1617062400000,0.7294189362767509,6,1
1617148800000,0.6504618937644352,7,0
1617235200000,0.5049628509858183,1,-1
1617321600000,0.294361052934636,6,1
1617408000000,0.0590510076518354,1,-1
1617494400000,0.8618238829370279,2,0
1617580800000,0.9430645930808298,6,1
1617667200000,0.2776507765750037,7,0
1617753600000,0.1509899434318029,1,-1
1617840000000,0.9691070431376382,2,0
1617926400000,0.3936981223305668,2,0
1618012800000,0.5192014422262274,2,0
1618099200000,0.5250054552397591,6,1
1618185600000,0.2613149619628516,1,-1
1618272000000,0.9489581183199004,6,1
1618358400000,0.4667970728961437,1,-1
1618444800000,0.6404382022471928,6,1
1618531200000,0.3791388424165138,7,0
1618617600000,0.145548589127358,7,0
1618704000000,0.5454508398047598,7,0
1618790400000,0.4270686154972572,1,-1
1618876800000,0.8261635542458123,6,1
1618963200000,0.0780939138207698,7,0
1619049600000,0.2371731043437389,7,0
1619136000000,0.7826548787201659,7,0
1619222400000,0.5542669026097199,7,0
1619308800000,0.5873619743204188,1,-1
1619395200000,0.936602072394604,2,0
1619481600000,0.7998078641644331,6,1
1619568000000,0.3950757981367881,7,0
1619654400000,0.4272609864218647,1,-1
1619740800000,0.945711001436366,2,0
1619827200000,0.562096768824115,6,1
1619913600000,0.2894597951774471,1,-1
1620000000000,0.2883987056439573,6,1
1620086400000,0.03691513515726,1,-1
1620172800000,0.8774212641832793,6,1
1620259200000,0.377746835443038,1,-1
1620345600000,0.6082438232938329,2,0
1620432000000,0.7546346153846165,6,1
1620518400000,0.654359503188287,7,0
1620604800000,0.3960885245901638,1,-1
1620691200000,0.9228022451984595,6,1
1620777600000,0.1097147768991734,1,-1
1620864000000,0.6839649798125276,2,0
1620950400000,0.3882232367464817,6,1
1621036800000,0.050178528347406,7,0
1621123200000,0.4364977807553807,7,0
1621209600000,0.3280768409818572,7,0
1621296000000,0.1689812271255783,7,0
1621382400000,0.4924651635271511,1,-1
1621468800000,0.746762224616433,6,1
1621555200000,0.4320488980716255,1,-1
1621641600000,0.6198661661678221,6,1
1621728000000,0.4950311678117446,1,-1
1621814400000,0.8091849210392258,6,1
1621900800000,0.564951143928948,1,-1
1621987200000,0.4740804325518991,6,1
1622073600000,0.4259277908491961,7,0
1622160000000,0.2335550081906032,7,0
1622246400000,0.262395367287132,1,-1
1622332800000,0.7276519781280144,2,0
1622419200000,0.9267030575518056,6,1
1622505600000,0.4608243861073836,1,-1
1622592000000,0.7152624728850326,2,0
1622678400000,0.900602775368604,6,1
1622764800000,0.3411562111668164,7,0
1622851200000,0.228223999999999,1,-1
1622937600000,0.4565262321144656,6,1
1623024000000,0.0702194444444446,7,0
1623110400000,0.7760111603286808,1,-1
1623196800000,0.971440082367161,6,1
1623283200000,0.3299077150239945,1,-1
1623369600000,0.8001754959481098,6,1
1623456000000,0.3303041627230408,1,-1
1623542400000,0.9222517845554834,2,0
1623628800000,0.7653177952486017,6,1
1623715200000,0.3496600131607808,7,0
1623801600000,0.0966351876506037,7,0
1623888000000,0.3316673348884686,7,0
1623974400000,0.2246750500235872,7,0
1624060800000,0.4113747973970069,1,-1
1624147200000,0.8081321473951725,6,1
1624233600000,0.0795106217921789,1,-1
1624320000000,0.8243750250346039,2,0
1624406400000,0.6238492808005002,2,0
1624492800000,0.7891666085547386,6,1
1624579200000,0.073242603550296,1,-1
1624665600000,0.8269290422644442,2,0
1624752000000,0.9824683396083648,6,1
1624838400000,0.4405396553286079,1,-1
1624924800000,0.7101496270903798,6,1
1625011200000,0.4933851953228161,7,0
1625097600000,0.3382341033934646,1,-1
1625184000000,0.850951456918408,2,0
1625270400000,0.8302637395019868,2,0
1625356800000,0.5769913702117107,6,1
1625443200000,0.2603921170724497,1,-1
1625529600000,0.4335614539221637,6,1
1625616000000,0.0658305497455794,7,0
1625702400000,0.4311199153640207,1,-1
1625788800000,0.8454590441180456,6,1
1625875200000,0.3961836432764379,1,-1
1625961600000,0.7006244805190012,6,1
1626048000000,0.2120153062487301,7,0
1626134400000,0.4636519446275547,1,-1
1626220800000,0.812017672295287,6,1
1626307200000,0.3639907418686807,7,0
1626393600000,0.2960266193722635,1,-1
1626480000000,0.4494132211568825,2,0
1626566400000,0.5049584096890725,6,1
1626652800000,0.2897704416852171,7,0
1626739200000,0.2870195566560407,1,-1
1626825600000,0.7886199816910041,2,0
1626912000000,0.6563989358691376,2,0
1626998400000,0.9907804459691232,2,0
1627084800000,0.7798991682288914,2,0
1627171200000,0.9890230657840277,2,0
1627257600000,0.3801901867812327,2,0
1627344000000,0.97318023426942,2,0
1627430400000,0.5862593984962395,6,1
1627516800000,0.5670000000000022,1,-1
1627603200000,0.9724389780890632,6,1
1627689600000,0.3188728114100222,7,0
1627776000000,0.1332802432491133,7,0
1627862400000,0.2557639342796963,7,0
1627948800000,0.2642787316940854,1,-1
1628035200000,0.8998496607208148,2,0
1628121600000,0.8786398825081521,2,0
1628208000000,0.8429987254738502,2,0
1628294400000,0.9434413535736316,6,1
1628380800000,0.2603074670571023,1,-1
1628467200000,0.945376379195407,6,1
1628553600000,0.471694447866422,7,0
1628640000000,0.1211269815236074,7,0
1628726400000,0.2569318497459272,1,-1
1628812800000,0.9765578788696536,6,1
1628899200000,0.5050598949824446,7,0
1628985600000,0.7871834724692498,7,0
1629072000000,0.1007966313397362,7,0
1629072000000,0.1007966313397362,7,0
1629158400000,0.1149245689655162,1,-1
1629244800000,0.2794035798566285,2,0
1629331200000,0.9122854474607938,2,0
1629417600000,0.9780724637681172,6,1
1629504000000,0.3907846049614357,1,-1
1629590400000,0.8201517241379318,2,0
1629676800000,0.3126104690686598,6,1
1629763200000,0.0327477876106203,1,-1
1629849600000,0.863902115041018,6,1
1629936000000,0.1913956246535442,1,-1
1630022400000,0.9714375448351676,6,1
1630108800000,0.5760513380666299,7,0
1630195200000,0.5376658661945859,7,0
1630281600000,0.06381870790574,1,-1
1630368000000,0.2592894425364296,2,0
1630454400000,0.8693343419062015,2,0
1630540800000,0.3550670660800515,2,0
1630627200000,0.6269846002474697,6,1
1630713600000,0.4680832811467871,1,-1
1630800000000,0.9415836734693868,2,0
1630886400000,0.9358800885859938,6,1
1630972800000,0.3989977126015314,7,0
1631059200000,0.5586571388576872,1,-1
1631145600000,0.4674676319234285,6,1
1631232000000,0.2477393465737708,1,-1
1631318400000,0.3566930813535497,2,0
1631404800000,0.746929462030105,6,1
1631491200000,0.4475014245014254,1,-1
1631577600000,0.9478528069409076,2,0
1631664000000,0.7917180141719135,6,1
1631750400000,0.4666449638648353,7,0
1631836800000,0.4139571440390533,1,-1
1631923200000,0.695481401163949,6,1
1632009600000,0.2672691348427424,7,0
1632096000000,0.1063737170560632,7,0
1632182400000,0.2808566476850699,1,-1
1632268800000,0.8669814506456753,5,0
1632355200000,0.9409401176587698,6,1
1632441600000,0.4719491712707181,7,0
1632528000000,0.7757012176652347,1,-1
1632614400000,0.7534062500000005,6,1
1632700800000,0.0219138543516867,7,0
1632787200000,0.072939590813845,1,-1
1632873600000,0.4195804195804197,2,0
1632960000000,0.883834944346806,2,0
1633046400000,0.932196463141576,6,1
1633132800000,0.2258580554053927,1,-1
1633219200000,0.5196114163956493,2,0
1633305600000,0.8823569441083958,2,0
1633392000000,0.8553336359509743,2,0
1633478400000,0.9189580426224804,6,1
1633564800000,0.2167862259594705,1,-1
1633651200000,0.1344752436160312,2,0
1633737600000,0.7048808917929448,6,1
1633824000000,0.2333444833575814,1,-1
1633910400000,0.8926132746102483,6,1
1633996800000,0.5572033675348593,1,-1
1634083200000,0.886420614935412,6,1
1634169600000,0.3090656696743638,1,-1
1634256000000,0.7927700147953309,6,1
1634342400000,0.3255984060455391,1,-1
1634428800000,0.9310224686886438,2,0
1634515200000,0.7594315635159726,2,0
1634601600000,0.935074499491114,2,0
1634688000000,0.7161967828113462,6,1
1634774400000,0.0416294878592337,7,0
1634860800000,0.1843912345708785,1,-1
1634947200000,0.7891136541462098,6,1
1635033600000,0.6743793261183199,1,-1
1635120000000,0.7935555751593629,6,1
1635206400000,0.1470858158823666,7,0
1635292800000,0.118260869565218,1,-1
1635379200000,0.5889912374438981,2,0
1635465600000,0.7410906213126383,6,1
1635552000000,0.7034484803558205,7,0
1635638400000,0.5505987950925637,7,0
1635724800000,0.4966169206723957,1,-1
1635811200000,0.7119567006463076,6,1
1635897600000,0.8063928346870959,7,0
1635984000000,0.2980118706678293,7,0
1636070400000,0.115281215328157,1,-1
1636156800000,0.9404961303947742,2,0
1636243200000,0.9935016322310882,2,0
1636329600000,0.9417174925034664,6,1
1636416000000,0.3150770032799737,7,0
1636502400000,0.333413737838144,7,0
1636588800000,0.4494856906677681,7,0
1636675200000,0.5812809279162874,1,-1
1636761600000,0.6219004988474061,2,0
1636848000000,0.9840900802334082,6,1
1636934400000,0.0688715512589021,7,0
1637020800000,0.2944139085191273,1,-1
1637107200000,0.7992242312228693,6,1
1637193600000,0.0927108184835198,1,-1
1637280000000,0.901558823529411,2,0
1637366400000,0.9448274478330666,6,1
1637452800000,0.0877254375903178,7,0
1637539200000,0.1661919666145019,1,-1
1637625600000,0.825948109721907,6,1
1637712000000,0.685611169652266,1,-1
1637798400000,0.817191212639126,6,1
1637884800000,0.0400938053097343,1,-1
1637971200000,0.6652874251496999,2,0
1638057600000,0.9593712172399538,2,0
1638144000000,0.5045150729777658,6,1
1638230400000,0.3256185179800318,1,-1
1638316800000,0.2797336970341422,6,1
1638403200000,0.4397383739124978,7,0
1638489600000,0.3245016891891897,7,0
1638576000000,0.6031107700610517,1,-1
1638662400000,0.8464784160986689,2,0
1638748800000,0.8815149125190241,2,0
1638835200000,0.289577610342772,6,1
1638921600000,0.7196884615384624,7,0
1639008000000,0.06486646577107,7,0
1639094400000,0.0881576535288728,1,-1
1639180800000,0.9649981168021468,2,0
1639267200000,0.6619448340345963,6,1
1639353600000,0.2280163463369062,1,-1
1639440000000,0.8518384839093747,2,0
1639526400000,0.784957670165934,6,1
1639612800000,0.0630404636886292,7,0
1639699200000,0.2658309579678409,1,-1
1639785600000,0.7051897884663154,6,1
1639872000000,0.144905181976652,1,-1
1639958400000,0.684942791299428,2,0
1640044800000,0.8373151139698247,6,1
1640131200000,0.1440663282102833,1,-1
1640217600000,0.8447886573765835,6,1
1640304000000,0.3055409415181294,7,0
1640390400000,0.2538095097198005,1,-1
1640476800000,0.7299197002141317,6,1
1640563200000,0.1540207443563162,7,0
1640649600000,0.0680410729451719,7,0
1640736000000,0.1800459333330092,1,-1
1640822400000,0.6104350000000013,6,1
1640908800000,0.1877634778730846,1,-1
1640995200000,0.867156093594312,6,1
1641081600000,0.4731886227544912,7,0
1641168000000,0.4002668089647804,7,0
1641254400000,0.1613625980539877,7,0
1641340800000,0.2081247264770235,7,0
1641427200000,0.4704205222964853,7,0
1641513600000,0.3771861678424825,1,-1
1641600000000,0.6552195664257909,2,0
1641686400000,0.4188620263695299,6,1
1641772800000,0.8360554165864914,1,-1
1641859200000,0.7975446050669831,2,0
1641945600000,0.7759935897435916,6,1
1642032000000,0.1137117480971132,1,-1
1642118400000,0.7743131939889604,2,0
1642204800000,0.4251325301204826,6,1
1642291200000,0.548437657437784,7,0
1642377600000,0.4042157773756563,1,-1
1642464000000,0.764829979181126,6,1
1642550400000,0.3670709644720109,7,0
1642636800000,0.0432294719296422,7,0
1642723200000,0.177551218736472,7,0
1642809600000,0.3761362752102765,1,-1
1642896000000,0.8659371229563921,2,0
1642982400000,0.8079683476406427,2,0
1643068800000,0.6817920548331472,6,1
1643155200000,0.214016794831213,1,-1
1643241600000,0.9569483519155276,2,0
1643328000000,0.8463731510739881,2,0
1643414400000,0.6186049714246347,6,1
1643500800000,0.5261157369272473,1,-1
1643587200000,0.8687594428315003,2,0
1643673600000,0.5489962061334162,6,1
1643760000000,0.1363658400067005,1,-1
1643846400000,0.9336939313984174,2,0
1643932800000,0.9582602832097096,6,1
1644019200000,0.5039601001232809,1,-1
1644105600000,0.8212791664501397,2,0
1644192000000,0.7686196206189895,2,0
1644278400000,0.487257607926397,2,0
1644364800000,0.7464249173150603,6,1
1644451200000,0.1214322683500884,7,0
1644537600000,0.219642794059017,7,0
1644624000000,0.3804014065769734,7,0
1644710400000,0.2063595505618016,1,-1
1644796800000,0.762772479564034,2,0
1644883200000,0.9111415136144416,6,1
1644969600000,0.4558114837848034,7,0
1645056000000,0.1081486007576678,7,0
1645142400000,0.3473388613664683,1,-1
1645228800000,0.5465608662717766,6,1
1645315200000,0.1820281918096954,7,0
1645401600000,0.0772579657431304,1,-1
1645488000000,0.9044396344396352,6,1
1645574400000,0.0963427528308201,1,-1
1645660800000,0.7254361749916677,2,0
1645747200000,0.7218001869203662,6,1
1645833600000,0.3061731454933626,7,0
1645920000000,0.2447981230521415,1,-1
1646006400000,0.8426959990672513,2,0
1646092800000,0.7532514889996336,6,1
1646179200000,0.2705296939363311,7,0
1646265600000,0.2740254932035754,7,0
1646352000000,0.1505191964397966,1,-1
1646438400000,0.8214407166258876,6,1
1646524800000,0.2069644303245482,7,0
1646611200000,0.3481611823269539,1,-1
1646697600000,0.5774643174989768,2,0
1646784000000,0.8343284378087219,6,1
1646870400000,0.2520843452670071,7,0
1646956800000,0.2513936780181453,1,-1
1647043200000,0.1777315145426637,6,1
1647129600000,0.1148317345176666,1,-1
1647216000000,0.8847256826580607,6,1
1647302400000,0.6606009120987217,1,-1
1647388800000,0.7909687422132393,6,1
1647475200000,0.4269426452258858,1,-1
1647561600000,0.7408606471291994,2,0
1647648000000,0.7792075140722288,6,1
1647734400000,0.2534614440610427,7,0
1647820800000,0.4964414464637439,1,-1
1647907200000,0.5989241558002634,2,0
1647993600000,0.8876413310422229,2,0
1648080000000,0.8618249489590044,2,0
1648166400000,0.48454928257455,2,0
1648252800000,0.6092757482455377,2,0
1648339200000,0.9335645615586964,2,0
1648425600000,0.3005018738370428,2,0
1648512000000,0.4224350133552166,6,1
1648598400000,0.4961507810009549,7,0
1648684800000,0.1293083333333319,1,-1
1648771200000,0.8267522191667761,6,1
1648857600000,0.1198995605775266,1,-1
1648944000000,0.4580987774345461,2,0
1649030400000,0.8250136796204697,6,1
1649116800000,0.0778576419545144,7,0
1649203200000,0.0207322286202826,1,-1
1649289600000,0.6107835452097783,6,1
1649376000000,0.0777416446648219,1,-1
1649462400000,0.9317588803890188,6,1
1649548800000,0.1885819879400881,8,0
1649635200000,0.1027930979777327,9,-1
1649721600000,0.5679361936345975,5,0
1649808000000,0.7903861068446918,6,1
1649894400000,0.2004250382431729,1,-1
1649980800000,0.7115294032392484,6,1
1650067200000,0.5393702981331827,7,0
1650153600000,0.1257265364459308,1,-1
1650240000000,0.8776848485788011,2,0
1650326400000,0.7755929352396975,6,1
1650412800000,0.390275562001452,7,0
1650499200000,0.2260496124031014,7,0
1650585600000,0.3289000407895882,7,0
1650672000000,0.2253237410071921,1,-1
1650758400000,0.5151626120865378,2,0
1650844800000,0.921390728476822,6,1
1650931200000,0.1325955961939225,1,-1
1651017600000,0.8500072172259497,2,0
1651104000000,0.5771459227467819,6,1
1651190400000,0.2405999142979577,7,0
1651276800000,0.0432146436845871,1,-1
1651363200000,0.8396346479179269,2,0
1651449600000,0.4242293829684266,6,1
1651536000000,0.1862469238164913,1,-1
1651622400000,0.8581976998602254,6,1
1651708800000,0.2295647005693078,7,0
1651795200000,0.533122182798049,7,0
1651881600000,0.5049511496363754,7,0
1651968000000,0.1802229665550187,7,0
1652054400000,0.0102094626373573,1,-1
1652140800000,0.4393581894358708,6,1
1652227200000,0.3012936341685719,7,0
1652313600000,0.6575642111205193,1,-1
1652400000000,0.2296092979371277,2,0
1652486400000,0.8502687842546716,2,0
1652572800000,0.933782828282828,6,1
1652659200000,0.3510344089282994,1,-1
1652745600000,0.7433164672381712,6,1
1652832000000,0.0296032147583086,1,-1
1652918400000,0.878115222785629,6,1
1653004800000,0.230060615533401,1,-1
1653091200000,0.7021864861052355,2,0
1653177600000,0.8426043086107303,6,1
1653264000000,0.1345778644909558,1,-1
1653350400000,0.8374657988205915,6,1
1653436800000,0.2667369530838183,7,0
1653523200000,0.6329616299248015,7,0
1653609600000,0.3111880584161598,1,-1
1653696000000,0.7124142156862766,2,0
1653782400000,0.8401218322935726,2,0
1653868800000,0.833088099425811,2,0
1653955200000,0.5012802442055411,6,1
1654041600000,0.1882310391242264,1,-1
1654128000000,0.7840193704600477,6,1
1654214400000,0.2949584933363443,1,-1
1654300800000,0.752242597443836,2,0
1654387200000,0.5897229234465766,2,0
1654473600000,0.7906911022123158,6,1
1654560000000,0.8041583707353301,7,0
1654646400000,0.2432955357504007,7,0
1654732800000,0.2193808704855158,7,0
1654819200000,0.1578027139874746,7,0
1654905600000,0.2422449679951056,7,0
1654992000000,0.0073200467515712,7,0
1655078400000,0.1130044446054078,7,0
1655164800000,0.5127022345125709,1,-1
1655251200000,0.9195500636070798,6,1
1655337600000,0.0612614112087654,1,-1
1655424000000,0.1985662826139433,6,1
1655510400000,0.4254777512097564,1,-1
1655596800000,0.9152699664511788,6,1
1655683200000,0.6447896377764165,1,-1
1655769600000,0.2728939327804447,6,1
1655856000000,0.1925470787700669,1,-1
1655942400000,0.9085060278644465,2,0
1656028800000,0.6096824836617195,2,0
1656115200000,0.8258038085551207,6,1
1656201600000,0.0794350515017276,7,0
1656288000000,0.2258192940719538,7,0
1656374400000,0.0784880555198076,7,0
1656460800000,0.4643135489010871,7,0
1656547200000,0.8474837097895779,7,0
1656633600000,0.1568425656726783,7,0
1656720000000,0.5624209796484406,1,-1
1656806400000,0.6171376481312684,2,0
1656892800000,0.90967890967891,6,1
1656979200000,0.6028154399557285,1,-1
1657065600000,0.8788691094893677,2,0
1657152000000,0.865659787445948,6,1
1657238400000,0.3030318882603085,7,0
1657324800000,0.4099683832917893,7,0
1657411200000,0.2177819765916137,7,0
1657497600000,0.0889806191794623,7,0
1657584000000,0.1083083156378904,1,-1
1657670400000,0.9094987188030244,2,0
1657756800000,0.7576503391929468,2,0
1657843200000,0.5475657629232863,2,0
1657929600000,0.6457449587059696,6,1
1658016000000,0.0515232255786345,1,-1
1658102400000,0.8287746007800796,2,0
1658188800000,0.8183349396071079,6,1
1658275200000,0.2313742658056983,7,0
1658361600000,0.7361505843041456,7,0
1658448000000,0.1471002554735823,7,0
1658534400000,0.4844306884261861,1,-1
1658620800000,0.4257877991788666,6,1
1658707200000,0.0430084745762722,7,0
1658793600000,0.8547526975612775,1,-1
1658880000000,0.9226220955509395,2,0
1658966400000,0.7794311290252778,6,1
1659052800000,0.3497078638577533,7,0
1659139200000,0.1211752090928573,7,0
1659225600000,0.0682266849955023,7,0
1659312000000,0.6336557118602932,7,0
1659398400000,0.4139189591816488,7,0
1659484800000,0.1419096496492332,7,0
1659571200000,0.270830296846912,1,-1
1659657600000,0.8188980821979632,6,1
1659744000000,0.1004630878518089,1,-1
1659830400000,0.5916430442427066,2,0
1659916800000,0.6011918404767362,6,1
1660003200000,0.2667446758717535,1,-1
1660089600000,0.8258193440123995,6,1
1660176000000,0.0771373111654977,1,-1
1660262400000,0.939530623926732,2,0
1660348800000,0.2516170112939444,6,1
1660435200000,0.1784496879011923,7,0
1660521600000,0.2236283985814608,7,0
1660608000000,0.3184618321273019,7,0
1660608000000,0.3184618321273019,7,0
1660694400000,0.1281360804226443,7,0
1660780800000,0.1639397905759162,7,0
1660867200000,0.0209558368727061,1,-1
1660953600000,0.6090184394878815,2,0
1661040000000,0.6108990408953473,6,1
1661126400000,0.7739207021699882,1,-1
1661212800000,0.8040214915757552,6,1
1661299200000,0.295470198675499,1,-1
1661385600000,0.4882781080179695,6,1
1661472000000,0.0748508884853856,7,0
1661558400000,0.3940755974988779,7,0
1661644800000,0.0546853404588601,1,-1
1661731200000,0.8324819047834807,6,1
1661817600000,0.2621568154402893,1,-1
1661904000000,0.364245874635149,2,0
1661990400000,0.8803348321949247,6,1
1662076800000,0.2865577211831427,7,0
1662163200000,0.4443838198457396,1,-1
1662249600000,0.9351534306143944,6,1
1662336000000,0.384965992820704,7,0
1662422400000,0.0921926964566916,1,-1
1662508800000,0.8203904373275698,2,0
1662595200000,0.6896806722689085,2,0
1662681600000,0.8971532919534844,2,0
1662768000000,0.7678048222733581,2,0
1662854400000,0.9350392156862724,2,0
1662940800000,0.902832046677692,6,1
1663027200000,0.1066927526369512,1,-1
1663113600000,0.6592882038404084,6,1
1663200000000,0.2458835389563638,1,-1
1663286400000,0.8478920682818988,2,0
1663372800000,0.8290392815023103,6,1
1663459200000,0.1030653497773928,1,-1
1663545600000,0.8973748658539938,6,1
1663632000000,0.1767867786507732,7,0
1663718400000,0.1832657566583977,1,-1
1663804800000,0.8755717133810271,6,1
1663891200000,0.783094839868674,7,0
1663977600000,0.2254502740798747,7,0
1664064000000,0.3233698118001503,1,-1
1664150400000,0.857201052895463,6,1
1664236800000,0.1674439644736682,1,-1
1664323200000,0.7139802232467848,2,0
1664409600000,0.932698657960646,6,1
1664496000000,0.2595567382774563,7,0
1664582400000,0.4668494670035173,7,0
1664668800000,0.2869248885524442,1,-1
1664755200000,0.8814621684970149,2,0
1664841600000,0.8606460788297439,6,1
1664928000000,0.6737885462555057,7,0
1665014400000,0.1783797216699776,7,0
1665100800000,0.2805614166288296,7,0
1665187200000,0.4633558835588329,1,-1
1665273600000,0.508265829062655,6,1
1665360000000,0.2211391778107954,7,0
1665446400000,0.4900879707907568,1,-1
1665532800000,0.6961421282531205,2,0
1665619200000,0.8952552897362877,6,1
1665705600000,0.120884855360183,7,0
1665792000000,0.3731089108910856,1,-1
1665878400000,0.5502347417840342,2,0
1665964800000,0.7578724782351962,6,1
1666051200000,0.3840431406945371,7,0
1666137600000,0.1971515007308211,7,0
1666224000000,0.3169130454200311,1,-1
1666310400000,0.8572833333333316,2,0
1666396800000,0.6350845578042564,2,0
1666483200000,0.8006049064635398,6,1
1666569600000,0.3888776314308242,1,-1
1666656000000,0.7151509496382132,2,0
1666742400000,0.7437989253189494,6,1
1666828800000,0.1414885229318229,1,-1
1666915200000,0.7890946913629637,2,0
1667001600000,0.4814779939358539,6,1
1667088000000,0.2702481920184517,7,0
1667174400000,0.4157935424445316,7,0
1667260800000,0.4140172236364568,7,0
1667347200000,0.1380392574073081,1,-1
1667433600000,0.4876822801590781,2,0
1667520000000,0.8630529217101225,2,0
1667606400000,0.5467999999999938,6,1
1667692800000,0.0405935634678815,7,0
1667779200000,0.3011330452050013,7,0
1667865600000,0.3906000198073027,7,0
1667952000000,0.1116122623143183,1,-1
1668038400000,0.7554545677658979,6,1
1668124800000,0.5315059247037657,7,0
1668211200000,0.3704865596358546,7,0
1668297600000,0.139049746304876,1,-1
1668384000000,0.5849984361247896,2,0
1668470400000,0.6142807717020612,6,1
1668556800000,0.4458583734760146,1,-1
1668643200000,0.8282489860694793,2,0
1668729600000,0.332093083275981,2,0
1668816000000,0.5472701576911667,6,1
1668902400000,0.1748207838417652,7,0
1668988800000,0.362147093712931,1,-1
1669075200000,0.8739063820038098,2,0
1669161600000,0.8114877244411881,6,1
1669248000000,0.3973715381578226,7,0
1669334400000,0.5548748414245479,7,0
1669420800000,0.2320893403577379,7,0
1669507200000,0.1395979899497429,7,0
1669593600000,0.4425646135388479,1,-1
1669680000000,0.7633660939136625,2,0
1669766400000,0.8959912270013397,6,1
1669852800000,0.2609010853109877,1,-1
1669939200000,0.9591355228388136,6,1
1670025600000,0.0801235465116257,1,-1
1670112000000,0.7007301518839171,6,1
1670198400000,0.1782862270076241,1,-1
1670284800000,0.910037878787882,6,1
1670371200000,0.3405628210108303,1,-1
1670457600000,0.8675531820834261,6,1
1670544000000,0.233109115610199,7,0
1670630400000,0.2614942528735727,7,0
1670716800000,0.0702535126756295,1,-1
1670803200000,0.9133607177602486,2,0
1670889600000,0.7550714239123354,2,0
1670976000000,0.1956094139007749,6,1
1671062400000,0.1395280592428951,7,0
1671148800000,0.1043398612120541,1,-1
1671235200000,0.9064386781582746,6,1
1671321600000,0.3753434237474394,7,0
1671408000000,0.3262162983079937,1,-1
1671494400000,0.7504630535937489,6,1
1671580800000,0.5033168316831597,7,0
1671667200000,0.8474422522434968,7,0
1671753600000,0.2114637739386604,1,-1
1671840000000,0.6372496519224412,6,1
1671926400000,0.8112587616822524,1,-1
1672012800000,0.8363079729025472,6,1
1672099200000,0.299610997213901,7,0
1672185600000,0.2562996310886023,1,-1
1672272000000,0.8237037037037112,6,1
1672358400000,0.7970959779294343,7,0
1672444800000,0.4158768453099052,1,-1
1672531200000,0.9127839367392832,2,0
1672617600000,0.4956292659561682,2,0
1672704000000,0.4037661737523128,2,0
1672790400000,0.5828247987972089,6,1
1672876800000,0.6217473584608005,1,-1
1672963200000,0.750414364640888,6,1
1673049600000,0.4812609930997129,1,-1
1673136000000,0.8151810218429281,2,0
1673222400000,0.250220983205272,2,0
1673308800000,0.8345715419951223,2,0
1673395200000,0.9170952659263568,2,0
1673481600000,0.7792471775279786,2,0
1673568000000,0.9455703487106094,2,0
1673654400000,0.7787656483813267,6,1
1673740800000,0.6413263162107529,1,-1
1673827200000,0.6656503240316752,6,1
1673913600000,0.3640806807750517,7,0
1674000000000,0.2175001005752906,1,-1
1674086400000,0.7740094968187542,2,0
1674172800000,0.9531734093368164,2,0
1674259200000,0.3806590861233939,6,1
1674345600000,0.5284101025001933,1,-1
1674432000000,0.6124264705882364,6,1
1674518400000,0.2430534700473337,1,-1
1674604800000,0.5016977313035272,6,1
1674691200000,0.3691439670721038,1,-1
1674777600000,0.5587698938992036,6,1
1674864000000,0.4641592065434373,1,-1
1674950400000,0.7801728479622867,6,1
1675036800000,0.2507862300174561,1,-1
1675123200000,0.6780232308378648,2,0
1675209600000,0.9239854432123752,6,1
1675296000000,0.1409283078958858,7,0
1675382400000,0.4447053298896488,7,0
1675468800000,0.2183212509735818,7,0
1675555200000,0.275100314342415,7,0
1675641600000,0.2535086395533081,1,-1
1675728000000,0.8183698115704656,6,1
1675814400000,0.3779813012783831,7,0
1675900800000,0.0818730684076489,7,0
1675987200000,0.3575621972247285,1,-1
1676073600000,0.8572127617929135,6,1
1676160000000,0.333782608695654,7,0
1676246400000,0.7775040447124577,1,-1
1676332800000,0.8483549745011492,2,0
1676419200000,0.9760151239754448,6,1
1676505600000,0.0071471557529738,1,-1
1676592000000,0.7317421242284783,2,0
1676678400000,0.4517897091722611,6,1
1676764800000,0.0792351640435034,1,-1
1676851200000,0.7820759137769453,6,1
1676937600000,0.2757838171486663,7,0
1677024000000,0.674003727700364,7,0
1677110400000,0.3350174971510409,7,0
1677196800000,0.2665045385544798,7,0
1677283200000,0.875163438134892,1,-1
1677369600000,0.7857675052709964,6,1
1677456000000,0.4869947675741249,7,0
1677542400000,0.2082793637635334,1,-1
1677628800000,0.6213863689704803,6,1
1677715200000,0.4482638137863314,7,0
1677801600000,0.2544859279329529,7,0
1677888000000,0.7492092361220911,1,-1
1677974400000,0.5096961109818786,6,1
1678060800000,0.441616548999101,7,0
1678147200000,0.4294748854828726,7,0
1678233600000,0.1774257425742555,7,0
1678320000000,0.1782655515073063,7,0
1678406400000,0.7348324762730698,1,-1
1678492800000,0.749555063593351,2,0
1678579200000,0.918649569011387,2,0
1678665600000,0.8561047160960789,2,0
1678752000000,0.2879088966790439,6,1
1678838400000,0.2990030922601183,1,-1
1678924800000,0.8385484488701624,2,0
1679011200000,0.8738297219237909,6,1
1679097600000,0.2872999956402337,1,-1
1679184000000,0.733037725225225,6,1
1679270400000,0.439723048837501,1,-1
1679356800000,0.7066537496146921,6,1
1679443200000,0.2864511858797581,1,-1
1679529600000,0.7236534954407294,6,1
1679616000000,0.3306919886487676,1,-1
1679702400000,0.4861225524364739,2,0
1679788800000,0.708552224969096,6,1
1679875200000,0.4069155252949093,1,-1
1679961600000,0.7084843844993358,2,0
1680048000000,0.7862259734732951,6,1
1680134400000,0.2285544612592406,1,-1
1680220800000,0.8328966444828747,6,1
1680307200000,0.3877952755905505,7,0
1680393600000,0.4683106432887433,7,0
1680480000000,0.4610878339419553,1,-1
1680566400000,0.6431011322203054,2,0
1680652800000,0.3762346633673567,6,1
1680739200000,0.6853200297208368,7,0
1680825600000,0.4185131808082703,1,-1
1680912000000,0.2681352839814855,2,0
1680998400000,0.7174794520547924,2,0
1681084800000,0.9170875,2,0
1681171200000,0.6358541666666648,6,1
1681257600000,0.2953924110299301,1,-1
1681344000000,0.7013006307316219,2,0
1681430400000,0.4844584139264993,6,1
1681516800000,0.2365091463414646,1,-1
1681603200000,0.4294285913625916,6,1
1681689600000,0.1763234487311806,1,-1
1681776000000,0.924370776966186,6,1
1681862400000,0.1463404329479853,7,0
1681948800000,0.2166836687378295,7,0
1682035200000,0.1103585210805272,1,-1
1682121600000,0.9112706601829244,6,1
1682208000000,0.5525118670886063,7,0
1682294400000,0.5373824703456369,1,-1
1682380800000,0.9178801149016128,2,0
1682467200000,0.421381649410925,2,0
1682553600000,0.7238971902007758,6,1
1682640000000,0.5937561746690381,7,0
1682726400000,0.4772901311381263,1,-1
1682812800000,0.1726455383232177,6,1
1682899200000,0.2402492831015498,1,-1
1682985600000,0.791622018494265,5,0
1683072000000,0.7914082760175896,6,1
1683158400000,0.2436783535095433,1,-1
1683244800000,0.8045724059293051,6,1
1683331200000,0.3606578947368425,7,0
1683417600000,0.0469275697790204,7,0
1683504000000,0.2971417301553687,7,0
1683590400000,0.5919784946236568,7,0
1683676800000,0.5286537743981684,7,0
1683763200000,0.2872242993675178,7,0
1683849600000,0.7686025975649777,7,0
1683936000000,0.2355554298002364,1,-1
1684022400000,0.5584155628880159,2,0
1684108800000,0.4651713435510184,6,1
1684195200000,0.4085840190656055,1,-1
1684281600000,0.9011923080949248,6,1
1684368000000,0.4092765071655393,1,-1
1684454400000,0.4520592485549116,2,0
1684540800000,0.8535812121025584,6,1
1684627200000,0.1336832810047094,1,-1
1684713600000,0.5538028770830387,2,0
1684800000000,0.6041105314452779,6,1
1684886400000,0.2181615471727912,1,-1
1684972800000,0.7918799089581514,2,0
1685059200000,0.6260001322488887,2,0
1685145600000,0.8815988372093035,2,0
1685232000000,0.8688542112013682,6,1
1685318400000,0.229583541093072,7,0
1685404800000,0.289729462019442,7,0
1685491200000,0.3726442548921225,7,0
1685577600000,0.2857641452446484,1,-1
1685664000000,0.9277861635220128,6,1
1685750400000,0.3687972081460958,1,-1
1685836800000,0.3258005634697015,6,1
1685923200000,0.1953679084378035,1,-1
1686009600000,0.9375096666683298,6,1
1686096000000,0.169195427705328,1,-1
1686182400000,0.4810166666666676,6,1
1686268800000,0.4049316349187813,7,0
1686355200000,0.4109382839939785,1,-1
1686441600000,0.5083190604355244,6,1
1686528000000,0.6009080635247908,1,-1
1686614400000,0.3076154529307289,6,1
1686700800000,0.2411385270541063,1,-1
1686787200000,0.8326190550672078,2,0
1686873600000,0.871130180864694,2,0
1686960000000,0.5098559917449442,6,1
1687046400000,0.1893954745018627,1,-1
1687132800000,0.7242815596194586,2,0
1687219200000,0.9458800278739276,2,0
1687305600000,0.6828848037576559,6,1
1687392000000,0.3687537844189676,1,-1
1687478400000,0.5444440359326941,6,1
1687564800000,0.5044181818181823,7,0
1687651200000,0.240943631915889,7,0
1687737600000,0.459225543478263,1,-1
1687824000000,0.6064906347554613,6,1
1687910400000,0.2569041295508496,1,-1
1687996800000,0.5004156171284657,2,0
1688083200000,0.5454545454545454,2,0
1688169600000,0.7780253936603896,2,0
1688256000000,0.7264622641509416,2,0
1688342400000,0.7236115742284472,6,1
1688428800000,0.2005091078295839,7,0
1688515200000,0.4495258601619323,7,0
1688601600000,0.0272680427995511,1,-1
1688688000000,0.8605577689243037,6,1
1688774400000,0.7015247999065249,7,0
1688860800000,0.2590790842872002,1,-1
1688947200000,0.4212250634251402,2,0
1689033600000,0.6271051145766366,6,1
1689120000000,0.2198512770772712,1,-1
1689206400000,0.7746780839557037,6,1
1689292800000,0.2381560693641609,7,0
1689379200000,0.4689366160293334,7,0
1689465600000,0.4446270912320744,7,0
1689552000000,0.7064447592067995,7,0
1689638400000,0.4769710626837802,1,-1
1689724800000,0.3447428183457019,6,1
1689811200000,0.2705729474305976,1,-1
1689897600000,0.5229604007633609,6,1
1689984000000,0.4517250601765199,1,-1
1690070400000,0.5705645161290323,6,1
1690156800000,0.2541852498222468,1,-1
1690243200000,0.5520328917313818,2,0
1690329600000,0.43000708191414,6,1
1690416000000,0.2872591183524924,1,-1
1690502400000,0.4557862085421127,2,0
1690588800000,0.6416346026270563,6,1
1690675200000,0.5961371945353077,7,0
1690761600000,0.3046473610462412,1,-1
1690848000000,0.9711672662650094,6,1
1690934400000,0.2308124999999985,1,-1
1691020800000,0.484903186985577,6,1
1691107200000,0.5831145107889033,7,0
1691193600000,0.5385678898554151,1,-1
1691280000000,0.4527930209652344,2,0
1691366400000,0.88585323491099,2,0
1691452800000,0.5685116851168492,6,1
1691539200000,0.2621117536670406,7,0
1691625600000,0.3244375299186202,7,0
1691712000000,0.5562213605921693,1,-1
1691798400000,0.4871229582122285,6,1
1691884800000,0.1557851035437165,1,-1
1691971200000,0.5540506350464691,6,1
1692057600000,0.3193376700177444,7,0
1692144000000,0.0138420552564351,7,0
1692144000000,0.0138420552564351,7,0
1692230400000,0.4028799053484746,7,0
1692316800000,0.358437705998682,1,-1
1692403200000,0.622866787522657,2,0
1692489600000,0.6676017685622865,6,1
1692576000000,0.7054343443394102,7,0
1692662400000,0.9006218579495384,1,-1
1692748800000,0.6159272691142144,6,1
1692835200000,0.442727667502486,7,0
1692921600000,0.5268392624324792,7,0
1693008000000,0.2248838040757972,1,-1
1693094400000,0.6277068295391472,2,0
1693180800000,0.6559860330175331,2,0
1693267200000,0.8079519103046137,6,1
1693353600000,0.3763326367907587,7,0
1693440000000,0.1478758085381632,7,0
1693526400000,0.5731833384007288,1,-1
1693612800000,0.4979789814066196,2,0
1693699200000,0.5110746268656691,6,1
1693785600000,0.4085694511440632,7,0
1693872000000,0.6503244821038849,7,0
1693958400000,0.5804431527064097,1,-1
1694044800000,0.7727118971682616,6,1
1694131200000,0.3297755061134509,7,0
1694217600000,0.7071067699562186,7,0
1694304000000,0.5852857975771465,7,0
1694390400000,0.2616010963398661,1,-1
1694476800000,0.4936329692376273,2,0
1694563200000,0.7141876608688864,2,0
1694649600000,0.5396609060677077,2,0
1694736000000,0.5662650602409639,6,1
1694822400000,0.3453915662650549,7,0
1694908800000,0.5730657748048981,1,-1
1694995200000,0.3733436727572329,2,0
1695081600000,0.6649709480497172,6,1
1695168000000,0.5521295210913467,7,0
1695254400000,0.2434838214605468,1,-1
1695340800000,0.405556971705323,6,1
1695427200000,0.5408286891204137,7,0
1695513600000,0.2048794731207206,1,-1
1695600000000,0.6898330005047304,6,1
1695686400000,0.431321169772252,1,-1
1695772800000,0.3535924329891329,2,0
1695859200000,0.7028299933752891,6,1
1695945600000,0.4170907146430225,1,-1
1696032000000,0.3653919877324127,2,0
1696118400000,0.9343722445160256,6,1
1696204800000,0.1640817520946275,7,0
1696291200000,0.5154063795976879,1,-1
1696377600000,0.9041115222981853,6,1
1696464000000,0.075990057132445,1,-1
1696550400000,0.674807427662503,2,0
1696636800000,0.6108534570072959,6,1
1696723200000,0.5631194190952792,7,0
1696809600000,0.4535051447254528,7,0
1696896000000,0.2108009153318054,7,0
1696982400000,0.3588465266903164,7,0
1697068800000,0.5219620446893188,1,-1
1697155200000,0.397752808988764,6,1
1697241600000,0.3164822016153106,1,-1
1697328000000,0.7130782551331744,2,0
1697414400000,0.4807608386958235,6,1
1697500800000,0.5999853030330848,7,0
1697587200000,0.2109971530333901,1,-1
1697673600000,0.7510750646263916,2,0
1697760000000,0.6694757129003358,2,0
1697846400000,0.4862546710080617,2,0
1697932800000,0.5797039473684196,2,0
1698019200000,0.6558638703582101,2,0
1698105600000,0.4454826242206863,2,0
1698192000000,0.5619755124501323,6,1
1698278400000,0.3733564433013749,7,0
1698364800000,0.5866986710379931,1,-1
1698451200000,0.3489492049958148,2,0
1698537600000,0.726597651534549,6,1
1698624000000,0.5193025366886944,1,-1
1698710400000,0.8839379430329676,2,0
1698796800000,0.8918436491738574,6,1
1698883200000,0.3807678383847959,7,0
1698969600000,0.7220568663036888,1,-1
1699056000000,0.7119673942253137,6,1
1699142400000,0.605021459227465,1,-1
1699228800000,0.5817088458114472,2,0
1699315200000,0.6418304101279202,2,0
1699401600000,0.5215904572564624,2,0
1699488000000,0.4786501462150185,2,0
1699574400000,0.8132257822840426,6,1
1699660800000,0.624647592839894,7,0
1699747200000,0.6781031112558988,7,0
1699833600000,0.1197522557811597,7,0
1699920000000,0.3864146090534991,1,-1
1700006400000,0.9535114503816784,6,1
1700092800000,0.2731010808630448,1,-1
1700179200000,0.8018106294600048,6,1
1700265600000,0.5840668156123,1,-1
1700352000000,0.8744242728364316,2,0
1700438400000,0.7192730661696168,6,1
1700524800000,0.0034736006351734,1,-1
1700611200000,0.7968857246679126,6,1
1700697600000,0.5415602981721607,1,-1
1700784000000,0.3974743868764449,2,0
1700870400000,0.6384978107106729,6,1
1700956800000,0.4475121496170823,7,0
1701043200000,0.621295941918044,1,-1
1701129600000,0.630032016651311,2,0
1701216000000,0.3234545454545448,6,1
1701302400000,0.3467678253464421,1,-1
1701388800000,0.7711872984658072,2,0
1701475200000,0.7519455524253148,2,0
1701561600000,0.7151793588612936,2,0
1701648000000,0.8247771413630526,2,0
1701734400000,0.8651008458035132,6,1
1701820800000,0.4443254706683473,7,0
1701907200000,0.3686420981381957,1,-1
1701993600000,0.6732287355611826,6,1
1702080000000,0.1668885987252878,1,-1
1702166400000,0.4660699588477408,6,1
1702252800000,0.287899511514306,1,-1
1702339200000,0.5704505238322599,2,0
1702425600000,0.7924217519347994,2,0
1702512000000,0.8030990099009911,6,1
1702598400000,0.193877623143746,1,-1
1702684800000,0.6012256237549455,6,1
1702771200000,0.1046439205849492,1,-1
1702857600000,0.9548463122155624,6,1
1702944000000,0.275751823951598,1,-1
1703030400000,0.7043476167549352,2,0
1703116800000,0.6017810240365029,2,0
1703203200000,0.5645619445684367,6,1
1703289600000,0.5892657472978066,7,0
1703376000000,0.3399031811894882,1,-1
1703462400000,0.7909306861141129,6,1
1703548800000,0.4456748572948426,1,-1
1703635200000,0.8427748667878923,6,1
1703721600000,0.2082896660585603,7,0
1703808000000,0.4234953064605174,1,-1
1703894400000,0.5677368546363599,2,0
1703980800000,0.3404989498049681,2,0
1704067200000,0.9977287815786736,2,0
1704153600000,0.4612572128297434,6,1
1704240000000,0.4411010526315796,1,-1
1704326400000,0.7265917071948795,6,1
1704412800000,0.8886739433592323,7,0
1704499200000,0.6989123652690948,7,0
1704585600000,0.392878370941112,1,-1
1704672000000,0.92686530894774,6,1
1704758400000,0.4223365277523558,1,-1
1704844800000,0.6931472477374926,6,1
1704931200000,0.2179626689500581,7,0
1705017600000,0.255751635420385,1,-1
1705104000000,0.5017420329402552,6,1
1705190400000,0.0090875643855765,1,-1
1705276800000,0.4713857749141079,2,0
1705363200000,0.712004502588331,6,1
1705449600000,0.5769620278549273,7,0
1705536000000,0.2867380002848601,1,-1
1705622400000,0.7194213453251663,2,0
1705708800000,0.5759381156008287,6,1
1705795200000,0.2085907310533354,7,0
1705881600000,0.0604232818291705,1,-1
1705968000000,0.8278762317017526,2,0
1706054400000,0.5609678654476484,6,1
1706140800000,0.5479446577095298,1,-1
1706227200000,0.8253887720166658,2,0
1706313600000,0.9014844971824314,6,1
1706400000000,0.3357558496403047,1,-1
1706486400000,0.980171714263276,6,1
1706572800000,0.2145497634286572,8,0
1706659200000,0.2064742860645539,9,-1
1706745600000,0.8556662026626725,5,0
1706832000000,0.6940109008616565,6,1
1706918400000,0.2621747565048618,7,0
1707004800000,0.4023009007402089,1,-1
1707091200000,0.3435341475687277,2,0
1707177600000,0.6355480762246,2,0
1707264000000,0.9708423997513204,2,0
1707350400000,0.7462203865336655,2,0
1707436800000,0.6391909070009587,2,0
1707523200000,0.6942262773722602,2,0
1707609600000,0.7173635924674017,2,0
1707696000000,0.8409218191030957,6,1
1707782400000,0.6764361645531649,1,-1
1707868800000,0.911824599992904,2,0
1707955200000,0.3766754069558498,2,0
1708041600000,0.5547371978371497,6,1
1708128000000,0.6617419463916451,1,-1
1708214400000,0.8028128398642178,6,1
1708300800000,0.1203912438252258,1,-1
1708387200000,0.6735726839968889,6,1
1708473600000,0.7029452290733709,7,0
1708560000000,0.3090133333333328,7,0
1708646400000,0.2171691612978582,1,-1
1708732800000,0.8833962264150954,2,0
1708819200000,0.6615837937384834,2,0
1708905600000,0.8918489432614208,2,0
1708992000000,0.8244721193618892,2,0
1709078400000,0.7854587002182494,6,1
1709164800000,0.2313891866592199,1,-1
1709251200000,0.6892346923494903,6,1
1709337600000,0.4886763677227704,1,-1
1709424000000,0.9383277193129296,2,0
1709510400000,0.9591401839006302,6,1
1709596800000,0.4721370685342673,1,-1
1709683200000,0.6776896560234946,2,0
1709769600000,0.5237422807739803,2,0
1709856000000,0.5224858855384995,2,0
1709942400000,0.6649558823529386,2,0
1710028800000,0.4803107883493437,2,0
1710115200000,0.874996536820525,6,1
1710201600000,0.6465114473485886,1,-1
1710288000000,0.7506020872357524,6,1
1710374400000,0.5426924549980855,7,0
1710460800000,0.5718498293915727,7,0
1710547200000,0.0989226676800299,1,-1
1710633600000,0.8831221119092284,6,1
1710720000000,0.4370043500083683,7,0
1710806400000,0.0582118430046081,1,-1
1710892800000,0.964574744027303,6,1
1710979200000,0.2619616000172425,7,0
1711065600000,0.3500621921715321,1,-1
1711152000000,0.3301133711237086,2,0
1711238400000,0.8914272378383993,2,0
1711324800000,0.7334719849567876,2,0
1711411200000,0.3103765727061497,6,1
1711497600000,0.3257163466613531,1,-1
1711584000000,0.7087115433991364,6,1
1711670400000,0.4412529625201829,7,0
1711756800000,0.0540007681474749,1,-1
1711843200000,0.952307530185631,6,1
1711929600000,0.4920179700313467,7,0
1712016000000,0.1783663106456967,1,-1
1712102400000,0.6099039227399426,2,0
1712188800000,0.8063499466480091,6,1
1712275200000,0.6661864192203577,1,-1
1712361600000,0.6453031633075923,2,0
1712448000000,0.3570482396874117,2,0
1712534400000,0.6862667288101724,6,1
1712620800000,0.2637964708767003,1,-1
1712707200000,0.8519463175409406,6,1
1712793600000,0.2525018979915748,7,0
1712880000000,0.3305312184477089,7,0
1712966400000,0.4490570866060486,1,-1
1713052800000,0.9519266055045862,6,1
1713139200000,0.2494387796205682,1,-1
1713225600000,0.793269439421338,6,1
1713312000000,0.3317284954489259,1,-1
1713398400000,0.8047493164822843,2,0
1713484800000,0.7210268735502114,2,0
1713571200000,0.7945794849995477,2,0
1713657600000,0.4825933089173302,2,0
1713744000000,0.8488370816330273,6,1
1713830400000,0.4573736946090909,7,0
1713916800000,0.1973028285085022,1,-1
1714003200000,0.6806632746791037,6,1
1714089600000,0.3103584165829239,7,0
1714176000000,0.6988389016884559,7,0
1714262400000,0.2124732536186297,1,-1
1714348800000,0.8528719110613043,6,1
1714435200000,0.2671045034642034,7,0
1714521600000,0.4225297926464456,1,-1
1714608000000,0.7919805687832643,2,0
1714694400000,0.9002605226376041,2,0
1714780800000,0.6758530643281296,2,0
1714867200000,0.6523798818968877,6,1
1714953600000,0.1661392857142865,7,0
1715040000000,0.0236327212328996,7,0
1715126400000,0.1430574706174778,1,-1
1715212800000,0.8731632029667431,6,1
1715299200000,0.1867361769159741,1,-1
1715385600000,0.3296981253222561,2,0
1715472000000,0.6838732394366182,2,0
1715558400000,0.8111959833974511,6,1
1715644800000,0.220045657246696,1,-1
1715731200000,0.953624511921696,6,1
1715817600000,0.2942621577860094,1,-1
1715904000000,0.725728677831837,2,0
