Open time,rsi,class
1502928000000,52.52874589532705,0
1503014400000,52.52874589532705,-1
1503100800000,52.52874589532705,1
1503187200000,52.52874589532705,0
1503273600000,52.52874589532705,-1
1503360000000,52.52874589532705,0
1503446400000,52.52874589532705,0
1503532800000,52.52874589532705,1
1503619200000,52.52874589532705,-1
1503705600000,52.52874589532705,1
1503792000000,52.52874589532705,-1
1503878400000,52.52874589532705,0
1503964800000,52.52874589532705,1
1504051200000,69.94164204792357,-1
1504137600000,76.10633327400058,0
1504224000000,79.09840527696572,1
1504310400000,54.75204706329225,-1
1504396800000,56.22944847056812,1
1504483200000,40.47336873981056,-1
1504569600000,50.25094891080444,0
1504656000000,57.414561210268666,0
1504742400000,59.20859949082203,1
1504828800000,47.05919606655372,0
1504915200000,46.456757892522695,0
1505001600000,43.26342900130769,-1
1505088000000,45.70726410837564,1
1505174400000,44.52387263544578,0
1505260800000,39.17732722404629,0
1505347200000,27.090532790539385,-1
1505433600000,40.46571930454754,0
1505520000000,40.80785780995781,1
1505606400000,40.55668514209071,-1
1505692800000,48.23996984296487,1
1505779200000,45.85882117350136,0
1505865600000,45.66380787201889,0
1505952000000,40.328957018261576,0
1506038400000,40.08341755181332,-1
1506124800000,44.8029074359221,1
1506211200000,42.45620417587939,-1
1506297600000,48.73968223787526,1
1506384000000,47.90992323182332,-1
1506470400000,54.63793732716007,1
1506556800000,54.18905908069068,-1
1506643200000,54.19322135377463,0
1506729600000,58.54454080809203,1
1506816000000,58.543659292044566,-1
1506902400000,58.5776911091292,1
1506988800000,56.2861134958839,0
1507075200000,53.04837455449202,-1
1507161600000,55.33584182993051,0
1507248000000,57.37818294003371,0
1507334400000,58.80870439195925,0
1507420800000,64.0328901707329,0
1507507200000,67.0779419161255,1
1507593600000,66.91643666892281,-1
1507680000000,67.74148272136915,0
1507766400000,77.37769234347725,0
1507852800000,79.73426842121364,0
1507939200000,81.77867987421584,1
1508025600000,75.79065079871992,-1
1508112000000,76.37321479594762,1
1508198400000,70.35910188945164,0
1508284800000,67.48279196844715,-1
1508371200000,70.20088131485625,0
1508457600000,74.54881594791476,0
1508544000000,74.7309622884609,1
1508630400000,71.95263201721343,0
1508716800000,70.66576867101413,0
1508803200000,56.624317618838326,-1
1508889600000,60.70435775106132,0
1508976000000,63.67267791912985,1
1509062400000,60.988394874198974,0
1509148800000,59.557298052590944,-1
1509235200000,67.15581288600478,1
1509321600000,65.69532858563585,-1
1509408000000,70.48088256684936,0
1509494400000,73.82207454052805,0
1509580800000,76.44662206885853,0
1509667200000,77.32166864211302,0
1509753600000,79.41842747776508,1
1509840000000,79.02573511022334,0
1509926400000,67.5628595912844,-1
1510012800000,68.87558364144863,0
1510099200000,71.71065816657101,1
1510185600000,65.69631651830178,0
1510272000000,53.32171917152421,0
1510358400000,48.7970069171719,0
1510444800000,42.379686228861225,-1
1510531200000,52.52595790697986,0
1510617600000,53.97836809417841,0
1510704000000,61.6814968217938,0
1510790400000,67.22796571697569,1
1510876800000,64.56362921549588,-1
1510963200000,65.12857668322198,0
1511049600000,67.57752400525695,0
1511136000000,69.05276207513424,1
1511222400000,67.29984955977713,-1
1511308800000,68.11423488369263,1
1511395200000,64.39784175830336,-1
1511481600000,65.67784860454157,0
1511568000000,71.02133031335958,0
1511654400000,74.30254398204215,0
1511740800000,77.62929546891708,0
1511827200000,79.01274058525334,1
1511913600000,74.79596960433348,-1
1512000000000,75.80169513518177,0
1512086400000,80.92395234194846,0
1512172800000,81.40451258518377,0
1512259200000,82.61801980203535,0
1512345600000,84.27741395114457,0
1512432000000,84.73647380130457,0
1512518400000,89.69239288521312,0
1512604800000,93.46071912496976,1
1512691200000,85.52063964574447,0
1512777600000,73.9962527149956,-1
1512864000000,74.72715404242355,0
1512950400000,79.10441380214132,1
1513036800000,77.07751917477229,0
1513123200000,74.34735802876318,-1
1513209600000,75.24683255531626,0
1513296000000,78.49054875440595,0
1513382400000,81.8186830894323,1
1513468800000,79.75536231649002,0
1513555200000,79.72172242586717,0
1513641600000,67.10100961699297,0
1513728000000,61.67089611661509,0
1513814400000,55.67469262827107,0
1513900800000,45.35120349975461,0
1513987200000,45.24021998477876,-1
1514073600000,46.30383085226646,0
1514160000000,47.40044113737483,0
1514246400000,56.868748595171056,1
1514332800000,55.62750541094501,0
1514419200000,49.17761922494655,-1
1514505600000,50.136452885772,1
1514592000000,41.77407262783859,-1
1514678400000,47.93090883610088,1
1514764800000,46.53442853091374,-1
1514851200000,52.29742046642404,0
1514937600000,53.319969535570806,0
1515024000000,53.92932600991123,0
1515110400000,61.31220455067805,0
1515196800000,61.692689062570544,1
1515283200000,56.6484793287286,0
1515369600000,50.6048376315345,0
1515456000000,48.36626470551616,-1
1515542400000,50.7344810143168,1
1515628800000,43.64241192251847,-1
1515715200000,46.0810972680155,0
1515801600000,48.33848794629889,1
1515888000000,45.154605341142336,-1
1515974400000,45.4961870370006,1
1516060800000,35.74893240446585,-1
1516147200000,36.243683604264056,1
1516233600000,36.1531245775355,-1
1516320000000,39.27844151907832,0
1516406400000,46.55495715983369,1
1516492800000,41.43031115245925,0
1516579200000,38.65228030235689,-1
1516665600000,38.87659535312394,0
1516752000000,42.08667033126004,1
1516838400000,41.344924136690885,0
1516924800000,40.961054512161326,-1
1517011200000,43.58934653886016,0
1517097600000,46.09001789498766,1
1517184000000,42.78697579392914,0
1517270400000,38.05437515814995,-1
1517356800000,38.39892927828842,1
1517443200000,33.87662887791791,0
1517529600000,32.51011809167326,-1
1517616000000,35.13116886701215,1
1517702400000,31.09320536494134,0
1517788800000,26.99565188601529,-1
1517875200000,32.477853225961454,1
1517961600000,32.28304133979967,-1
1518048000000,33.772566594144536,0
1518134400000,40.6146731865112,1
1518220800000,39.875466935502175,0
1518307200000,37.56688505877985,-1
1518393600000,43.81926578357471,1
1518480000000,41.86549546636997,-1
1518566400000,48.11047324701998,0
1518652800000,51.50176272161363,0
1518739200000,52.4740186201272,0
1518825600000,57.51924490241863,1
1518912000000,52.99945247350776,-1
1518998400000,57.24329339680084,0
1519084800000,57.500998022811686,1
1519171200000,52.11955138865946,0
1519257600000,48.13748976084006,-1
1519344000000,50.22898001441058,1
1519430400000,47.41960910153346,0
1519516800000,46.74551105243909,-1
1519603200000,51.915537469925255,0
1519689600000,53.537225416623976,1
1519776000000,51.681297123153854,-1
1519862400000,55.72826211660426,0
1519948800000,56.51504414762573,0
1520035200000,59.30012501583533,0
1520121600000,59.63073690934277,1
1520208000000,59.00745651060687,0
1520294400000,51.93884331985092,0
1520380800000,45.51770323116606,0
1520467200000,41.17816418979813,0
1520553600000,40.88462473780655,0
1520640000000,37.90689493676351,-1
1520726400000,45.10267334073001,1
1520812800000,42.31967974088822,-1
1520899200000,42.49694462384944,1
1520985600000,36.20403936617596,-1
1521072000000,36.93247946780097,0
1521158400000,37.139606584958216,1
1521244800000,34.35902825761703,-1
1521331200000,38.51866851022487,0
1521417600000,42.89411046863502,0
1521504000000,46.021781842232514,1
1521590400000,45.80406716867461,0
1521676800000,44.33825562241534,-1
1521763200000,46.33635231686353,1
1521849600000,43.002866312264594,0
1521936000000,42.28720906249964,0
1522022400000,39.20989440050398,0
1522108800000,36.33833643688363,-1
1522195200000,38.539194826657,1
1522281600000,31.903542021048068,0
1522368000000,30.27086558148028,-1
1522454400000,31.534312262071623,1
1522540800000,30.73937610444814,-1
1522627200000,34.62788385866192,0
1522713600000,39.854079904660125,1
1522800000000,34.65056070574285,0
1522886400000,34.4490504316321,0
1522972800000,33.06494463541024,-1
1523059200000,37.747165698132456,0
1523145600000,39.63467526110709,1
1523232000000,37.29031387609255,-1
1523318400000,38.31209626253442,0
1523404800000,40.19696198232296,0
1523491200000,53.64889970277254,1
1523577600000,53.04448058670018,-1
1523664000000,54.51638961395823,0
1523750400000,58.60718870166117,1
1523836800000,54.31995376650544,0
1523923200000,51.789679065289455,-1
1524009600000,55.373275843401466,0
1524096000000,56.63886122370852,0
1524182400000,62.88861059133602,0
1524268800000,63.46001473785508,1
1524355200000,61.227133557644734,-1
1524441600000,62.840435755111,0
1524528000000,69.2672725078125,1
1524614400000,57.548207804818894,-1
1524700800000,61.27383135548022,1
1524787200000,56.5420279217585,-1
1524873600000,60.58635107881251,0
1524960000000,61.22409259110034,1
1525046400000,58.73059045862987,0
1525132800000,56.24184368926907,-1
1525219200000,58.17074987590812,0
1525305600000,63.151538985031536,1
1525392000000,62.57610922301229,-1
1525478400000,64.04584491904082,1
1525564800000,60.54657811895737,0
1525651200000,55.834596487317526,0
1525737600000,53.146394472676455,-1
1525824000000,54.764814958507415,1
1525910400000,50.08147741055046,0
1525996800000,42.43539605509722,-1
1526083200000,43.45342692594075,0
1526169600000,46.74175240076244,1
1526256000000,46.51866126208936,0
1526342400000,43.752687042442325,0
1526428800000,41.98992157594572,0
1526515200000,38.35244933070414,-1
1526601600000,42.06768500987946,1
1526688000000,41.98087065531913,-1
1526774400000,47.40860441138906,1
1526860800000,45.14982638657311,0
1526947200000,39.52606401401056,0
1527033600000,34.14143149607428,-1
1527120000000,35.594283554909495,1
1527206400000,34.27887841081382,0
1527292800000,32.913160324580105,-1
1527379200000,33.030627636863144,1
1527465600000,30.304209269847547,-1
1527552000000,38.55021989721848,1
1527638400000,37.4270310053648,-1
1527724800000,39.83941585416894,0
1527811200000,40.65284780716293,0
1527897600000,43.37863320661961,0
1527984000000,45.07305458707854,1
1528070400000,41.02524153947449,-1
1528156800000,44.296584289538565,0
1528243200000,45.100780458786254,0
1528329600000,45.90210765179499,1
1528416000000,44.02107483803592,0
1528502400000,41.67667759924638,0
1528588800000,30.351929324904333,-1
1528675200000,33.22901778229871,1
1528761600000,29.092694320793925,0
1528848000000,26.617683381055897,-1
1528934400000,35.20601021019681,1
1529020800000,32.277219998416726,-1
1529107200000,34.53417229972489,1
1529193600000,34.091875758893465,-1
1529280000000,40.38063501942408,0
1529366400000,41.04326939378984,0
1529452800000,41.53736148180636,1
1529539200000,40.76403486175249,0
1529625600000,30.96104603962941,-1
1529712000000,33.63855919816258,1
1529798400000,33.46534315826595,-1
1529884800000,36.5751176470386,1
1529971200000,33.887885789069315,-1
1530057600000,35.656362355600365,1
1530144000000,31.60969411374409,-1
1530230400000,40.54386966023159,0
1530316800000,44.876384097568106,1
1530403200000,44.27497739196994,-1
1530489600000,49.89479983720521,1
1530576000000,47.85528705879053,-1
1530662400000,49.45915313393034,1
1530748800000,48.19758945611946,-1
1530835200000,50.108852246037365,0
1530921600000,53.4850525179512,1
1531008000000,52.32247294180431,0
1531094400000,50.99315092491801,0
1531180800000,42.49685192455746,-1
1531267200000,44.701871423697256,1
1531353600000,41.97853720041662,0
1531440000000,41.21503911145032,-1
1531526400000,42.38798951828937,0
1531612800000,45.54681043026301,0
1531699200000,55.23657496517589,0
1531785600000,65.76190636459415,0
1531872000000,66.6774384955861,0
1531958400000,67.88697425952572,1
1532044800000,64.06475038668563,-1
1532131200000,65.07278027379806,1
1532217600000,64.94497470402342,-1
1532304000000,70.11330926301983,0
1532390400000,77.51411305537002,1
1532476800000,71.28456460440839,0
1532563200000,64.81337453616631,-1
1532649600000,68.09069817250995,0
1532736000000,68.51948992164643,1
1532822400000,68.13987221543786,0
1532908800000,67.08280919149877,0
1532995200000,55.921454577883104,0
1533081600000,53.20248951416508,0
1533168000000,51.51861161628976,0
1533254400000,49.243012959597,0
1533340800000,41.66363764801674,-1
1533427200000,42.00099202737369,1
1533513600000,40.43277871251222,0
1533600000000,36.87017805015625,0
1533686400000,30.92547256295053,-1
1533772800000,37.07326901417113,1
1533859200000,32.208105341819035,-1
1533945600000,34.3332308843258,0
1534032000000,36.18611634420865,1
1534118400000,35.310834595133045,0
1534204800000,34.46675306000179,-1
1534291200000,36.67898476710475,0
1534377600000,37.9509049919575,0
1534464000000,45.20154532347147,0
1534464000000,45.20154532347147,0
1534550400000,41.18013775788764,-1
1534636800000,43.64110417625354,1
1534723200000,39.24481005152764,-1
1534809600000,45.2502939872718,1
1534896000000,42.83797241018424,-1
1534982400000,47.02836882797319,0
1535068800000,50.73980291937352,0
1535155200000,51.94362550885682,1
1535241600000,51.074056559707046,-1
1535328000000,55.99450765091155,0
1535414400000,59.5141094925888,1
1535500800000,58.17106338280728,0
1535587200000,56.74619883361874,-1
1535673600000,57.38532968263237,0
1535760000000,61.74388811952191,0
1535846400000,63.89252826230179,1
1535932800000,62.44867248815367,-1
1536019200000,64.57240128827108,1
1536105600000,45.53905151138425,0
1536192000000,41.83198237001375,0
1536278400000,39.56115044055354,0
1536364800000,35.894713049618176,-1
1536451200000,37.83313945209412,0
1536537600000,39.66146513721833,1
1536624000000,39.3137009571737,-1
1536710400000,40.74478808898631,0
1536796800000,45.458794842212704,1
1536883200000,45.179084804483225,-1
1536969600000,46.44443227065943,1
1537056000000,46.14637050522708,0
1537142400000,39.17834689146476,-1
1537228800000,42.386199019758905,0
1537315200000,44.38184716213425,0
1537401600000,47.8918087652092,0
1537488000000,55.88816201795549,1
1537574400000,54.67106599067932,0
1537660800000,54.139811635410815,0
1537747200000,49.75920193975205,0
1537833600000,45.56203730331693,-1
1537920000000,46.20386558102364,0
1538006400000,53.69545285977673,1
1538092800000,51.8035689369576,0
1538179200000,50.46271677526976,-1
1538265600000,51.53047857796746,1
1538352000000,50.944485427581306,0
1538438400000,47.60037695802149,0
1538524800000,46.98921033900414,-1
1538611200000,50.61295057347797,0
1538697600000,52.36486115878868,1
1538784000000,50.45932904064209,-1
1538870400000,51.42492716396293,0
1538956800000,54.0770205888232,1
1539043200000,53.18889804538413,0
1539129600000,51.75934804706095,0
1539216000000,36.25682132022146,-1
1539302400000,38.62868761313325,0
1539388800000,40.46645865211771,0
1539475200000,40.81680121706349,0
1539561600000,57.980951947352,0
1539648000000,58.19489994960625,1
1539734400000,57.34126765314091,0
1539820800000,51.90223436784513,0
1539907200000,48.26018447000679,-1
1539993600000,50.720794353716165,0
1540080000000,50.79319807691999,1
1540166400000,50.37785862912414,0
1540252800000,49.035892235357714,-1
1540339200000,49.66118845850239,1
1540425600000,47.69490303893984,-1
1540512000000,48.31580748798466,1
1540598400000,46.45473456989647,0
1540684800000,45.558161999581,0
1540771200000,38.19119956176301,0
1540857600000,37.5778879834626,-1
1540944000000,40.66894967768771,0
1541030400000,43.464326745048446,0
1541116800000,45.21525750110679,1
1541203200000,42.44698410468989,-1
1541289600000,49.46482157438303,1
1541376000000,48.38023465512547,-1
1541462400000,51.76601831689143,0
1541548800000,55.48911055666178,1
1541635200000,48.75474714867347,0
1541721600000,45.17180290745438,-1
1541808000000,46.10259925015437,0
1541894400000,47.33815485548385,0
1541980800000,47.58982883772972,0
1542067200000,47.966881380930936,1
1542153600000,25.19967044056472,0
1542240000000,21.697630698082804,0
1542326400000,19.97383294209277,0
1542412800000,19.50049316207712,-1
1542499200000,21.92959826227863,1
1542585600000,12.713529988627272,0
1542672000000,10.495279470924544,-1
1542758400000,15.136437568512818,1
1542844800000,13.05961441334108,-1
1542931200000,15.237344113734508,1
1543017600000,12.091242322215749,-1
1543104000000,17.8303452317965,1
1543190400000,16.172474997283302,-1
1543276800000,16.658080177257688,0
1543363200000,29.77824440695035,0
1543449600000,30.71251630350121,1
1543536000000,27.478916775868,-1
1543622400000,31.984514098229965,1
1543708800000,31.57240031765884,0
1543795200000,27.87866271245917,-1
1543881600000,30.030990765364123,1
1543968000000,27.64281575687532,0
1544054400000,24.615323262589925,0
1544140800000,23.49858181913821,-1
1544227200000,23.759891740778457,0
1544313600000,28.547934565895872,1
1544400000000,27.018916731365564,0
1544486400000,26.31077714355169,-1
1544572800000,28.78495296266857,1
1544659200000,26.652846439333644,0
1544745600000,25.54259584106309,0
1544832000000,25.360746478807314,-1
1544918400000,26.131808393168697,0
1545004800000,37.61383910317082,0
1545091200000,42.54909934512117,0
1545177600000,42.86166785149872,0
1545264000000,54.129787640648594,1
1545350400000,48.51857048477528,-1
1545436800000,51.35654401574492,1
1545523200000,50.83101842639498,-1
1545609600000,52.94568895621013,1
1545696000000,45.83605181280964,-1
1545782400000,46.77389717179293,1
1545868800000,41.67079663783481,-1
1545955200000,49.36445634707289,1
1546041600000,45.90547833433556,-1
1546128000000,48.76828477959819,1
1546214400000,46.31628889323318,-1
1546300800000,48.94741056050249,0
1546387200000,50.64521204448126,1
1546473600000,48.0725135681171,-1
1546560000000,48.84185507527191,1
1546646400000,48.20021661786891,-1
1546732800000,54.78381569916457,1
1546819200000,54.36647673313194,0
1546905600000,53.63063952753365,-1
1546992000000,54.01067232045054,1
1547078400000,41.81258118290001,-1
1547164800000,42.3804785081878,1
1547251200000,41.86206770553898,0
1547337600000,38.8677149091487,-1
1547424000000,44.83426192282512,1
1547510400000,42.64160666518542,-1
1547596800000,44.202126053851245,0
1547683200000,45.21091119498569,1
1547769600000,44.45302170915616,-1
1547856000000,47.57648710203592,1
1547942400000,42.92537479864607,0
1548028800000,42.48595893490214,-1
1548115200000,44.65588918545552,1
1548201600000,43.9218704154987,-1
1548288000000,44.827861156722655,1
1548374400000,44.62773751026764,0
1548460800000,44.625755560012266,0
1548547200000,43.869892497043686,0
1548633600000,38.22382543520608,0
1548720000000,37.20264091825969,-1
1548806400000,40.68375335552034,1
1548892800000,39.479817375507416,-1
1548979200000,41.6401336469897,0
1549065600000,44.87520726823865,1
1549152000000,42.1271041257197,-1
1549238400000,42.5420937198424,0
1549324800000,43.25979241085382,1
1549411200000,39.09873709631801,0
1549497600000,38.677040036439806,-1
1549584000000,57.24659585924067,0
1549670400000,57.572535716016304,0
1549756800000,58.400243056706046,1
1549843200000,54.62058482950272,-1
1549929600000,54.64702884832033,1
1550016000000,52.86210635762723,0
1550102400000,51.32039569020159,-1
1550188800000,52.26812102498432,0
1550275200000,53.570947311716544,0
1550361600000,57.43079441741988,0
1550448000000,70.03526839454722,0
1550534400000,70.41060069810189,0
1550620800000,72.8769498696385,1
1550707200000,69.60613291173561,-1
1550793600000,70.6848726149294,0
1550880000000,76.38028196746181,1
1550966400000,50.83038764610318,-1
1551052800000,54.52365600295955,1
1551139200000,53.56372011924445,-1
1551225600000,53.97644915895131,1
1551312000000,53.7216701512973,-1
1551398400000,54.21635651117353,1
1551484800000,54.011329771260144,0
1551571200000,53.15251872263118,0
1551657600000,47.03870228120114,-1
1551744000000,55.5260745646975,0
1551830400000,55.74646241990766,0
1551916800000,56.41427006592293,1
1552003200000,55.74253069309017,-1
1552089600000,60.29044679592386,1
1552176000000,58.13205667611566,0
1552262400000,54.50852255079818,-1
1552348800000,55.24742927473327,1
1552435200000,53.8307681037444,-1
1552521600000,54.66291695897464,0
1552608000000,58.0760193745356,0
1552694400000,63.318601525079686,1
1552780800000,60.84315657512648,-1
1552867200000,61.280886551666974,0
1552953600000,63.12578907711317,0
1553040000000,64.91261040465753,1
1553126400000,58.042224618830026,-1
1553212800000,58.51882440711192,0
1553299200000,60.00298659650496,1
1553385600000,58.372683112570925,0
1553472000000,52.18335911612574,-1
1553558400000,53.36410541231977,0
1553644800000,60.85871765518519,1
1553731200000,59.67704343809668,-1
1553817600000,65.05960686602528,0
1553904000000,65.30554327258275,1
1553990400000,64.90612365158685,-1
1554076800000,67.76150934518253,0
1554163200000,87.29686078452333,0
1554249600000,88.11628897715607,1
1554336000000,85.44136229838398,-1
1554422400000,86.79346540189808,0
1554508800000,87.26027248141185,0
1554595200000,88.66110547798384,0
1554681600000,89.32740918329208,1
1554768000000,82.51690752266963,-1
1554854400000,84.7909796340503,1
1554940800000,67.42937259116134,-1
1555027200000,68.16872898414155,1
1555113600000,68.01732149438779,-1
1555200000000,70.21536923839548,1
1555286400000,64.33270549885275,-1
1555372800000,68.32988811585375,0
1555459200000,69.06029079783275,0
1555545600000,70.46248878706398,0
1555632000000,70.46870807264995,0
1555718400000,71.36291956110634,1
1555804800000,68.94198640482861,-1
1555891200000,71.85954369997364,0
1555977600000,75.23702726432614,1
1556064000000,70.03137412662639,0
1556150400000,59.066374040947785,-1
1556236800000,62.14802110020302,1
1556323200000,61.17864984348681,-1
1556409600000,61.59320898412528,1
1556496000000,57.70152652487336,-1
1556582400000,60.873799606818935,0
1556668800000,63.12165820448914,0
1556755200000,66.73903463537462,0
1556841600000,73.8004498134645,0
1556928000000,74.96165977042654,1
1557014400000,71.71530883862445,0
1557100800000,70.02683521509215,-1
1557187200000,72.49629372922516,0
1557273600000,75.5934850803802,0
1557360000000,79.506036878945,0
1557446400000,81.8270026429675,0
1557532800000,88.06170996071185,1
1557619200000,83.29339277644702,-1
1557705600000,88.4051559274049,0
1557792000000,89.0899612058665,0
1557878400000,89.99215896484623,1
1557964800000,80.24330203385922,0
1558051200000,67.05415002791516,0
1558137600000,64.85811593059205,-1
1558224000000,73.40350104729971,1
1558310400000,69.13015828972046,0
1558396800000,68.45111376489152,0
1558483200000,62.92223471971005,-1
1558569600000,65.3541698008396,0
1558656000000,66.55465815338674,0
1558742400000,67.20814997975228,0
1558828800000,72.78069792936348,0
1558915200000,73.93000296003906,1
1559001600000,72.97859309995974,0
1559088000000,71.2796989491141,0
1559174400000,62.81316053239976,-1
1559260800000,66.10373896332555,1
1559347200000,65.86342066290894,-1
1559433600000,67.95169241817462,1
1559520000000,55.65373064433686,0
1559606400000,48.94925868999413,-1
1559692800000,50.29477755328662,0
1559779200000,50.45509991892455,0
1559865600000,53.52296338525219,1
1559952000000,51.96909002653685,0
1560038400000,47.4383594969285,-1
1560124800000,53.295451425238646,1
1560211200000,51.58725489558585,-1
1560297600000,55.40574608942397,0
1560384000000,56.78048183251471,0
1560470400000,62.66391047757344,0
1560556800000,64.57416708584294,0
1560643200000,66.26800203618879,0
1560729600000,70.10614457043529,1
1560816000000,64.97512359761558,-1
1560902400000,66.92614427309286,0
1560988800000,69.66345521830975,0
1561075200000,75.11283631762355,0
1561161600000,78.75520171096765,0
1561248000000,79.74477138759269,0
1561334400000,80.57540172429158,0
1561420800000,84.13330675189333,0
1561507200000,88.05704416904088,1
1561593600000,64.32153866599383,-1
1561680000000,69.66638161674821,1
1561766400000,64.80799864929486,0
1561852800000,55.94801922816264,0
1561939200000,54.20462739851598,-1
1562025600000,55.62079235599431,0
1562112000000,61.99324527610652,1
1562198400000,55.75153556932469,0
1562284800000,54.45124664807848,-1
1562371200000,56.24636928681429,0
1562457600000,57.19835014512516,0
1562544000000,62.13046463638547,0
1562630400000,63.77659637133336,1
1562716800000,59.78237235349843,0
1562803200000,53.4403245784109,-1
1562889600000,56.15179810135603,1
1562976000000,52.93503406664824,0
1563062400000,44.80032166626015,-1
1563148800000,49.500642848883984,1
1563235200000,41.49017502741336,-1
1563321600000,43.1082039370954,0
1563408000000,49.43464576697587,1
1563494400000,48.68779599774095,-1
1563580800000,50.24233706183227,1
1563667200000,49.21617435099034,0
1563753600000,47.490198229080015,0
1563840000000,44.297851915964976,0
1563926400000,43.62275436671798,-1
1564012800000,44.664617900715285,1
1564099200000,44.24267814779191,0
1564185600000,41.60987118758024,-1
1564272000000,42.301768977032005,1
1564358400000,42.022180985003,-1
1564444800000,42.82138409724329,0
1564531200000,48.62235509397058,0
1564617600000,51.69189288617956,0
1564704000000,53.21269045488032,0
1564790400000,56.1424052761875,0
1564876800000,57.24765805315859,0
1564963200000,64.87830756602753,1
1565049600000,60.39864177888184,-1
1565136000000,64.18384302040019,0
1565222400000,64.36777611181967,1
1565308800000,62.68919295479803,0
1565395200000,55.291057480520266,-1
1565481600000,57.56534923308642,1
1565568000000,55.61707063410555,0
1565654400000,49.69267681174576,0
1565740800000,41.68973400985741,-1
1565827200000,44.47428213186493,0
1565913600000,44.911754570240205,1
1566000000000,43.771027400942096,0
1566000000000,43.77102740094209,0
1566086400000,45.042924713078136,0
1566172800000,52.76130384895409,1
1566259200000,50.804449215412085,0
1566345600000,43.82695356967286,0
1566432000000,43.383662917349646,-1
1566518400000,47.28023574078211,1
1566604800000,44.382150189027776,-1
1566691200000,44.50187384002085,0
1566777600000,47.83073242167318,1
1566864000000,45.43728594664925,0
1566950400000,40.08279376561057,0
1567036800000,37.78309747768216,-1
1567123200000,39.23555277113697,0
1567209600000,39.28749513274733,0
1567296000000,41.801883809338,0
1567382400000,51.48044332886346,0
1567468800000,55.08124815483583,1
1567555200000,54.32014932461345,0
1567641600000,54.277806730764105,0
1567728000000,49.87943616164956,-1
1567814400000,52.33891400077909,1
1567900800000,51.05638288818801,0
1567987200000,49.68622126308216,0
1568073600000,46.18162942161872,-1
1568160000000,47.35571373146524,0
1568246400000,52.15051426138132,1
1568332800000,50.73617063758045,0
1568419200000,50.59356926466144,0
1568505600000,49.88556083398996,0
1568592000000,48.756994336174415,0
1568678400000,47.31348600932327,0
1568764800000,46.5921330094361,-1
1568851200000,48.96491135597221,1
1568937600000,47.01439710630145,0
1569024000000,42.61435115868107,-1
1569110400000,43.93188895882157,1
1569196800000,36.91417171948389,0
1569283200000,22.55222914728013,0
1569369600000,22.069730081213866,0
1569456000000,19.46561635042896,-1
1569542400000,22.533853813896883,0
1569628800000,23.11129942036358,1
1569715200000,21.81276934497172,-1
1569801600000,28.651570080942207,0
1569888000000,28.736326349248515,0
1569974400000,30.667628500892803,1
1570060800000,28.96466079608196,0
1570147200000,27.89929465635508,0
1570233600000,27.760748710483355,0
1570320000000,24.503379154496884,-1
1570406400000,34.69465583103192,1
1570492800000,34.37179505356514,-1
1570579200000,44.43924442299012,1
1570665600000,44.38859428444533,0
1570752000000,39.08597292105711,-1
1570838400000,40.1549798499211,1
1570924800000,39.70249473191484,-1
1571011200000,41.76482938083336,1
1571097600000,38.13892668464921,0
1571184000000,35.21847424176524,-1
1571270400000,37.63831281297342,1
1571356800000,35.40596059297518,-1
1571443200000,35.43933182375635,0
1571529600000,44.01564190435276,1
1571616000000,43.42718174256641,0
1571702400000,39.5560716475126,0
1571788800000,30.435416688156067,0
1571875200000,29.712655260193813,-1
1571961600000,55.68859832304759,0
1572048000000,62.57990597140715,0
1572134400000,65.58644942813623,1
1572220800000,59.96760816228499,-1
1572307200000,62.14492162831862,1
1572393600000,57.90846419351134,0
1572480000000,57.67624053537958,-1
1572566400000,58.839424907410645,0
1572652800000,59.60231945796442,1
1572739200000,57.71621313014841,-1
1572825600000,60.534092201420336,1
1572912000000,58.73683943811792,-1
1572998400000,59.20489821962511,1
1573084800000,56.41883378246964,0
1573171200000,47.71040212703975,-1
1573257600000,48.402032624722345,0
1573344000000,52.742445384005066,1
1573430400000,47.06742260216831,-1
1573516800000,48.78593550414969,1
1573603200000,47.93871593239978,0
1573689600000,45.46417696376255,0
1573776000000,42.30964371894898,-1
1573862400000,42.78106427420214,0
1573948800000,43.07658704021176,1
1574035200000,37.32576592286104,0
1574121600000,36.436204206364245,0
1574208000000,35.82421009752254,0
1574294400000,28.91981339903505,0
1574380800000,24.959469913994653,-1
1574467200000,26.270288284232308,1
1574553600000,22.315542323573595,-1
1574640000000,28.197068623767336,0
1574726400000,29.494814654425426,0
1574812800000,38.5456717322103,1
1574899200000,37.24477214578103,-1
1574985600000,44.49950002222394,1
1575072000000,41.32167226217104,0
1575158400000,39.03010682559812,0
1575244800000,37.59363053740668,0
1575331200000,37.56943163878022,0
1575417600000,36.005263910422336,-1
1575504000000,41.22001107519707,0
1575590400000,44.67337404823257,1
1575676800000,43.88611234538901,-1
1575763200000,44.47393426462932,1
1575849600000,40.864414568458784,0
1575936000000,38.61073638319664,0
1576022400000,38.32982657435248,0
1576108800000,38.078143872781936,-1
1576195200000,40.2201309135918,1
1576281600000,35.913464826081594,-1
1576368000000,37.92151863243383,1
1576454400000,33.25387741879875,0
1576540800000,28.753196689600344,-1
1576627200000,47.45119503396034,1
1576713600000,44.97268216861196,-1
1576800000000,45.868754223112525,1
1576886400000,44.71783354176224,-1
1576972800000,53.18545386412861,1
1577059200000,49.133017306025,0
1577145600000,47.82761092831885,0
1577232000000,46.71292475155263,0
1577318400000,46.65270617619079,-1
1577404800000,48.09764526212128,0
1577491200000,49.80229037006826,0
1577577600000,51.80403721269702,1
1577664000000,47.75789117281452,0
1577750400000,46.36586806242602,-1
1577836800000,46.55158434230848,1
1577923200000,40.26879829178592,-1
1578009600000,51.61207575774172,0
1578096000000,51.849659573505086,0
1578182400000,51.978424574236016,0
1578268800000,61.51516090297815,0
1578355200000,68.12736397736217,1
1578441600000,65.33967356702942,0
1578528000000,58.4667239479555,-1
1578614400000,64.8126655678015,1
1578700800000,60.19022540203166,-1
1578787200000,62.849527135966994,1
1578873600000,60.86836122303853,-1
1578960000000,70.31475055116314,0
1579046400000,70.43996057426693,1
1579132800000,67.70448029151989,-1
1579219200000,70.08877461524536,0
1579305600000,70.12171497089652,1
1579392000000,64.04881449198282,0
1579478400000,62.43578786188032,-1
1579564800000,63.97788078154116,1
1579651200000,62.39746058624507,0
1579737600000,54.84440152864161,-1
1579824000000,55.56327943394185,1
1579910400000,52.97099614478045,-1
1579996800000,58.7497973977252,0
1580083200000,63.84991320740038,0
1580169600000,70.18227009556654,1
1580256000000,68.17906812517253,-1
1580342400000,70.79377133339119,1
1580428800000,66.34720573555194,-1
1580515200000,66.79163970400153,1
1580601600000,65.23841062615708,0
1580688000000,64.05210154733314,0
1580774400000,61.1485304439048,-1
1580860800000,67.96486855630033,0
1580947200000,70.13941663767244,0
1581033600000,70.6982189518039,0
1581120000000,71.80550026280865,0
1581206400000,75.01512536359424,1
1581292800000,65.61644549496694,-1
1581379200000,70.53725878816705,0
1581465600000,71.74970867056976,1
1581552000000,68.89010668899529,-1
1581638400000,70.39564824763329,1
1581724800000,58.67723619373096,-1
1581811200000,58.88762697562859,1
1581897600000,53.91143602863955,-1
1581984000000,61.515472642368,1
1582070400000,50.375331938873735,-1
1582156800000,50.4198749019752,0
1582243200000,51.84689911855154,1
1582329600000,51.33010283570183,-1
1582416000000,56.42935746530874,1
1582502400000,50.8029690964044,0
1582588800000,44.94361362404257,0
1582675200000,37.6517227456485,-1
1582761600000,38.421479046612205,1
1582848000000,36.744513309824335,0
1582934400000,34.629589716286475,-1
1583020800000,34.82692449511532,0
1583107200000,43.36215259282299,1
1583193600000,41.0204436408181,0
1583280000000,40.879484823443015,-1
1583366400000,47.31756862298227,0
1583452800000,48.84208185136756,1
1583539200000,44.44272364516654,0
1583625600000,33.22671081623206,0
1583712000000,32.16698340459952,0
1583798400000,31.79420675583349,-1
1583884800000,32.74411380303265,1
1583971200000,15.04442392435763,-1
1584057600000,25.776891657350987,1
1584144000000,24.067240270839108,-1
1584230400000,26.51064708084165,1
1584316800000,24.989849121103347,-1
1584403200000,28.747199337641263,0
1584489600000,29.820202670539985,0
1584576000000,39.24782666659551,0
1584662400000,39.76871864650725,1
1584748800000,39.59873928798715,0
1584835200000,36.67131253353262,-1
1584921600000,44.439010896291975,0
1585008000000,47.399267882135874,1
1585094400000,46.74862691485661,-1
1585180800000,47.44061478322266,1
1585267200000,43.59045775772479,0
1585353600000,42.390954770527976,0
1585440000000,39.035369617189154,-1
1585526400000,45.717479584167336,0
1585612800000,45.91734626054892,0
1585699200000,48.8531308087526,0
1585785600000,50.72617142323024,1
1585872000000,49.94451859527266,-1
1585958400000,51.5901696218889,1
1586044800000,50.36816173214925,-1
1586131200000,57.53472247503142,1
1586217600000,55.481606866731845,-1
1586304000000,57.50138087654391,1
1586390400000,56.19945366928783,0
1586476800000,49.59432871533196,-1
1586563200000,49.86199631560464,0
1586649600000,50.28992344439659,1
1586736000000,49.18519492752951,-1
1586822400000,49.740881925944414,1
1586908800000,45.43999296554442,-1
1586995200000,53.79729256502424,1
1587081600000,52.458141491278845,-1
1587168000000,55.96581947346947,1
1587254400000,53.506694783095575,0
1587340800000,48.25756366259111,-1
1587427200000,48.5265913342137,0
1587513600000,53.59742028791274,0
1587600000000,59.06484611998648,0
1587686400000,59.39096538020542,0
1587772800000,59.90325595632729,0
1587859200000,62.2551851318113,0
1587945600000,63.47317652659648,1
1588032000000,62.52325720151392,-1
1588118400000,74.50763890093572,1
1588204800000,70.78916937005539,-1
1588291200000,72.70392642812674,0
1588377600000,73.99107286500622,1
1588464000000,72.02746476938745,0
1588550400000,71.44548720123244,-1
1588636800000,73.0297923140771,0
1588723200000,74.27187487336732,0
1588809600000,80.87804392049217,1
1588896000000,76.22061238332485,0
1588982400000,70.13887339362846,0
1589068800000,55.25959204923461,0
1589155200000,52.874377163848365,-1
1589241600000,56.03370490411832,0
1589328000000,61.581579172003735,0
1589414400000,66.04762381791137,1
1589500800000,58.79466582176188,-1
1589587200000,59.44862834215088,0
1589673600000,62.40867617149836,0
1589760000000,62.93423582525408,0
1589846400000,63.36008778722957,1
1589932800000,58.74562668687686,0
1590019200000,51.91858791854553,-1
1590105600000,53.2576113313214,0
1590192000000,53.3838317318791,1
1590278400000,46.59009501617646,-1
1590364800000,49.31544956163808,1
1590451200000,48.44046749979669,-1
1590537600000,53.84873180160254,0
1590624000000,58.636258225549525,1
1590710400000,56.12662801966975,-1
1590796800000,59.5198841723966,1
1590883200000,55.27646392499385,-1
1590969600000,63.6870015400716,1
1591056000000,53.80129875732625,-1
1591142400000,55.41897172612859,0
1591228800000,56.769961787313306,1
1591315200000,54.345411262174096,-1
1591401600000,54.9030530617235,0
1591488000000,55.93907124194823,0
1591574400000,56.4071475211602,1
1591660800000,56.23116314895836,-1
1591747200000,57.89354387915712,1
1591833600000,47.46607363301429,-1
1591920000000,50.40533212189168,0
1592006400000,50.53778514953599,1
1592092800000,48.31637381084123,-1
1592179200000,49.83481893205322,0
1592265600000,51.649880619932354,1
1592352000000,50.45628623020605,0
1592438400000,48.87044908778975,0
1592524800000,47.32412082000553,-1
1592611200000,48.448875698450536,1
1592697600000,47.02270399053151,-1
1592784000000,55.58910430231599,1
1592870400000,54.12353540378764,0
1592956800000,46.92699797399384,0
1593043200000,45.98461085867069,0
1593129600000,44.20911386892748,0
1593216000000,41.25674144670553,-1
1593302400000,44.052001237191504,0
1593388800000,46.07034876447808,1
1593475200000,44.835869261302726,-1
1593561600000,47.45917599994778,1
1593648000000,43.95527177822366,0
1593734400000,43.28615556409345,-1
1593820800000,45.7154995222245,1
1593907200000,43.97972759160957,-1
1593993600000,52.124120902844005,1
1594080000000,49.667493557017714,-1
1594166400000,54.42811943927139,1
1594252800000,48.7668361946974,-1
1594339200000,50.29552628040315,1
1594425600000,48.7731429848689,-1
1594512000000,50.80235308732821,1
1594598400000,48.97429401516965,-1
1594684800000,49.40567552117854,1
1594771200000,47.50152691595368,0
1594857600000,45.43351063159514,-1
1594944000000,46.246233132780816,0
1595030400000,46.90603235783475,0
1595116800000,48.555400699078696,1
1595203200000,46.61326040794166,-1
1595289600000,55.68852546021708,0
1595376000000,59.80291281856508,0
1595462400000,62.305989190524514,1
1595548800000,59.24958180764412,-1
1595635200000,63.97655353257957,0
1595721600000,69.40791033171327,0
1595808000000,82.73274730188906,1
1595894400000,78.58199650349036,-1
1595980800000,80.25728486498805,1
1596067200000,80.22528037166214,-1
1596153600000,82.18642782036055,0
1596240000000,85.28890903056305,1
1596326400000,65.91465444521822,-1
1596412800000,67.53045241975266,1
1596499200000,66.89009035119042,-1
1596585600000,72.47318899612819,0
1596672000000,72.63093597378158,1
1596758400000,68.57419858825659,-1
1596844800000,70.34672793819236,1
1596931200000,68.36624579069294,-1
1597017600000,70.71837553955032,1
1597104000000,59.43453501404312,-1
1597190400000,61.698084849412936,0
1597276800000,64.37826428372145,1
1597363200000,63.94347642760143,-1
1597449600000,65.14029984415458,0
1597536000000,65.91750113564457,0
1597536000000,65.91750113564457,0
1597622400000,70.70235441538216,1
1597708800000,62.16699484354476,0
1597795200000,57.902311993332425,-1
1597881600000,59.45883277401011,1
1597968000000,52.63490344758121,-1
1598054400000,54.911327396152046,1
1598140800000,54.59295509972791,-1
1598227200000,56.42873629125907,1
1598313600000,47.53924442044204,-1
1598400000000,50.34252234481029,1
1598486400000,47.82076421349831,-1
1598572800000,51.72609148069919,1
1598659200000,50.46220038952611,-1
1598745600000,55.197938783445,1
1598832000000,53.80585511734604,-1
1598918400000,58.75640402944976,1
1599004800000,47.92696990589407,0
1599091200000,32.7311112217146,-1
1599177600000,37.91966527407311,1
1599264000000,35.24012542700895,-1
1599350400000,36.7805057096422,0
1599436800000,38.83275360049759,1
1599523200000,36.17095491404572,-1
1599609600000,37.89032676434114,0
1599696000000,40.09962830769465,0
1599782400000,41.07828532049823,0
1599868800000,42.13649466162621,1
1599955200000,40.5383685271517,-1
1600041600000,47.28943401812836,0
1600128000000,49.3634420082172,0
1600214400000,52.3626800897014,1
1600300800000,52.08656502830761,0
1600387200000,51.947692897364,-1
1600473600000,54.84077905270797,1
1600560000000,51.22383159083535,0
1600646400000,41.89052154695642,-1
1600732800000,44.33097115819377,1
1600819200000,39.72460847672424,-1
1600905600000,49.44086418762303,1
1600992000000,48.59448023109104,-1
1601078400000,49.382562966591074,0
1601164800000,50.27633304357632,1
1601251200000,48.69165188775586,-1
1601337600000,51.71969488413573,1
1601424000000,50.30470508072663,0
1601510400000,46.899175870512735,0
1601596800000,45.864362080594,0
1601683200000,45.23918948910548,-1
1601769600000,48.55841827318952,0
1601856000000,51.73452853503057,1
1601942400000,46.94814573879551,-1
1602028800000,48.71885371208998,0
1602115200000,55.00107915996245,0
1602201600000,57.69441112605628,0
1602288000000,62.39565076706319,0
1602374400000,63.751175570956775,0
1602460800000,66.48429217260446,1
1602547200000,63.02330059379963,0
1602633600000,62.93582236677103,-1
1602720000000,64.66160064097701,1
1602806400000,58.4218081965582,-1
1602892800000,59.35124695985024,0
1602979200000,62.50720066840413,0
1603065600000,67.26260653409201,0
1603152000000,69.88813613232001,0
1603238400000,79.57886605824207,0
1603324800000,80.99713820174588,1
1603411200000,79.55526525295456,-1
1603497600000,81.06227400304351,1
1603584000000,78.33001486945253,-1
1603670400000,78.54941917772017,0
1603756800000,83.14404143131007,1
1603843200000,72.5477672031866,-1
1603929600000,74.350008387974,0
1604016000000,75.31260658289266,0
1604102400000,77.33823450243098,1
1604188800000,76.47488619459126,0
1604275200000,70.38980587159895,-1
1604361600000,75.14960180553996,0
1604448000000,76.1966343363262,0
1604534400000,84.58917848523848,1
1604620800000,84.36543285299332,0
1604707200000,69.44780037209514,-1
1604793600000,73.75727033871692,1
1604880000000,71.33708415616681,0
1604966400000,70.80491935865781,-1
1605052800000,73.45072630744534,0
1605139200000,76.97817239454618,0
1605225600000,77.13346684794543,1
1605312000000,72.5596889373077,0
1605398400000,70.51819312030656,-1
1605484800000,75.47394998522307,0
1605571200000,80.0000510720181,0
1605657600000,80.4789030966068,0
1605744000000,80.59334874881706,0
1605830400000,83.85026478896285,0
1605916800000,84.01332276960402,1
1606003200000,78.85812393780509,0
1606089600000,78.03076684119542,-1
1606176000000,81.58081078953832,1
1606262400000,74.37564930560524,0
1606348800000,55.56183270594904,0
1606435200000,55.46605132556634,-1
1606521600000,59.81699594020829,0
1606608000000,62.94211342319718,0
1606694400000,70.86767523209849,1
1606780800000,62.06066961547697,-1
1606867200000,64.31362512688199,0
1606953600000,65.41079267719726,1
1607040000000,58.54577976071682,-1
1607126400000,61.3603986655323,0
1607212800000,62.52740575567932,1
1607299200000,60.73156493815323,0
1607385600000,53.48837086203356,-1
1607472000000,54.97842309582171,1
1607558400000,52.58384461488293,0
1607644800000,50.77188510921198,-1
1607731200000,56.48847194704235,0
1607817600000,58.92523334539452,0
1607904000000,59.578453631452575,0
1607990400000,60.63148615019615,0
1608076800000,70.82522731245207,0
1608163200000,75.9580179496605,0
1608249600000,76.88745893897753,0
1608336000000,78.90899598767004,1
1608422400000,75.27467373605582,0
1608508800000,68.45070048892086,-1
1608595200000,72.44037390906165,1
1608681600000,67.56562875349664,-1
1608768000000,69.4660723163893,0
1608854400000,72.85824619599413,0
1608940800000,77.69225475337088,1
1609027200000,75.9601350340821,-1
1609113600000,77.95443513056976,0
1609200000000,78.6839306355196,0
1609286400000,81.84037070477713,0
1609372800000,81.93332393914733,0
1609459200000,82.74062677663944,0
1609545600000,87.07840655363415,0
1609632000000,88.01481078512367,1
1609718400000,80.30169229448944,-1
1609804800000,83.34854617868797,0
1609891200000,86.56651174307689,0
1609977600000,88.77304761411598,0
1610064000000,89.57016817087845,1
1610150400000,86.71972690182311,0
1610236800000,76.4519751726858,0
1610323200000,64.75562394518298,0
1610409600000,59.89202628410138,-1
1610496000000,66.53344192537963,0
1610582400000,69.4434896339485,1
1610668800000,61.62510690565947,0
1610755200000,59.385424568649206,0
1610841600000,58.87239776989443,-1
1610928000000,60.639112210883546,1
1611014400000,58.15936027590677,0
1611100800000,56.72994926359233,0
1611187200000,44.01808070172223,-1
1611273600000,49.54192405675888,1
1611360000000,47.45469843434725,-1
1611446400000,47.95006857755044,1
1611532800000,47.93481843633596,-1
1611619200000,48.59451492060733,1
1611705600000,42.8419136557669,-1
1611792000000,51.63897253768175,0
1611878400000,53.89997608722033,0
1611964800000,53.9278957166855,1
1612051200000,50.3319399490173,-1
1612137600000,51.61897611375671,0
1612224000000,56.99114720232591,0
1612310400000,62.02964305189503,1
1612396800000,59.64485699266955,-1
1612483200000,62.70831988099575,0
1612569600000,64.62419831081672,1
1612656000000,63.100905291841926,-1
1612742400000,75.26449230211139,0
1612828800000,75.31715365812585,1
1612915200000,69.66187563274093,-1
1613001600000,73.81321215259644,1
1613088000000,71.53965667590437,0
1613174400000,71.07666929605348,-1
1613260800000,73.07252907795905,1
1613347200000,70.61583018157114,-1
1613433600000,72.44500197378244,0
1613520000000,76.32282264273654,1
1613606400000,74.18760064984714,-1
1613692800000,79.03609364542018,1
1613779200000,78.79879453913064,-1
1613865600000,80.33641877165428,1
1613952000000,68.929666315802,0
1614038400000,55.620806392202375,-1
1614124800000,56.9726278508106,1
1614211200000,51.385708494370064,0
1614297600000,49.77614401290222,0
1614384000000,49.41957857013235,0
1614470400000,47.33953931137897,-1
1614556800000,56.40122186054826,1
1614643200000,53.832097760251,-1
1614729600000,57.31818132963953,1
1614816000000,52.86909668764007,-1
1614902400000,53.61042345066692,0
1614988800000,53.88038166498498,0
1615075200000,58.08657745285712,0
1615161600000,60.68035622247073,0
1615248000000,64.86686073385339,0
1615334400000,66.35372976112828,0
1615420800000,69.1476736200984,1
1615507200000,67.41753711970166,-1
1615593600000,72.70756100311758,1
1615680000000,66.22668140697252,0
1615766400000,57.81890133447734,-1
1615852800000,59.929339539007806,0
1615939200000,63.02378723156986,1
1616025600000,59.89290634048578,-1
1616112000000,60.53040157719621,0
1616198400000,60.65785857665973,1
1616284800000,58.54300357064038,0
1616371200000,50.317825188685525,-1
1616457600000,50.90341877015842,1
1616544000000,46.26022276932016,0
1616630400000,44.11221008310022,-1
1616716800000,52.82876897827021,0
1616803200000,54.45149706439204,1
1616889600000,54.35099166929737,-1
1616976000000,58.25302130687197,0
1617062400000,60.43142872528826,1
1617148800000,60.413034871190064,0
1617235200000,60.34695556060148,-1
1617321600000,60.87309169499706,1
1617408000000,54.441301541607366,-1
1617494400000,57.37975731323334,0
1617580800000,59.64169083853216,1
1617667200000,55.7325475122401,0
1617753600000,49.482983257968,-1
1617840000000,55.13105221911125,0
1617926400000,55.2958203625133,0
1618012800000,59.32039433028448,0
1618099200000,59.87831477299259,1
1618185600000,59.34321101493849,-1
1618272000000,67.50111996675201,1
1618358400000,65.16812522645596,-1
1618444800000,65.58531194462195,1
1618531200000,58.69215732610043,0
1618617600000,54.22592567545475,0
1618704000000,43.802487391835285,0
1618790400000,42.62006163884125,-1
1618876800000,45.06666105061354,1
1618963200000,39.08860120291813,0
1619049600000,35.1021842587308,0
1619136000000,34.09173481548858,0
1619222400000,32.1916758362194,0
1619308800000,30.523286910165893,-1
1619395200000,45.75234612710113,0
1619481600000,48.25391781556584,1
1619568000000,47.864057503773125,0
1619654400000,44.82572592408593,-1
1619740800000,54.74351131168008,0
1619827200000,54.96696401674885,1
1619913600000,51.7945752585626,-1
1620000000000,53.201569409070096,1
1620086400000,43.93014182100955,-1
1620172800000,53.28624774560041,1
1620259200000,51.02965252243338,-1
1620345600000,52.92655467636092,0
1620432000000,56.00931022101109,1
1620518400000,54.46709180343704,0
1620604800000,48.81693585505902,-1
1620691200000,50.75432925929756,1
1620777600000,37.98905120362458,-1
1620864000000,38.08352227671614,0
1620950400000,38.517231656397016,1
1621036800000,33.899481895762534,0
1621123200000,33.43465233350014,0
1621209600000,29.61717827884354,0
1621296000000,28.77554561880885,0
1621382400000,22.58879093642477,-1
1621468800000,32.34548728531556,1
1621555200000,28.98724561802265,-1
1621641600000,29.46344142120201,1
1621728000000,26.734715823341432,-1
1621814400000,36.168852194153175,1
1621900800000,35.60656853842367,-1
1621987200000,37.63725911364359,1
1622073600000,36.67057936114444,0
1622160000000,32.995877295339355,0
1622246400000,31.731562324740068,-1
1622332800000,34.38241371369621,0
1622419200000,38.39189673059453,1
1622505600000,37.5330759993302,-1
1622592000000,39.79779728406808,0
1622678400000,43.98903247022848,1
1622764800000,39.70050215307788,0
1622851200000,37.55472484839585,-1
1622937600000,38.32710831795976,1
1623024000000,34.66764691712861,0
1623110400000,34.39652887653928,-1
1623196800000,45.15857555843149,1
1623283200000,43.78358432415987,-1
1623369600000,45.43203823655357,1
1623456000000,41.83677687256708,-1
1623542400000,50.10884271006287,0
1623628800000,53.1949158571715,1
1623715200000,52.327393199301625,0
1623801600000,48.2417933191136,0
1623888000000,47.67006036575287,0
1623974400000,42.81828998807097,0
1624060800000,42.13539121592084,-1
1624147200000,42.47765121834085,1
1624233600000,34.86519988576352,-1
1624320000000,37.58344230324428,0
1624406400000,41.0224454187664,0
1624492800000,43.83188627423909,1
1624579200000,37.77515950893034,-1
1624665600000,39.8094063184673,0
1624752000000,46.33922337746599,1
1624838400000,45.88350259514765,-1
1624924800000,49.56703055016423,1
1625011200000,47.439751801586645,0
1625097600000,43.83893915658562,-1
1625184000000,44.666605746067006,0
1625270400000,47.28629041632428,0
1625356800000,49.10159311980257,1
1625443200000,44.80505946923315,-1
1625529600000,46.47910198383286,1
1625616000000,45.47584338371688,0
1625702400000,42.73768395077073,-1
1625788800000,46.07045872638997,1
1625875200000,45.12886580766029,-1
1625961600000,47.89960709597695,1
1626048000000,44.17497563123868,0
1626134400000,43.07693671819158,-1
1626220800000,43.45970286643656,1
1626307200000,40.41162446409889,0
1626393600000,38.86240778570811,-1
1626480000000,39.54755832543858,0
1626566400000,40.90121201087938,1
1626652800000,37.60716899340829,0
1626739200000,34.284052039101184,-1
1626825600000,45.845901311325854,0
1626912000000,46.46343764368097,0
1626998400000,52.000446357539175,0
1627084800000,54.356983004316575,0
1627171200000,58.32197881316426,0
1627257600000,63.90512429194423,0
1627344000000,69.2160789770225,0
1627430400000,70.40254944673612,1
1627516800000,70.3865294930069,-1
1627603200000,74.78057300506875,1
1627689600000,70.92722331805632,0
1627776000000,63.30110202961764,0
1627862400000,60.28822967523479,0
1627948800000,56.39039160973627,-1
1628035200000,60.79010699624835,0
1628121600000,63.749704568058085,0
1628208000000,68.22583473237151,0
1628294400000,71.55140739399387,1
1628380800000,68.10955422422646,-1
1628467200000,72.59564245100766,1
1628553600000,69.72448931002897,0
1628640000000,69.39729696725269,0
1628726400000,64.49855863434226,-1
1628812800000,71.19565088500012,1
1628899200000,68.21502951011934,0
1628985600000,67.81921971084614,0
1629072000000,63.336413609505726,0
1629072000000,63.336413609505726,0
1629158400000,58.31264749436137,-1
1629244800000,58.3402224537387,0
1629331200000,63.98574751981799,0
1629417600000,69.52863564644377,1
1629504000000,67.34739130624513,-1
1629590400000,68.24190963981079,0
1629676800000,68.79260313727798,1
1629763200000,60.56949885025219,-1
1629849600000,63.8968474432869,1
1629936000000,55.6138368999184,-1
1630022400000,61.26639405016817,1
1630108800000,60.61454397045159,0
1630195200000,60.11136196069384,0
1630281600000,53.425984508067536,-1
1630368000000,53.79180053608026,0
1630454400000,58.8372705848751,0
1630540800000,60.036050731619305,0
1630627200000,62.0876891299526,1
1630713600000,61.70911893387256,-1
1630800000000,66.55215472578415,0
1630886400000,68.65533771209985,1
1630972800000,47.90922935102096,0
1631059200000,45.81328804514236,-1
1631145600000,46.87781302681436,1
1631232000000,42.84215481497127,-1
1631318400000,43.928747085079465,0
1631404800000,46.802002711287365,1
1631491200000,43.72867802457177,-1
1631577600000,50.7062566843582,0
1631664000000,53.58945949207,1
1631750400000,52.337263546900125,0
1631836800000,50.875966748117975,-1
1631923200000,54.0113565325952,1
1632009600000,50.34768896669118,0
1632096000000,38.91645326552794,0
1632182400000,34.37893056287285,-1
1632268800000,43.16688893476359,0
1632355200000,46.77806912818639,1
1632441600000,42.28027041164816,0
1632528000000,41.98420148268076,-1
1632614400000,43.4776008872668,1
1632700800000,41.12094492732417,0
1632787200000,38.627505728746485,-1
1632873600000,40.35712105529662,0
1632960000000,47.692398482472896,0
1633046400000,58.1085545854159,1
1633132800000,56.681967152783294,-1
1633219200000,57.92266144432899,0
1633305600000,60.15186610262508,0
1633392000000,64.58210948008214,0
1633478400000,70.60191084832833,1
1633564800000,65.8070702481097,-1
1633651200000,66.07663893772455,0
1633737600000,67.72258692911853,1
1633824000000,66.70751948782647,-1
1633910400000,71.20399954694416,1
1633996800000,66.15909879484153,-1
1634083200000,68.39960897517267,1
1634169600000,68.33183033081917,-1
1634256000000,74.50479106700207,1
1634342400000,71.73019399076614,-1
1634428800000,72.62940497263816,0
1634515200000,73.30396711342706,0
1634601600000,76.27369421754878,0
1634688000000,78.24843930853405,1
1634774400000,65.29620505337022,0
1634860800000,60.99918453479154,-1
1634947200000,62.06832750651509,1
1635033600000,60.76593817331121,-1
1635120000000,64.8374060588107,1
1635206400000,56.973491071075976,0
1635292800000,52.22253980090684,-1
1635379200000,56.620675327242914,0
1635465600000,59.71901883015907,1
1635552000000,58.658097713528655,0
1635638400000,57.10890786606034,0
1635724800000,56.00214474413891,-1
1635811200000,60.85512389318913,1
1635897600000,59.85885548561459,0
1635984000000,55.33130064162048,0
1636070400000,53.99014558119464,-1
1636156800000,55.34813845401705,0
1636243200000,59.67947670542784,0
1636329600000,67.6497279421712,1
1636416000000,65.74671229080795,0
1636502400000,59.32685749172688,0
1636588800000,59.00188980779575,0
1636675200000,56.97595315526553,-1
1636761600000,57.59584768234869,0
1636848000000,60.31683789197498,1
1636934400000,54.04665904330325,0
1637020800000,44.75194543009461,-1
1637107200000,45.56464722758099,1
1637193600000,38.24860078937018,-1
1637280000000,41.64023264904399,0
1637366400000,46.18034201271291,1
1637452800000,43.775295314732936,0
1637539200000,38.99094137424749,-1
1637625600000,42.66804426628727,1
1637712000000,41.82271219421545,-1
1637798400000,46.941271035073264,1
1637884800000,36.898706898413714,-1
1637971200000,39.545314724375984,0
1638057600000,45.8287282950557,0
1638144000000,46.9935043031961,1
1638230400000,45.26726498082015,-1
1638316800000,45.87281739258101,1
1638403200000,44.28271852972392,0
1638489600000,38.41541836382215,0
1638576000000,31.47624642476751,-1
1638662400000,32.19924997081792,0
1638748800000,35.349027495411946,0
1638835200000,35.800680626128056,1
1638921600000,35.586249068615345,0
1639008000000,30.6711789261157,0
1639094400000,30.052302932745363,-1
1639180800000,37.58444332534529,0
1639267200000,39.65001238836692,1
1639353600000,33.60472963711952,-1
1639440000000,38.54452400277515,0
1639526400000,40.07148034496074,1
1639612800000,37.688807373944975,0
1639699200000,34.96219715096909,-1
1639785600000,37.2524712964754,1
1639872000000,36.947148358164334,-1
1639958400000,37.78184961536369,0
1640044800000,44.49385165338522,1
1640131200000,43.718210670273066,-1
1640217600000,50.63170235220658,1
1640304000000,50.57578614486196,0
1640390400000,49.266415059805134,-1
1640476800000,50.5003649077971,1
1640563200000,50.24107881945215,0
1640649600000,40.65521152743827,0
1640736000000,37.98783423510724,-1
1640822400000,40.54258271510152,1
1640908800000,38.20750483112648,-1
1640995200000,43.99397848111921,1
1641081600000,42.74443131495803,0
1641168000000,40.36788469159836,0
1641254400000,38.67512770532405,0
1641340800000,32.91262312069968,0
1641427200000,32.11437009112012,0
1641513600000,29.00112286492076,-1
1641600000000,29.5506660619744,0
1641686400000,30.496371512506546,1
1641772800000,30.396236713912643,-1
1641859200000,35.31909867158632,0
1641945600000,41.12201157830423,1
1642032000000,37.02858268613606,-1
1642118400000,39.44545419164693,0
1642204800000,39.56703669450139,1
1642291200000,39.5226741370313,0
1642377600000,36.48773164041224,-1
1642464000000,37.38345766232216,1
1642550400000,34.94284354764861,0
1642636800000,31.781771717352854,0
1642723200000,22.358658089528404,0
1642809600000,20.260281179421924,-1
1642896000000,26.595200425176245,0
1642982400000,28.755629262088107,0
1643068800000,30.337914297964403,1
1643155200000,29.979407558296074,-1
1643241600000,32.016368669879114,0
1643328000000,35.23524475864991,0
1643414400000,37.80157576847976,1
1643500800000,36.807144335569085,-1
1643587200000,40.279816558347385,0
1643673600000,41.6241224050685,1
1643760000000,34.935587853555106,-1
1643846400000,37.43571146049766,0
1643932800000,56.08868613431803,1
1644019200000,55.290490144706965,-1
1644105600000,58.59560310715978,0
1644192000000,62.911303543727485,0
1644278400000,63.4816072508962,0
1644364800000,64.43813218715803,1
1644451200000,59.93967612799364,0
1644537600000,54.68312479948975,0
1644624000000,53.97482595742952,0
1644710400000,53.19307589479602,-1
1644796800000,55.24338003935221,0
1644883200000,62.59362600323409,1
1644969600000,59.10080237363504,0
1645056000000,45.4414683986666,0
1645142400000,43.68866598659738,-1
1645228800000,44.13766926383703,1
1645315200000,38.75968273351435,0
1645401600000,35.01623752586079,-1
1645488000000,40.50192728161952,1
1645574400000,37.74924795749864,-1
1645660800000,42.38310811289271,0
1645747200000,45.96960285095064,1
1645833600000,45.61835693968049,0
1645920000000,40.9550911882973,-1
1646006400000,58.53778169248496,0
1646092800000,61.39686914850044,1
1646179200000,59.54489466100001,0
1646265600000,54.70393010319359,0
1646352000000,45.54448380357286,-1
1646438400000,46.27514620033968,1
1646524800000,43.79475263049257,0
1646611200000,42.70293217298131,-1
1646697600000,45.2261919883909,0
1646784000000,54.54703354815077,1
1646870400000,47.689208212969234,0
1646956800000,45.97848427570233,-1
1647043200000,46.21192595226256,1
1647129600000,43.529650483348206,-1
1647216000000,49.35126916546739,1
1647302400000,48.24541379976194,-1
1647388800000,53.5065163865286,1
1647475200000,52.88733102875021,-1
1647561600000,55.273825576850015,0
1647648000000,56.526857040205336,1
1647734400000,53.13359181555004,0
1647820800000,52.19973447576203,-1
1647907200000,56.51344011179204,0
1647993600000,58.065454052389846,0
1648080000000,61.24936210235212,0
1648166400000,62.14742286480893,0
1648252800000,62.720401089380296,0
1648339200000,68.68872207913333,0
1648425600000,69.36020142621831,0
1648512000000,70.09344202507774,1
1648598400000,68.03589638048109,0
1648684800000,59.98362840044945,-1
1648771200000,62.36460512526863,1
1648857600000,60.01450057440814,-1
1648944000000,61.96277921660506,0
1649030400000,62.53362818492168,1
1649116800000,56.793031734501575,0
1649203200000,46.84210789612864,-1
1649289600000,47.99631142890463,1
1649376000000,43.55999557873281,-1
1649462400000,45.83029445015729,1
1649548800000,43.59148183621834,0
1649635200000,35.37273912533077,-1
1649721600000,37.98134938507102,0
1649808000000,42.87417476439199,1
1649894400000,39.13808388882895,-1
1649980800000,41.89529980025527,1
1650067200000,41.32246302696572,0
1650153600000,38.99945893800274,-1
1650240000000,44.39553218089429,0
1650326400000,47.47884071631557,1
1650412800000,46.93216884414209,0
1650499200000,43.428910351727495,0
1650585600000,40.566518750422574,0
1650672000000,39.5910204086972,-1
1650758400000,39.64084938675299,0
1650844800000,45.20948829551254,1
1650931200000,36.5916007184689,-1
1651017600000,42.33800339330658,0
1651104000000,44.76833788269656,1
1651190400000,40.59788594250762,0
1651276800000,37.43440572422723,-1
1651363200000,41.68063200551966,0
1651449600000,41.96832639019371,1
1651536000000,39.06002995937176,-1
1651622400000,48.52205224666661,1
1651708800000,38.28220713398969,0
1651795200000,36.84299424524328,0
1651881600000,35.40381419161862,0
1651968000000,31.8543885341786,0
1652054400000,24.535231194783023,-1
1652140800000,28.72310532589708,1
1652227200000,25.61058525577521,0
1652313600000,25.49520855898018,-1
1652400000000,26.72807295302076,0
1652486400000,30.57331848577488,0
1652572800000,36.17613766580502,1
1652659200000,32.83387796393048,-1
1652745600000,35.35774940945967,1
1652832000000,31.49642863262948,-1
1652918400000,38.23279514143535,1
1653004800000,35.60407616843382,-1
1653091200000,36.6281719676997,0
1653177600000,40.19104692004613,1
1653264000000,37.05933550913083,-1
1653350400000,39.40035391560037,1
1653436800000,39.07770483973466,0
1653523200000,38.06027542754562,0
1653609600000,36.35092903009533,-1
1653696000000,38.44256975430955,0
1653782400000,40.72443608118994,0
1653868800000,50.8951006135683,0
1653955200000,51.16120182685051,1
1654041600000,43.56901933072576,-1
1654128000000,46.34852116741836,1
1654214400000,43.65477267488798,-1
1654300800000,44.41234322873861,0
1654387200000,44.68207126887943,0
1654473600000,51.37776928326605,1
1654560000000,50.261252868040565,0
1654646400000,46.2405590083541,0
1654732800000,45.83376238991374,0
1654819200000,41.60280087583021,0
1654905600000,39.05817407647188,0
1654992000000,33.0255661895788,0
1655078400000,24.151424629401102,0
1655164800000,23.565782440500143,-1
1655251200000,26.027543056281743,1
1655337600000,22.26046479828551,-1
1655424000000,22.633437360341546,1
1655510400000,20.305135148145368,-1
1655596800000,28.752407798127336,1
1655683200000,28.75218261079972,-1
1655769600000,29.56034313601188,1
1655856000000,27.88587552453072,-1
1655942400000,34.02592572117406,0
1656028800000,34.706497137593985,0
1656115200000,36.11687247851298,1
1656201600000,34.6750818951608,0
1656288000000,33.7294016444,0
1656374400000,32.25085259713302,0
1656460800000,31.73675551363837,0
1656547200000,31.126390310318968,0
1656633600000,28.93103721192847,0
1656720000000,28.841776915686182,-1
1656806400000,29.389578547106865,0
1656892800000,37.01939954225348,1
1656979200000,36.73677952833585,-1
1657065600000,39.8918505132642,0
1657152000000,47.57419569513017,1
1657238400000,47.38826303066632,0
1657324800000,47.36900517666893,0
1657411200000,42.70112024341029,0
1657497600000,37.76234130885506,0
1657584000000,34.708885876023416,-1
1657670400000,41.9266396722801,0
1657756800000,44.50740458032592,0
1657843200000,46.259933599341686,0
1657929600000,48.89423880596093,1
1658016000000,46.24032763200943,-1
1658102400000,56.65884560909996,0
1658188800000,61.409425689677605,1
1658275200000,60.13328254967849,0
1658361600000,59.58617021140397,0
1658448000000,55.98114022488129,0
1658534400000,54.214365686587016,-1
1658620800000,55.05481549496703,1
1658707200000,46.07021006927733,0
1658793600000,45.71415201976343,-1
1658880000000,56.61656370676393,0
1658966400000,61.03654883790637,1
1659052800000,60.520677130803,0
1659139200000,59.50108808449641,0
1659225600000,56.73347846928115,0
1659312000000,56.52882318827207,0
1659398400000,54.197747123917615,0
1659484800000,52.780612343124304,0
1659571200000,51.120463435665584,-1
1659657600000,56.33896130038843,1
1659744000000,53.16314752450962,-1
1659830400000,54.847948199402495,0
1659916800000,59.38942877882833,1
1660003200000,53.3845237745649,-1
1660089600000,58.84396762299426,1
1660176000000,58.66306653686621,-1
1660262400000,61.690587689236686,0
1660348800000,61.931798088741246,1
1660435200000,60.45157478706272,0
1660521600000,58.13863497505977,0
1660608000000,55.52813640038624,0
1660608000000,55.52813640038623,0
1660694400000,49.97702171721913,0
1660780800000,48.43472215281055,0
1660867200000,31.92497973160532,-1
1660953600000,35.01882221951212,0
1661040000000,38.70446404255056,1
1661126400000,37.98906851564166,-1
1661212800000,39.33747769390867,1
1661299200000,38.22260011486557,-1
1661385600000,40.38036112130581,1
1661472000000,32.057726527740456,0
1661558400000,30.99573079548709,0
1661644800000,28.58016023466864,-1
1661731200000,36.635843897349126,1
1661817600000,33.95758109153627,-1
1661904000000,36.47227917961529,0
1661990400000,37.350033139093405,1
1662076800000,36.16335884607364,0
1662163200000,35.35536022889825,-1
1662249600000,37.467572015347685,1
1662336000000,35.93965258765908,0
1662422400000,29.52664311163703,-1
1662508800000,35.69439517762248,0
1662595200000,36.01775037067685,0
1662681600000,54.63157412781639,0
1662768000000,56.55441380170744,0
1662854400000,57.74890790162081,0
1662940800000,61.39147888534038,1
1663027200000,45.05214105972245,-1
1663113600000,45.426199543052846,1
1663200000000,42.35916998903959,-1
1663286400000,43.157847960391386,0
1663372800000,45.639799917045664,1
1663459200000,41.277477358925545,-1
1663545600000,42.30641747346569,1
1663632000000,38.34261337681365,0
1663718400000,36.06870685830527,-1
1663804800000,44.17356675036012,1
1663891200000,43.46843693746444,0
1663977600000,41.13049892908522,0
1664064000000,40.41369081259466,-1
1664150400000,44.29921458083539,1
1664236800000,43.22570099128749,-1
1664323200000,46.36686639903145,0
1664409600000,48.02520626129249,1
1664496000000,46.559775414502376,0
1664582400000,45.56979674079933,0
1664668800000,43.31241733204416,-1
1664755200000,49.39170021703057,0
1664841600000,55.72443864884054,1
1664928000000,53.88475539666461,0
1665014400000,51.8559697632484,0
1665100800000,47.64607757463252,0
1665187200000,46.58542075634363,-1
1665273600000,46.82485027042578,1
1665360000000,43.745042890833645,0
1665446400000,43.0318306495214,-1
1665532800000,44.33104212998841,0
1665619200000,47.30603355132053,1
1665705600000,44.9701409406267,0
1665792000000,43.70901510341167,-1
1665878400000,46.61156019415904,0
1665964800000,50.67081318907597,1
1666051200000,47.6460980632098,0
1666137600000,44.99974440311963,0
1666224000000,43.93989909452716,-1
1666310400000,45.98453254238317,0
1666396800000,46.668466770649,0
1666483200000,52.58774939179656,1
1666569600000,48.7559979299844,-1
1666656000000,58.828139234644574,0
1666742400000,65.54875715322117,1
1666828800000,58.46695484182401,-1
1666915200000,61.27300000682567,0
1667001600000,63.23661909395548,1
1667088000000,60.474714064720686,0
1667174400000,58.41264735511744,0
1667260800000,58.30117291984336,0
1667347200000,53.205732685692965,-1
1667433600000,53.93724510371661,0
1667520000000,64.09480285652924,0
1667606400000,65.41197930220576,1
1667692800000,59.29663720205687,0
1667779200000,54.88416364250366,0
1667865600000,36.08690788775968,0
1667952000000,24.489051207157445,-1
1668038400000,38.17367310134704,1
1668124800000,35.9542433313343,0
1668211200000,34.8915084374772,0
1668297600000,32.93379646319684,-1
1668384000000,35.28232567390826,0
1668470400000,37.56765765735167,1
1668556800000,36.39673731551975,-1
1668643200000,36.663141221589726,0
1668729600000,36.73869301477964,0
1668816000000,36.74106190900637,1
1668902400000,34.218511642493,0
1668988800000,31.4583021012224,-1
1669075200000,36.393585789467686,0
1669161600000,40.30108273671126,1
1669248000000,40.2716188064024,0
1669334400000,39.69456785607631,0
1669420800000,39.194010432306655,0
1669507200000,38.94615956525253,0
1669593600000,37.11459619207743,-1
1669680000000,40.32915660406345,0
1669766400000,49.12457109027974,1
1669852800000,47.18963411371979,-1
1669939200000,48.54157955292995,1
1670025600000,46.24793589691889,-1
1670112000000,49.00490507700646,1
1670198400000,47.351962336983824,-1
1670284800000,48.9825371029529,1
1670371200000,45.836387446683766,-1
1670457600000,51.03712451425192,1
1670544000000,49.76815308133338,0
1670630400000,49.753233034761806,0
1670716800000,49.12417572725212,-1
1670803200000,51.08251231724236,0
1670889600000,58.81176153351301,0
1670976000000,59.16175399581071,1
1671062400000,51.72757686737048,0
1671148800000,42.4224917502829,-1
1671235200000,44.56377076065669,1
1671321600000,44.095236117078144,0
1671408000000,40.51131157104372,-1
1671494400000,47.5195826993776,1
1671580800000,46.60180623129217,0
1671667200000,46.55754748454424,0
1671753600000,45.93504502688889,-1
1671840000000,46.96010825243289,1
1671926400000,46.89347315920632,-1
1672012800000,48.60296500909554,1
1672099200000,44.81140117586182,0
1672185600000,42.16654984543844,-1
1672272000000,44.09161909492163,1
1672358400000,43.61994970976903,0
1672444800000,42.39690661498985,-1
1672531200000,44.31774799457988,0
1672617600000,45.78724447924501,0
1672704000000,45.85059124988888,0
1672790400000,50.56785024363791,1
1672876800000,50.07149440416964,-1
1672963200000,53.24364636850808,1
1673049600000,53.0274206147099,-1
1673136000000,57.82753025552538,0
1673222400000,59.06060872270864,0
1673308800000,64.82388109839759,0
1673395200000,72.73978308752399,0
1673481600000,81.01110915056735,0
1673568000000,86.35739157977245,0
1673654400000,89.39835474077391,1
1673740800000,87.68515129533121,-1
1673827200000,88.57323570083486,1
1673913600000,87.47383379429539,0
1674000000000,78.08445446557235,-1
1674086400000,80.06983428646552,0
1674172800000,85.71295565470106,0
1674259200000,86.02368721383884,1
1674345600000,84.73284219413542,-1
1674432000000,85.38387243897279,1
1674518400000,80.36628800128312,-1
1674604800000,82.07839160894476,1
1674691200000,81.16507843947446,-1
1674777600000,81.44474264926781,1
1674864000000,80.4169833789056,-1
1674950400000,83.5394388960893,1
1675036800000,68.55457289678205,-1
1675123200000,70.41935940949944,0
1675209600000,73.81716526387513,1
1675296000000,70.32718979893122,0
1675382400000,69.49902502592292,0
1675468800000,67.91271829673471,0
1675555200000,62.18163241499792,0
1675641600000,59.82976502751349,-1
1675728000000,63.94870565854815,1
1675814400000,60.09622857263592,0
1675900800000,47.216027623827685,0
1675987200000,45.6695331635446,-1
1676073600000,48.20321270498628,1
1676160000000,47.41063252232134,0
1676246400000,47.30916499739696,-1
1676332800000,52.21069663779152,0
1676419200000,68.13390701942528,1
1676505600000,59.966094660248174,-1
1676592000000,65.73830447976466,0
1676678400000,66.04882214911973,1
1676764800000,62.503570587798805,-1
1676851200000,65.6483659051843,1
1676937600000,61.829933480632754,0
1677024000000,59.260794911099175,0
1677110400000,56.97514934585322,0
1677196800000,50.43989977064525,0
1677283200000,50.20805536519824,-1
1677369600000,53.455637260136655,1
1677456000000,52.8697247809618,0
1677542400000,49.59982860072713,-1
1677628800000,53.87200248770783,1
1677715200000,52.269923442761055,0
1677801600000,42.9350628190529,0
1677888000000,42.87738832944613,-1
1677974400000,43.75358170048398,1
1678060800000,43.579441519813166,0
1678147200000,41.70667796289833,0
1678233600000,37.65853813639264,0
1678320000000,29.30456390298677,0
1678406400000,28.2420481763655,-1
1678492800000,32.06720373838901,0
1678579200000,47.342153006150205,0
1678665600000,60.48135276456366,0
1678752000000,63.09128056680554,1
1678838400000,60.13648678783674,-1
1678924800000,63.54441599836437,0
1679011200000,72.15805825585139,1
1679097600000,68.60570023888671,-1
1679184000000,71.86462611089588,1
1679270400000,69.98567543792205,-1
1679356800000,71.21616370829702,1
1679443200000,64.91204159660387,-1
1679529600000,68.5738327530983,1
1679616000000,62.883491440786,-1
1679702400000,62.91690874003219,0
1679788800000,64.94161637105346,1
1679875200000,59.13725357892328,-1
1679961600000,59.7627066758422,0
1680048000000,64.44391069879975,1
1680134400000,62.15212909843486,-1
1680220800000,64.0321307143248,1
1680307200000,63.93324828748744,0
1680393600000,61.65317992338685,0
1680480000000,58.66971450069782,-1
1680566400000,60.68337843906703,0
1680652800000,60.70898790998316,1
1680739200000,59.457842997775245,0
1680825600000,58.24766643699615,-1
1680912000000,58.476474017081046,0
1680998400000,61.22788205435622,0
1681084800000,68.81333825785427,0
1681171200000,71.39665283782696,1
1681257600000,68.03024645747841,-1
1681344000000,70.37012029198523,0
1681430400000,70.8110092828554,1
1681516800000,68.77656516211658,-1
1681603200000,68.83021853764924,1
1681689600000,58.86669339701815,-1
1681776000000,64.8230565774866,1
1681862400000,51.45052737556327,0
1681948800000,47.74207906773908,0
1682035200000,41.96882831917628,-1
1682121600000,45.94506173450869,1
1682208000000,44.60102530181611,0
1682294400000,44.11167856270394,-1
1682380800000,49.972042841254215,0
1682467200000,50.77780080966926,0
1682553600000,57.574123921507685,1
1682640000000,56.29903309794548,0
1682726400000,55.629743258511816,-1
1682812800000,55.649031240960106,1
1682899200000,46.46728924016752,-1
1682985600000,50.96658785795798,0
1683072000000,53.4613657940759,1
1683158400000,51.959162765322176,-1
1683244800000,56.6196101161313,1
1683331200000,51.33698656832671,0
1683417600000,48.25351273154335,0
1683504000000,43.16901471680583,0
1683590400000,42.9098542385765,0
1683676800000,42.70869290036907,0
1683763200000,38.553857689198495,0
1683849600000,37.47223355853433,0
1683936000000,37.344010387094,-1
1684022400000,38.96660133276001,0
1684108800000,41.75697574598356,1
1684195200000,40.705392104342245,-1
1684281600000,45.02562771069661,1
1684368000000,40.082360915708,-1
1684454400000,40.78898437662631,0
1684540800000,43.492356829858494,1
1684627200000,40.32716322708081,-1
1684713600000,41.63616174165806,0
1684800000000,46.26804068060518,1
1684886400000,38.379759909641926,-1
1684972800000,40.16568061213276,0
1685059200000,43.0172851971117,0
1685145600000,44.82698536201207,0
1685232000000,56.86679576311439,1
1685318400000,53.45719123980973,0
1685404800000,53.01962049318364,0
1685491200000,48.12991343122172,0
1685577600000,44.54337920085528,-1
1685664000000,48.9745796495754,1
1685750400000,47.31246548497656,-1
1685836800000,47.81838541707965,1
1685923200000,36.45052829124355,-1
1686009600000,50.24389790453062,1
1686096000000,44.1266040896296,-1
1686182400000,45.40652882577936,1
1686268800000,45.26070960895868,0
1686355200000,40.92849270900479,-1
1686441600000,41.72433627196919,1
1686528000000,41.578706727020034,-1
1686614400000,41.89045927965493,1
1686700800000,36.1336005125826,-1
1686787200000,41.208414198456055,0
1686873600000,48.2444595160997,0
1686960000000,49.73695991577022,1
1687046400000,48.19640880815346,-1
1687132800000,52.69261312363964,0
1687219200000,62.786305315471935,0
1687305600000,70.57436349513056,1
1687392000000,69.56103039918301,-1
1687478400000,72.6766604758744,1
1687564800000,71.10561038412723,0
1687651200000,70.44613865230943,0
1687737600000,68.39302062771142,-1
1687824000000,70.41745825600215,1
1687910400000,64.01887410785324,-1
1687996800000,66.01880462460838,0
1688083200000,66.15403321604674,0
1688169600000,66.81021123501799,0
1688256000000,66.9985276381505,0
1688342400000,70.15687072180211,1
1688428800000,65.29311659403125,0
1688515200000,62.17572468815639,0
1688601600000,55.52756023955909,-1
1688688000000,59.00762913171361,1
1688774400000,58.35016229720999,0
1688860800000,56.94068898043795,-1
1688947200000,59.09479964533656,0
1689033600000,60.86426352319764,1
1689120000000,57.769501360735255,-1
1689206400000,66.02451419911151,1
1689292800000,53.94885285400092,0
1689379200000,53.740436746401,0
1689465600000,53.17453327902216,0
1689552000000,52.207271299949205,0
1689638400000,49.33952814065448,-1
1689724800000,49.87204874949797,1
1689811200000,48.67056919491785,-1
1689897600000,49.88168116852259,1
1689984000000,48.574602340839576,-1
1690070400000,52.20267575156209,1
1690156800000,42.17049549501163,-1
1690243200000,42.85371838168136,0
1690329600000,44.511280375554485,1
1690416000000,43.09797184019265,-1
1690502400000,44.44154871385468,0
1690588800000,45.03452472201872,1
1690675200000,44.095521005697066,0
1690761600000,43.43222223840623,-1
1690848000000,51.11379456643318,1
1690934400000,44.04410894676576,-1
1691020800000,44.16614332354908,1
1691107200000,43.10919866747672,0
1691193600000,42.53311169580636,-1
1691280000000,42.85316098014904,0
1691366400000,45.32208032325183,0
1691452800000,54.89388922355596,1
1691539200000,51.61589045831838,0
1691625600000,49.48392320633963,0
1691712000000,48.97109322492915,-1
1691798400000,49.05030451657112,1
1691884800000,46.66965084253695,-1
1691971200000,49.33382259565685,1
1692057600000,44.94062663763956,0
1692144000000,37.60818158942403,0
1692144000000,37.60818158942403,0
1692230400000,20.336941960364143,0
1692316800000,17.939363487584856,-1
1692403200000,18.77266318161472,0
1692489600000,20.473476997373467,1
1692576000000,20.15491276769643,0
1692662400000,19.78216942085838,-1
1692748800000,27.456845398614675,1
1692835200000,25.68208740070652,0
1692921600000,24.85994754699948,0
1693008000000,24.559197676396536,-1
1693094400000,26.45574603958984,0
1693180800000,26.88331191867985,0
1693267200000,52.77458814556937,1
1693353600000,48.00039870401905,0
1693440000000,36.417897785581125,0
1693526400000,35.49676912418569,-1
1693612800000,36.3205353130166,0
1693699200000,37.67296378454097,1
1693785600000,36.48174657527342,0
1693872000000,36.193808381922,0
1693958400000,35.904551978329295,-1
1694044800000,43.40488302037524,1
1694131200000,39.90535653410994,0
1694217600000,39.81614374678509,0
1694304000000,39.17951082215637,0
1694390400000,32.78920608353977,-1
1694476800000,42.81193312255564,0
1694563200000,47.5586617791237,0
1694649600000,51.007185060169874,0
1694736000000,51.882731533694844,1
1694822400000,51.366753843237326,0
1694908800000,50.93177373807245,-1
1694995200000,53.997313629434224,0
1695081600000,59.22439693060571,1
1695168000000,57.87584404497186,0
1695254400000,49.88536749928779,-1
1695340800000,50.04620340948769,1
1695427200000,49.98632319856348,0
1695513600000,45.40163832865253,-1
1695600000000,46.3150947699321,1
1695686400000,45.11742472575614,-1
1695772800000,47.76499366691402,0
1695859200000,57.275813505941805,1
1695945600000,55.36008216401467,-1
1696032000000,56.12792283508052,0
1696118400000,67.3367169660813,1
1696204800000,59.42991741521171,0
1696291200000,58.42055845324195,-1
1696377600000,62.01542446138239,1
1696464000000,56.51340585926378,-1
1696550400000,61.69002559068214,0
1696636800000,61.92978400347352,1
1696723200000,61.289975430950456,0
1696809600000,56.13627612622328,0
1696896000000,53.18970380469387,0
1696982400000,46.4358538163605,0
1697068800000,45.04856878465235,-1
1697155200000,46.56712961580132,1
1697241600000,46.438606485939054,-1
1697328000000,51.04905098577786,0
1697414400000,65.37635700971269,1
1697500800000,63.81003845115364,0
1697587200000,62.640149684767685,-1
1697673600000,66.11056919908734,0
1697760000000,72.73003672463636,0
1697846400000,74.102894684967,0
1697932800000,74.5761314075651,0
1698019200000,85.32691651731,0
1698105600000,86.97094886344621,0
1698192000000,87.94861603695175,1
1698278400000,83.87706758661429,0
1698364800000,80.8385964627706,-1
1698451200000,81.36766044007166,0
1698537600000,82.58660986873022,1
1698624000000,81.92288800050298,-1
1698710400000,82.41389701187015,0
1698796800000,84.55380579623747,1
1698883200000,78.2584519517768,0
1698969600000,75.42506091525988,-1
1699056000000,76.81361066820037,1
1699142400000,76.14016788418506,-1
1699228800000,76.29273625793225,0
1699315200000,77.86565751229097,0
1699401600000,78.83218401508967,0
1699488000000,82.71118245968051,0
1699574400000,84.42596743847673,1
1699660800000,81.9250629301268,0
1699747200000,80.9341578387402,0
1699833600000,72.33457822398503,0
1699920000000,61.63829893117016,-1
1700006400000,72.65637962133682,1
1700092800000,59.204365968097136,-1
1700179200000,61.25743861215716,1
1700265600000,60.92155150937656,-1
1700352000000,64.53980333982867,0
1700438400000,64.93249969219121,1
1700524800000,52.83514408102183,-1
1700611200000,60.56071043526278,1
1700697600000,59.83834885863389,-1
1700784000000,61.64928430665345,0
1700870400000,61.94501450198609,1
1700956800000,59.4914578098072,0
1701043200000,57.972244019555085,-1
1701129600000,60.99135441044216,0
1701216000000,61.177810169318384,1
1701302400000,60.0485543037327,-1
1701388800000,65.132634797387,0
1701475200000,68.58164027366922,0
1701561600000,70.7029945792646,0
1701648000000,77.13436974876302,0
1701734400000,81.61677992605178,1
1701820800000,79.1248112857398,0
1701907200000,75.22653585052062,-1
1701993600000,77.42343036199162,1
1702080000000,73.83146995344889,-1
1702166400000,74.04667337577044,1
1702252800000,57.1398288395427,-1
1702339200000,58.11047025548716,0
1702425600000,63.27042777157405,0
1702512000000,63.80486771550315,1
1702598400000,57.44843665519323,-1
1702684800000,58.82727163872363,1
1702771200000,53.80495002445237,-1
1702857600000,59.14084023635049,1
1702944000000,57.029934356794406,-1
1703030400000,62.314672439167566,0
1703116800000,62.99333570910238,0
1703203200000,63.38813890983744,1
1703289600000,61.62612437083223,0
1703376000000,57.07636605728688,-1
1703462400000,59.71153293695194,1
1703548800000,53.28117910470296,-1
1703635200000,57.52714972273977,1
1703721600000,52.67856527995527,0
1703808000000,50.06867685057691,-1
1703894400000,50.45882570833808,0
1703980800000,51.26029947194794,0
1704067200000,60.39070522395489,0
1704153600000,63.38069496776227,1
1704240000000,51.838745049582776,-1
1704326400000,57.06994875867016,1
1704412800000,57.03934393230692,0
1704499200000,56.08340020009032,0
1704585600000,55.859284277220446,-1
1704672000000,66.83452521982043,1
1704758400000,62.19936605979021,-1
1704844800000,63.94130427204784,1
1704931200000,62.15610248264105,0
1705017600000,46.39734989393733,-1
1705104000000,46.66457135893758,1
1705190400000,42.74174554600077,-1
1705276800000,46.14501487467294,0
1705363200000,48.78386815518628,1
1705449600000,47.3418066253012,0
1705536000000,41.99046333444388,-1
1705622400000,43.56278921546521,0
1705708800000,43.74609525519947,1
1705795200000,43.27287483912431,0
1705881600000,35.98285831506544,-1
1705968000000,37.83018203748807,0
1706054400000,38.90897809947404,1
1706140800000,38.43423696229754,-1
1706227200000,48.59622740049829,0
1706313600000,50.01374690183881,1
1706400000000,49.569966574751525,-1
1706486400000,55.59423481811402,1
1706572800000,53.63227464618684,0
1706659200000,51.67120607988888,-1
1706745600000,54.18400127150311,0
1706832000000,54.77341729058045,1
1706918400000,53.57556667131524,0
1707004800000,50.86038431704465,-1
1707091200000,51.63597437068608,0
1707177600000,54.058050607028775,0
1707264000000,60.8284419309139,0
1707350400000,64.9992423686333,0
1707436800000,71.43219775379093,0
1707523200000,73.2101196089082,0
1707609600000,74.71454688263177,0
1707696000000,78.53868389082767,1
1707782400000,76.85389085631373,-1
1707868800000,81.06501705743497,0
1707955200000,81.21401631566476,0
1708041600000,81.66122506919794,1
1708128000000,77.73081451020008,-1
1708214400000,78.85755575369231,1
1708300800000,75.82827829335554,-1
1708387200000,77.09229629437019,1
1708473600000,73.58730607026342,0
1708560000000,68.96110305849369,0
1708646400000,64.71045011465597,-1
1708732800000,67.93330020089195,0
1708819200000,68.53648237621104,0
1708905600000,76.63318856533091,0
1708992000000,81.4297885404522,0
1709078400000,87.33011461160451,1
1709164800000,80.67255756282437,-1
1709251200000,82.0927728302876,1
1709337600000,80.07312231259749,-1
1709424000000,81.45495567052245,0
1709510400000,86.16188955629008,1
1709596800000,69.43825079203663,-1
1709683200000,72.43300594533184,0
1709769600000,73.33016992415938,0
1709856000000,74.86038509501452,0
1709942400000,75.08413074577857,0
1710028800000,75.87015699055158,0
1710115200000,79.28888931696903,1
1710201600000,76.93496596452181,-1
1710288000000,78.69766191501456,1
1710374400000,72.49866859457936,0
1710460800000,66.1973439638445,0
1710547200000,54.796102251916274,-1
1710633600000,60.22923642852552,1
1710720000000,58.317053643344295,0
1710806400000,46.74544011720621,-1
1710892800000,56.43347021263752,1
1710979200000,52.36789165002621,0
1711065600000,49.56564479542298,-1
1711152000000,49.89319784030735,0
1711238400000,55.12022330452254,0
1711324800000,58.94470937550018,0
1711411200000,59.0965319104175,1
1711497600000,57.98876033279833,-1
1711584000000,60.03021639497287,1
1711670400000,57.88074903034384,0
1711756800000,57.24383448948713,-1
1711843200000,60.22584446760977,1
1711929600000,56.17463555575129,0
1712016000000,47.36462402032138,-1
1712102400000,48.40408824063339,0
1712188800000,53.41364662950344,1
1712275200000,51.97735565910058,-1
1712361600000,54.11893335963818,0
1712448000000,55.05113966831977,0
1712534400000,59.37621997703779,1
1712620800000,53.32607225603444,-1
1712707200000,56.210491227499446,1
1712793600000,54.67934075810396,0
1712880000000,48.14747596699464,0
1712966400000,42.15679528696206,-1
1713052800000,46.08855001626248,1
1713139200000,42.11080843031297,-1
1713225600000,42.99332261727749,1
1713312000000,38.7109673496246,-1
1713398400000,43.95063976386499,0
1713484800000,44.75766801040274,0
1713571200000,47.38974500553945,0
1713657600000,47.39109161383697,0
1713744000000,51.84314676508911,1
1713830400000,50.84318857386054,0
1713916800000,45.851276726956186,-1
1714003200000,46.40808570484859,1
1714089600000,44.68171430170349,0
1714176000000,43.937285274373984,0
1714262400000,43.075760456213146,-1
1714348800000,45.57721045613864,1
1714435200000,37.91015987903162,0
1714521600000,33.52350899439543,-1
1714608000000,35.93087560439935,0
1714694400000,47.2351242523922,0
1714780800000,49.75833426993571,0
1714867200000,50.06376389020367,1
1714953600000,47.852279114278105,0
1715040000000,45.66382963333278,0
1715126400000,42.89276243368306,-1
1715212800000,48.54501491175603,1
1715299200000,43.00349453749664,-1
1715385600000,43.08349385458193,0
1715472000000,45.18054951255439,0
1715558400000,49.6054387302149,1
1715644800000,45.87384361874901,-1
1715731200000,57.55528527923992,1
1715817600000,54.87894992551596,-1
1715904000000,56.8427146110134,0
