Open time,aroon_up,stoch,class
1502928000000,0.5138700449530037,0.5432754471770511,0
1503014400000,0.5138700449530037,0.5432754471770511,-1
1503100800000,0.5138700449530037,0.5432754471770511,1
1503187200000,0.5138700449530037,0.5432754471770511,0
1503273600000,0.5138700449530037,0.5432754471770511,-1
1503360000000,0.5138700449530037,0.5432754471770511,0
1503446400000,0.5138700449530037,0.5432754471770511,0
1503532800000,0.5138700449530037,0.5432754471770511,1
1503619200000,0.5138700449530037,0.5432754471770511,-1
1503705600000,0.5138700449530037,0.5432754471770511,1
1503792000000,0.5138700449530037,0.5432754471770511,-1
1503878400000,0.5138700449530037,0.5432754471770511,0
1503964800000,0.5138700449530037,0.5432754471770511,1
1504051200000,0.5138700449530037,0.9265917579962748,-1
1504137600000,0.5138700449530037,0.985574918951456,0
1504224000000,0.5138700449530037,0.9666820186932584,1
1504310400000,0.5138700449530037,0.6964204858973905,-1
1504396800000,0.5138700449530037,0.7205013024426985,1
1504483200000,0.5138700449530037,0.4538978497482021,-1
1504569600000,0.5138700449530037,0.5708141901841189,0
1504656000000,0.5138700449530037,0.7610242682237651,0
1504742400000,0.5138700449530037,0.8149709401794226,1
1504828800000,0.5138700449530037,0.5079840392580344,0
1504915200000,0.5138700449530037,0.4899692750568064,0
1505001600000,0.5138700449530037,0.3935200748064619,-1
1505088000000,0.64,0.452167556428635,1
1505174400000,0.6,0.4185635256656102,0
1505260800000,0.56,0.2540877523019161,0
1505347200000,0.52,0.0110149798696137,-1
1505433600000,0.48,0.4149901758568585,0
1505520000000,0.44,0.4544883050518606,1
1505606400000,0.4,0.4468748543853202,-1
1505692800000,0.36,0.6173733999938994,1
1505779200000,0.32,0.5537736052213361,0
1505865600000,0.28,0.5486640434103692,0
1505952000000,0.24,0.4122636147718565,0
1506038400000,0.2,0.4830243092594163,-1
1506124800000,0.16,0.6099927072511357,1
1506211200000,0.12,0.5336827405505353,-1
1506297600000,0.08,0.6995128590523487,1
1506384000000,0.04,0.7902719599562792,-1
1506470400000,0.0,0.9610148125610076,1
1506556800000,0.16,0.9159736988252124,-1
1506643200000,0.12,0.8492785649301009,0
1506729600000,0.08,0.9991886904494272,1
1506816000000,0.04,0.9696584244759036,-1
1506902400000,0.0,0.8283188818029679,1
1506988800000,0.0,0.761811818249563,0
1507075200000,0.92,0.6654620851788376,-1
1507161600000,0.88,0.7451185452976586,0
1507248000000,0.84,0.8111558684867614,0
1507334400000,0.8,0.852730027621672,0
1507420800000,1.0,0.9829023318616236,0
1507507200000,1.0,0.9014766092283806,1
1507593600000,1.0,0.8375853561583718,-1
1507680000000,0.96,0.8629491009256445,0
1507766400000,1.0,0.994149199912388,0
1507852800000,1.0,0.8875018672338792,0
1507939200000,1.0,0.9840636366163408,1
1508025600000,1.0,0.8833399652034418,-1
1508112000000,0.96,0.9110391484612153,1
1508198400000,0.92,0.819675582177032,0
1508284800000,0.88,0.7737557289010043,-1
1508371200000,0.84,0.8541603193297927,0
1508457600000,1.0,0.9450684235342036,0
1508544000000,1.0,0.916965918049028,1
1508630400000,0.96,0.8641013299303649,0
1508716800000,0.92,0.82916598740192,0
1508803200000,0.88,0.5242824243555418,-1
1508889600000,0.84,0.6462245824119913,0
1508976000000,0.8,0.7270443160003215,1
1509062400000,0.76,0.6447404673084216,0
1509148800000,0.72,0.6011798226220164,-1
1509235200000,1.0,0.983551919389,1
1509321600000,1.0,0.8946575850082881,-1
1509408000000,1.0,0.9768261343018652,0
1509494400000,1.0,0.9869311994870124,0
1509580800000,1.0,0.861310749516103,0
1509667200000,1.0,0.8881893439875509,0
1509753600000,1.0,0.944222750088966,1
1509840000000,1.0,0.8940508441941594,0
1509926400000,0.96,0.7263797000626471,-1
1510012800000,0.92,0.7716507782879757,0
1510099200000,1.0,0.7819128517220688,1
1510185600000,0.96,0.6773495844980246,0
1510272000000,0.92,0.4086809250116807,0
1510358400000,0.88,0.2798107322433796,0
1510444800000,0.84,0.1969559038658602,-1
1510531200000,0.8,0.4657382180343803,0
1510617600000,0.76,0.5104696096374839,0
1510704000000,0.72,0.783400862972127,0
1510790400000,1.0,0.971916044890735,1
1510876800000,1.0,0.8917297813088537,-1
1510963200000,0.96,0.9153643505332226,0
1511049600000,1.0,0.9703518459375278,0
1511136000000,1.0,0.964706742436994,1
1511222400000,1.0,0.9093606068055085,-1
1511308800000,0.96,0.9375565643855376,1
1511395200000,0.92,0.8768867993947392,-1
1511481600000,0.88,0.9153939739580916,0
1511568000000,1.0,0.9906540483773096,0
1511654400000,1.0,0.9398637228666934,0
1511740800000,1.0,0.99960117257362,0
1511827200000,1.0,0.9882949816617168,1
1511913600000,1.0,0.6179331253017359,-1
1512000000000,0.96,0.6228555843831507,0
1512086400000,0.92,0.867109302006831,0
1512172800000,0.88,0.8881622200908573,0
1512259200000,1.0,0.8364172436896044,0
1512345600000,0.96,0.9395457217739868,0
1512432000000,1.0,0.9625325829136638,0
1512518400000,1.0,0.9895417605997188,0
1512604800000,1.0,0.99507518606656,1
1512691200000,1.0,0.8550301610753052,0
1512777600000,0.96,0.7064073174196935,-1
1512864000000,0.92,0.7345863990160275,0
1512950400000,1.0,0.902001516922292,1
1513036800000,0.96,0.87532163052541,0
1513123200000,0.92,0.8336347156951288,-1
1513209600000,0.88,0.860112003773469,0
1513296000000,1.0,0.9404537096160954,0
1513382400000,1.0,0.9524493838726464,1
1513468800000,1.0,0.8961987496081336,0
1513555200000,0.96,0.8876516260692954,0
1513641600000,0.92,0.6920307603771787,0
1513728000000,0.88,0.5539689697294832,0
1513814400000,0.84,0.4194307865986562,0
1513900800000,0.8,0.2660817555860255,0
1513987200000,0.76,0.263060599569615,-1
1514073600000,0.72,0.2857675219026512,0
1514160000000,0.68,0.3083995113919885,0
1514246400000,0.64,0.5342959221838497,1
1514332800000,0.6,0.50829422542029,0
1514419200000,0.56,0.3632106158655881,-1
1514505600000,0.52,0.385553092095179,1
1514592000000,0.48,0.1654219688836757,-1
1514678400000,0.44,0.3290393210015919,1
1514764800000,0.4,0.3013186929085807,-1
1514851200000,0.36,0.5488391774525863,0
1514937600000,0.32,0.6231469838845431,0
1515024000000,0.28,0.7402097439483394,0
1515110400000,0.24,0.9617652729025152,0
1515196800000,0.2,0.9815928188200034,1
1515283200000,0.16,0.8111260927524391,0
1515369600000,0.12,0.5804489169762659,0
1515456000000,0.08,0.4875227148307109,-1
1515542400000,0.04,0.5812902713356447,1
1515628800000,0.0,0.3169150433977842,-1
1515715200000,0.0,0.4039830052497433,0
1515801600000,0.0,0.4856243104206271,1
1515888000000,0.0,0.3579467519328902,-1
1515974400000,0.0,0.3692273884523848,1
1516060800000,0.56,0.2273586055810312,-1
1516147200000,0.52,0.2383016975557243,1
1516233600000,0.48,0.2349962157811857,-1
1516320000000,0.44,0.2994511130569464,0
1516406400000,0.4,0.4659090818016981,1
1516492800000,0.36,0.3410377173113258,0
1516579200000,0.32,0.265234789736234,-1
1516665600000,0.28,0.295825171833826,0
1516752000000,0.24,0.3889668902329899,1
1516838400000,0.2,0.3847907184105053,0
1516924800000,0.16,0.3691799313880238,-1
1517011200000,0.12,0.4620723924111427,0
1517097600000,0.08,0.5448816102409352,1
1517184000000,0.04,0.4907441133691345,0
1517270400000,0.0,0.2938857685247696,-1
1517356800000,0.0,0.170224278467883,1
1517443200000,0.0,0.1067788223028839,0
1517529600000,0.0,0.1676608540552286,-1
1517616000000,0.0,0.2467766067104735,1
1517702400000,0.04,0.056768769183248,0
1517788800000,0.0,0.0537507803154358,-1
1517875200000,0.04,0.262993388724709,1
1517961600000,0.0,0.2544540173290349,-1
1518048000000,0.0,0.2841859423502549,0
1518134400000,0.0,0.4287960349164416,1
1518220800000,0.0,0.4047013163039578,0
1518307200000,0.12,0.3440885340698995,-1
1518393600000,0.08,0.5462191534521574,1
1518480000000,0.04,0.5733218230998887,-1
1518566400000,0.0,0.7960401147997072,0
1518652800000,0.0,0.9487106437651712,0
1518739200000,0.24,0.9629655093078467,0
1518825600000,0.2,0.9938631033182886,1
1518912000000,0.16,0.8314537592217454,-1
1518998400000,0.12,0.977865322753065,0
1519084800000,0.08,0.8742681796710153,1
1519171200000,0.04,0.6798138604711466,0
1519257600000,0.0,0.5127319392735382,-1
1519344000000,0.0,0.5918264098418783,1
1519430400000,0.84,0.4839291934756361,0
1519516800000,0.8,0.4106279416943201,-1
1519603200000,0.76,0.5738257167165957,0
1519689600000,0.72,0.6255144436033253,1
1519776000000,0.68,0.4178257463281822,-1
1519862400000,0.64,0.6548615473726874,0
1519948800000,0.6,0.7024093531920795,0
1520035200000,0.56,0.8724147348730452,0
1520121600000,0.52,0.8926005764696477,1
1520208000000,0.48,0.8682273314697913,0
1520294400000,0.44,0.5915227630123431,0
1520380800000,0.4,0.2592264536784436,0
1520467200000,0.36,0.0776374396553315,0
1520553600000,0.32,0.2640034519665019,0
1520640000000,0.28,0.1284444194694416,-1
1520726400000,0.24,0.3549845207362021,1
1520812800000,0.2,0.2356143433175489,-1
1520899200000,0.16,0.2411520891610515,1
1520985600000,0.12,0.0685404752669252,-1
1521072000000,0.08,0.1435570909980457,0
1521158400000,0.04,0.1482576664711833,1
1521244800000,0.0,0.0407029637419814,-1
1521331200000,0.48,0.1959821844014106,0
1521417600000,0.44,0.3077675804355463,0
1521504000000,0.4,0.4429466565723802,1
1521590400000,0.36,0.5622445731841584,0
1521676800000,0.32,0.5451090449369493,-1
1521763200000,0.28,0.613566623369672,1
1521849600000,0.24,0.4762957513419264,0
1521936000000,0.2,0.4463101358472985,0
1522022400000,0.16,0.3762101234837957,0
1522108800000,0.12,0.2336679716510613,-1
1522195200000,0.08,0.3368123024940846,1
1522281600000,0.04,0.0643818512050542,0
1522368000000,0.0,0.0910035972160129,-1
1522454400000,0.0,0.1235864399197135,1
1522540800000,0.0,0.1374027271302318,-1
1522627200000,0.0,0.2261581120439629,0
1522713600000,0.12,0.3537117890089576,1
1522800000000,0.08,0.1350830521406434,0
1522886400000,0.04,0.1305456703541509,0
1522972800000,0.0,0.0644187397358524,-1
1523059200000,0.0,0.2061669371679832,0
1523145600000,0.0,0.2804863934595248,1
1523232000000,0.24,0.1956694300887787,-1
1523318400000,0.2,0.244852782198198,0
1523404800000,0.16,0.3376725633865324,0
1523491200000,0.12,0.9442998616070412,1
1523577600000,0.08,0.8028231019854417,-1
1523664000000,0.04,0.8704797487038172,0
1523750400000,0.0,0.9621240688325016,1
1523836800000,0.0,0.811279196488069,0
1523923200000,0.04,0.7177291670659672,-1
1524009600000,0.0,0.8674820157206471,0
1524096000000,0.0,0.9220832002082552,0
1524182400000,1.0,0.9696247250194652,0
1524268800000,1.0,0.951341625785589,1
1524355200000,0.96,0.8982376862239211,-1
1524441600000,0.92,0.9582915081828746,0
1524528000000,1.0,0.9636023708829838,1
1524614400000,1.0,0.7049121003568708,-1
1524700800000,0.96,0.7565393776115207,1
1524787200000,0.92,0.5663191978209792,-1
1524873600000,0.88,0.7872749071561485,0
1524960000000,0.84,0.8241025672528703,1
1525046400000,0.8,0.7343727514763645,0
1525132800000,0.76,0.6358042769873157,-1
1525219200000,0.72,0.6950721067239767,0
1525305600000,1.0,0.9443031939844784,1
1525392000000,0.96,0.8988921463654601,-1
1525478400000,1.0,0.8864966654169567,1
1525564800000,0.96,0.7361850616426651,0
1525651200000,0.92,0.5205983763132364,0
1525737600000,0.88,0.3904881710656125,-1
1525824000000,0.84,0.4802689055703413,1
1525910400000,0.8,0.163465125610189,0
1525996800000,0.76,0.032761970426416,-1
1526083200000,0.72,0.1656866139404645,0
1526169600000,0.68,0.2805731116958762,1
1526256000000,0.64,0.2717753759600105,0
1526342400000,0.6,0.1635691381433162,0
1526428800000,0.56,0.1254467358713759,0
1526515200000,0.52,0.0282093041408306,-1
1526601600000,0.48,0.1535769427454454,1
1526688000000,0.44,0.1542874583524253,-1
1526774400000,0.4,0.3446574706101344,1
1526860800000,0.36,0.2986462391322514,0
1526947200000,0.32,0.0416170148541242,0
1527033600000,0.28,0.0366937954931688,-1
1527120000000,0.24,0.1741291184090974,1
1527206400000,0.2,0.1157007383724713,0
1527292800000,0.16,0.0391624922338024,-1
1527379200000,0.12,0.0631506801880555,1
1527465600000,0.08,0.0203218455203879,-1
1527552000000,0.04,0.270203176939619,1
1527638400000,0.0,0.2158783557557429,-1
1527724800000,0.0,0.2853043694684078,0
1527811200000,0.0,0.3082235486857937,0
1527897600000,0.0,0.3839969017539398,0
1527984000000,0.04,0.4350556766163613,1
1528070400000,0.0,0.3307212952549777,-1
1528156800000,0.0,0.5921802024837909,0
1528243200000,0.08,0.8306911317770574,0
1528329600000,0.04,0.8736091856873096,1
1528416000000,0.0,0.7569423666831371,0
1528502400000,0.0,0.6082334398123466,0
1528588800000,0.16,0.1200767186405289,-1
1528675200000,0.12,0.2209147742465747,1
1528761600000,0.08,0.0680232649896825,0
1528848000000,0.04,0.1022320742961742,-1
1528934400000,0.0,0.3086822136436691,1
1529020800000,0.0,0.1600525503861544,-1
1529107200000,0.0,0.2172474199932634,1
1529193600000,0.0,0.1991950331844055,-1
1529280000000,0.4,0.3593942093402785,0
1529366400000,0.36,0.3769164703807249,0
1529452800000,0.32,0.3892887103501534,1
1529539200000,0.28,0.377476945148341,0
1529625600000,0.24,0.069165205145936,-1
1529712000000,0.2,0.1448982231169268,1
1529798400000,0.16,0.3287991769144288,-1
1529884800000,0.12,0.4391459592951441,1
1529971200000,0.08,0.2923215609924417,-1
1530057600000,0.04,0.3501768494140353,1
1530144000000,0.0,0.0930677638550068,-1
1530230400000,0.12,0.409171781324792,0
1530316800000,0.08,0.5857705687784729,1
1530403200000,0.04,0.5552023893836807,-1
1530489600000,0.0,0.7927629128342529,1
1530576000000,0.0,0.7156649332129846,-1
1530662400000,0.0,0.8011501675526571,1
1530748800000,0.0,0.7529583433514891,-1
1530835200000,0.0,0.8310828044059159,0
1530921600000,0.0,0.9434159060827324,1
1531008000000,0.24,0.8983786250204425,0
1531094400000,0.2,0.8500729104006143,0
1531180800000,0.16,0.4970971193580501,-1
1531267200000,0.12,0.5755383318139371,1
1531353600000,0.08,0.4523094679878454,0
1531440000000,0.04,0.19139083760959,-1
1531526400000,0.0,0.2415760595546915,0
1531612800000,0.68,0.3770573829350807,0
1531699200000,0.64,0.8737328264184812,0
1531785600000,1.0,0.8921911314732104,0
1531872000000,1.0,0.8646100077486976,0
1531958400000,0.96,0.9203351238220868,1
1532044800000,1.0,0.7777592808742029,-1
1532131200000,0.96,0.8154630736458561,1
1532217600000,0.92,0.8130069408595886,-1
1532304000000,1.0,0.9371484359348804,0
1532390400000,1.0,0.964023028981125,1
1532476800000,1.0,0.8699074042313181,0
1532563200000,0.96,0.7600127243918965,-1
1532649600000,0.92,0.8694009060045033,0
1532736000000,0.88,0.8827972104545807,1
1532822400000,0.84,0.8705425832229832,0
1532908800000,0.8,0.8275313865910364,0
1532995200000,0.76,0.4048274071689874,0
1533081600000,0.72,0.3058421191642314,0
1533168000000,0.68,0.2440536770199095,0
1533254400000,0.64,0.1602824316985913,0
1533340800000,0.6,0.0512298041455314,-1
1533427200000,0.56,0.0859664889542437,1
1533513600000,0.52,0.0658578558348219,0
1533600000000,0.48,0.0250748623087593,0
1533686400000,0.44,0.0716349060729059,-1
1533772800000,0.4,0.1854672758416252,1
1533859200000,0.36,0.0495364821743448,-1
1533945600000,0.32,0.1103643028705985,0
1534032000000,0.28,0.14453660998544,1
1534118400000,0.24,0.1225739395231448,0
1534204800000,0.2,0.1628090793479947,-1
1534291200000,0.16,0.2098442679000457,0
1534377600000,0.12,0.2584732773576638,0
1534464000000,0.08,0.4352468926137172,0
1534464000000,0.04,0.5497476620252436,0
1534550400000,0.0,0.3956892433866825,-1
1534636800000,0.0,0.4694197598208539,1
1534723200000,0.08,0.4444313000100691,-1
1534809600000,0.04,0.8079789578208544,1
1534896000000,0.0,0.4787972982886481,-1
1534982400000,0.0,0.6430552300087643,0
1535068800000,0.0,0.7998168668922754,0
1535155200000,0.0,0.8518605693626997,1
1535241600000,0.0,0.8181922972260633,-1
1535328000000,0.0,0.9592696212043468,0
1535414400000,0.0,0.9373079182704562,1
1535500800000,0.04,0.8870812913619636,0
1535587200000,0.0,0.8362213094503083,-1
1535673600000,0.0,0.8651384660482027,0
1535760000000,1.0,0.9295647062121352,0
1535846400000,1.0,0.9621572555740284,1
1535932800000,0.96,0.9263980839747736,-1
1536019200000,1.0,0.9567777463352805,1
1536105600000,0.96,0.3336680660886467,0
1536192000000,0.92,0.2174673857649082,0
1536278400000,0.88,0.1118975186688882,0
1536364800000,0.84,0.0547013561819888,-1
1536451200000,0.8,0.1054961503268374,0
1536537600000,0.76,0.1527609534552325,1
1536624000000,0.72,0.1395601774221505,-1
1536710400000,0.68,0.1733229580193422,0
1536796800000,0.64,0.2882291863798603,1
1536883200000,0.6,0.2799255970085537,-1
1536969600000,0.56,0.3095327207855007,1
1537056000000,0.52,0.3018393486796204,0
1537142400000,0.48,0.1038586052601233,-1
1537228800000,0.44,0.1733661606021047,0
1537315200000,0.4,0.4565261546020037,0
1537401600000,0.36,0.8040365253587622,0
1537488000000,0.32,0.9624097569461864,1
1537574400000,0.28,0.8383613600279274,0
1537660800000,0.24,0.8172715905620415,0
1537747200000,0.2,0.6398512774673049,0
1537833600000,0.16,0.45228545401157,-1
1537920000000,0.12,0.4769205468494616,0
1538006400000,0.08,0.7908288031985027,1
1538092800000,0.04,0.7143871470945775,0
1538179200000,0.0,0.660856968118044,-1
1538265600000,0.0,0.7031626252725345,1
1538352000000,0.64,0.6821989740293682,0
1538438400000,0.6,0.5619382420983181,0
1538524800000,0.56,0.3586217057349998,-1
1538611200000,0.52,0.5221605084700899,0
1538697600000,0.48,0.6038740826167653,1
1538784000000,0.44,0.549099280163926,-1
1538870400000,0.4,0.5921002195195051,0
1538956800000,0.36,0.7104091403286864,1
1539043200000,0.32,0.6360843117618907,0
1539129600000,0.28,0.521619296551723,0
1539216000000,0.24,0.0759571946821193,-1
1539302400000,0.2,0.180277550522896,0
1539388800000,0.16,0.2488990139647178,0
1539475200000,0.12,0.2614953364349947,0
1539561600000,1.0,0.3699451465014161,0
1539648000000,0.96,0.3745505024182836,1
1539734400000,0.92,0.3620473352466412,0
1539820800000,0.88,0.2791033105873178,0
1539907200000,0.84,0.2178255467776581,-1
1539993600000,0.8,0.2583145843215182,0
1540080000000,0.76,0.2594778278396635,1
1540166400000,0.72,0.2534167168766966,0
1540252800000,0.68,0.2345803349951529,-1
1540339200000,0.64,0.2427366448095158,1
1540425600000,0.6,0.2151573531138229,-1
1540512000000,0.56,0.1798905627862337,1
1540598400000,0.52,0.1469926035647752,0
1540684800000,0.48,0.1355991218096394,0
1540771200000,0.44,0.0481010671945399,0
1540857600000,0.4,0.0295995738600268,-1
1540944000000,0.36,0.2286173059310929,0
1541030400000,0.32,0.3926952166866836,0
1541116800000,0.28,0.4501367606906239,1
1541203200000,0.24,0.3378167440790818,-1
1541289600000,0.2,0.6108455043435488,1
1541376000000,0.16,0.5812415019967362,-1
1541462400000,0.12,0.7118704547970777,0
1541548800000,0.08,0.901423071236527,1
1541635200000,0.04,0.6340748726579172,0
1541721600000,0.0,0.4718279685316759,-1
1541808000000,0.0,0.5072322219634012,0
1541894400000,0.0,0.5526667769033482,0
1541980800000,0.0,0.5615042857997798,0
1542067200000,0.08,0.5739472814545745,1
1542153600000,0.04,0.2755410929553881,0
1542240000000,0.0,0.2873068373844069,0
1542326400000,0.0,0.2066043170519992,0
1542412800000,0.04,0.1837085168550872,-1
1542499200000,0.0,0.2116223477642342,1
1542585600000,0.52,0.0288732776188224,0
1542672000000,0.48,0.0995705759974703,-1
1542758400000,0.44,0.1457409721020217,1
1542844800000,0.4,0.0177036585217548,-1
1542931200000,0.36,0.0846826599012454,1
1543017600000,0.32,0.0379453181562275,-1
1543104000000,0.28,0.1502388642191385,1
1543190400000,0.24,0.0713954661402198,-1
1543276800000,0.2,0.076403704066746,0
1543363200000,0.16,0.2661052442552842,0
1543449600000,0.12,0.3004542793010211,1
1543536000000,0.08,0.1844956139928802,-1
1543622400000,0.04,0.2560383002836694,1
1543708800000,0.0,0.2511000125554861,0
1543795200000,0.0,0.1638372525983309,-1
1543881600000,0.0,0.2619198402494889,1
1543968000000,0.12,0.1074790753707502,0
1544054400000,0.08,0.0060519232739331,0
1544140800000,0.04,0.1353680924644881,-1
1544227200000,0.0,0.1518275932580262,0
1544313600000,0.0,0.2616427581772157,1
1544400000000,0.0,0.169757099877903,0
1544486400000,0.0,0.1268814824529678,-1
1544572800000,0.04,0.1796571281345272,1
1544659200000,0.0,0.0692680874063579,0
1544745600000,0.0,0.0391668509076727,0
1544832000000,0.0,0.0456108232906415,-1
1544918400000,0.0,0.0685426364642762,0
1545004800000,0.0,0.37867918486188,0
1545091200000,0.04,0.609984019566984,0
1545177600000,0.0,0.6686089944172997,0
1545264000000,0.16,0.927610692530234,1
1545350400000,0.12,0.6935358587709701,-1
1545436800000,0.08,0.8059883894369361,1
1545523200000,0.04,0.7864048194706184,-1
1545609600000,0.0,0.8178912448006905,1
1545696000000,0.0,0.5653263277658838,-1
1545782400000,0.04,0.5960999113951342,1
1545868800000,0.0,0.3939959660766481,-1
1545955200000,0.84,0.6553547115476068,1
1546041600000,0.8,0.502486155664739,-1
1546128000000,0.76,0.5961710448462362,1
1546214400000,0.72,0.3586679433191412,-1
1546300800000,0.68,0.3942251731509601,0
1546387200000,0.64,0.4871780498540588,1
1546473600000,0.6,0.3482784239372505,-1
1546560000000,0.56,0.3864614437877745,1
1546646400000,0.52,0.3546044256405872,-1
1546732800000,0.48,0.6824668679876935,1
1546819200000,0.44,0.8944604840314155,0
1546905600000,0.4,0.7857438268760897,-1
1546992000000,0.36,0.8073574528480034,1
1547078400000,0.32,0.0843947853267226,-1
1547164800000,0.28,0.22364579778454,1
1547251200000,0.24,0.1934845956271191,0
1547337600000,0.2,0.0541938587921838,-1
1547424000000,0.16,0.29251517872068,1
1547510400000,0.12,0.1759248384582329,-1
1547596800000,0.08,0.2378360173624875,0
1547683200000,0.04,0.2767420366996889,1
1547769600000,0.0,0.2426733271118396,-1
1547856000000,0.56,0.3551128405266576,1
1547942400000,0.52,0.1539254561657985,0
1548028800000,0.48,0.1341611344836253,-1
1548115200000,0.44,0.2362266544817567,1
1548201600000,0.4,0.2084394915337866,-1
1548288000000,0.36,0.4717302813399021,1
1548374400000,0.32,0.4564939267393919,0
1548460800000,0.28,0.4563531751957383,0
1548547200000,0.24,0.4056474315945022,0
1548633600000,0.2,0.1566361387942225,0
1548720000000,0.16,0.1632152658962884,-1
1548806400000,0.12,0.2910239942792013,1
1548892800000,0.08,0.2257368882236106,-1
1548979200000,0.04,0.3015707900664218,0
1549065600000,0.0,0.4494207440954635,1
1549152000000,0.0,0.344305136062122,-1
1549238400000,0.0,0.3606851913827268,0
1549324800000,0.32,0.3875151450096301,1
1549411200000,0.28,0.1752475788001351,0
1549497600000,0.24,0.1529053115624406,-1
1549584000000,1.0,0.8059419143379974,0
1549670400000,0.96,0.8219998014262571,0
1549756800000,0.92,0.8609153323502486,1
1549843200000,0.88,0.7327399176604091,-1
1549929600000,0.84,0.7166385178401201,1
1550016000000,0.8,0.6552353347950849,0
1550102400000,0.76,0.6027949010431142,-1
1550188800000,0.72,0.6359459395774008,0
1550275200000,0.68,0.680314332040586,0
1550361600000,0.64,0.8171771838231966,0
1550448000000,1.0,0.9528891527860218,0
1550534400000,1.0,0.8608461711966786,0
1550620800000,0.96,0.960874412988976,1
1550707200000,1.0,0.8774162238418185,-1
1550793600000,0.96,0.8789679135990734,0
1550880000000,1.0,0.9261105545350716,1
1550966400000,1.0,0.2769860229888515,-1
1551052800000,0.96,0.4113671900768057,1
1551139200000,0.92,0.3815949756046167,-1
1551225600000,0.88,0.3956766436588784,1
1551312000000,0.84,0.383465240159771,-1
1551398400000,0.8,0.3738656584503717,1
1551484800000,0.76,0.3618209404369122,0
1551571200000,0.72,0.2797622351166695,0
1551657600000,0.68,0.0823884974312109,-1
1551744000000,0.64,0.3534089199385306,0
1551830400000,0.6,0.3612295612114725,0
1551916800000,0.56,0.3836829838442486,1
1552003200000,0.52,0.3670332001123167,-1
1552089600000,0.48,0.5157395542437996,1
1552176000000,0.44,0.8178132178588049,0
1552262400000,0.4,0.6671358583756993,-1
1552348800000,0.36,0.7041969563065138,1
1552435200000,0.32,0.6484386677829047,-1
1552521600000,0.28,0.6854997657137193,0
1552608000000,0.24,0.840943075740087,0
1552694400000,0.2,0.8684139633291367,1
1552780800000,0.16,0.8038924303879856,-1
1552867200000,0.12,0.8045130980231907,0
1552953600000,0.08,0.8390435142247838,0
1553040000000,0.04,0.946456754217193,1
1553126400000,0.0,0.670498192901726,-1
1553212800000,0.96,0.681565961239775,0
1553299200000,0.92,0.7555145084024606,1
1553385600000,0.88,0.7019134388395702,0
1553472000000,0.84,0.4846411351739479,-1
1553558400000,0.8,0.532816210710226,0
1553644800000,0.76,0.8796922574114964,1
1553731200000,0.72,0.7895910143490282,-1
1553817600000,1.0,0.9166460407803289,0
1553904000000,1.0,0.8734126292716402,1
1553990400000,0.96,0.8617575065676889,-1
1554076800000,1.0,0.9499767086837908,0
1554163200000,1.0,0.9607693317125946,0
1554249600000,1.0,0.7546002439673819,1
1554336000000,0.96,0.7284893820544951,-1
1554422400000,0.92,0.8054204453361937,0
1554508800000,0.88,0.8336046169815922,0
1554595200000,0.84,0.9250765125271851,0
1554681600000,1.0,0.9524588119025502,1
1554768000000,0.96,0.8872689526782613,-1
1554854400000,1.0,0.9205091132439908,1
1554940800000,0.96,0.7104655375900146,-1
1555027200000,0.92,0.726976916884408,1
1555113600000,0.88,0.7218787107930772,-1
1555200000000,0.84,0.785621272676445,1
1555286400000,0.8,0.6899957496943979,-1
1555372800000,0.76,0.6282307752401478,0
1555459200000,0.72,0.6599223128130929,0
1555545600000,0.68,0.708233952101726,0
1555632000000,0.64,0.7086633750769351,0
1555718400000,0.6,0.767798497287852,1
1555804800000,0.56,0.7041186485893186,-1
1555891200000,0.52,0.884834150655967,0
1555977600000,1.0,0.8559834572706007,1
1556064000000,0.96,0.749625828737392,0
1556150400000,0.92,0.4846485164295268,-1
1556236800000,0.88,0.5595517468533362,1
1556323200000,0.84,0.5311328652299855,-1
1556409600000,0.8,0.5493944279461316,1
1556496000000,0.76,0.3917456640227478,-1
1556582400000,0.72,0.438366876712334,0
1556668800000,0.68,0.5640717729853667,0
1556755200000,0.64,0.7850375683734679,0
1556841600000,1.0,0.904455506417464,0
1556928000000,1.0,0.9121781406717704,1
1557014400000,0.96,0.8444938254186604,0
1557100800000,0.92,0.8095011727436827,-1
1557187200000,1.0,0.8036880715746958,0
1557273600000,0.96,0.9563491749667572,0
1557360000000,1.0,0.9863767673935692,0
1557446400000,1.0,0.9265411994569008,0
1557532800000,1.0,0.8767969461711959,1
1557619200000,1.0,0.7634336051956918,-1
1557705600000,1.0,0.8941621187049461,0
1557792000000,1.0,0.8632191737820193,0
1557878400000,0.96,0.935200321578182,1
1557964800000,0.92,0.8274007065394191,0
1558051200000,0.88,0.6358899761078682,0
1558137600000,0.84,0.5959507132191525,-1
1558224000000,0.8,0.9214292481698378,1
1558310400000,0.76,0.836922913339444,0
1558396800000,0.72,0.8225027183271336,0
1558483200000,0.68,0.6902329848863866,-1
1558569600000,0.64,0.765593869777086,0
1558656000000,0.6,0.7989506576380812,0
1558742400000,0.56,0.7894116574573731,0
1558828800000,1.0,0.9335088386279649,0
1558915200000,1.0,0.9244497745391989,1
1559001600000,0.96,0.903993104522217,0
1559088000000,0.92,0.868812459625756,0
1559174400000,1.0,0.6272878921493281,-1
1559260800000,0.96,0.7291904412014525,1
1559347200000,0.92,0.7103717224938788,-1
1559433600000,0.88,0.7842696153550363,1
1559520000000,0.84,0.4047747372996785,0
1559606400000,0.8,0.1380846744286991,-1
1559692800000,0.76,0.193731401089924,0
1559779200000,0.72,0.2081440317468933,0
1559865600000,0.68,0.3274838057681375,1
1559952000000,0.64,0.2739739272138048,0
1560038400000,0.6,0.1105135928749505,-1
1560124800000,0.56,0.3288506442262048,1
1560211200000,0.52,0.2686050842613965,-1
1560297600000,0.48,0.4180584028700584,0
1560384000000,0.44,0.5642656384451774,0
1560470400000,0.4,0.8802191067568456,0
1560556800000,0.36,0.9611222578248464,0
1560643200000,1.0,0.7991539661610366,0
1560729600000,1.0,0.9356268501419108,1
1560816000000,0.96,0.8189949557150767,-1
1560902400000,0.92,0.9062844515052908,0
1560988800000,1.0,0.9657850917223092,0
1561075200000,1.0,0.9951963166263272,0
1561161600000,1.0,0.8826497406976725,0
1561248000000,1.0,0.8751100438692487,0
1561334400000,0.96,0.9097642632769204,0
1561420800000,1.0,0.993685883062482,0
1561507200000,1.0,0.8533742616535255,1
1561593600000,0.96,0.5461851408051874,-1
1561680000000,0.92,0.7094065072647275,1
1561766400000,0.88,0.6028317124149916,0
1561852800000,0.84,0.378088948758089,0
1561939200000,0.8,0.3322831354436665,-1
1562025600000,0.76,0.3745927368845927,0
1562112000000,0.72,0.5760782911176512,1
1562198400000,0.68,0.3643354675755098,0
1562284800000,0.64,0.291619805583897,-1
1562371200000,0.6,0.3591961907582568,0
1562457600000,0.56,0.3946089975886753,0
1562544000000,0.52,0.5914450836879551,0
1562630400000,0.48,0.6635264035542646,1
1562716800000,0.44,0.6345065187887338,0
1562803200000,0.4,0.4715727131581443,-1
1562889600000,0.36,0.5931287875514343,1
1562976000000,0.32,0.4753485118631422,0
1563062400000,0.28,0.1286967454411515,-1
1563148800000,0.24,0.3236593927930611,1
1563235200000,0.2,0.0211748187653263,-1
1563321600000,0.16,0.1467481613384948,0
1563408000000,0.12,0.3822426203159334,1
1563494400000,0.08,0.3520779022322863,-1
1563580800000,0.04,0.4100014277849493,1
1563667200000,0.0,0.3729847744712656,0
1563753600000,0.0,0.3118206346213435,0
1563840000000,0.48,0.1951094197034145,0
1563926400000,0.44,0.2287355558419872,-1
1564012800000,0.4,0.2887042986580828,1
1564099200000,0.36,0.2772804701102651,0
1564185600000,0.32,0.172222585498611,-1
1564272000000,0.28,0.2343506140744875,1
1564358400000,0.24,0.2210752722690805,-1
1564444800000,0.2,0.2543234106238174,0
1564531200000,0.16,0.479977757458235,0
1564617600000,0.12,0.6351550591384707,0
1564704000000,0.08,0.7135500037759492,0
1564790400000,0.04,0.9501851220137024,0
1564876800000,0.0,0.941608543344947,0
1564963200000,0.0,0.9615396445143746,1
1565049600000,1.0,0.7317882484629427,-1
1565136000000,0.96,0.8881545357029025,0
1565222400000,0.92,0.8959959877366248,1
1565308800000,0.88,0.8580311888441724,0
1565395200000,0.84,0.6771516477526324,-1
1565481600000,0.8,0.7340427518443056,1
1565568000000,0.76,0.6806817234313114,0
1565654400000,0.72,0.4810694121005592,0
1565740800000,0.68,0.0735161110453486,-1
1565827200000,0.64,0.1562936071211567,0
1565913600000,0.6,0.2236073386103987,1
1566000000000,0.56,0.1786928758215512,0
1566000000000,0.52,0.1786928758215512,0
1566086400000,0.48,0.2139805891414594,0
1566172800000,0.44,0.4865869457648153,1
1566259200000,0.4,0.4364330639230372,0
1566345600000,0.36,0.1690853730984505,0
1566432000000,0.32,0.1545785310187065,-1
1566518400000,0.28,0.3443752080795986,1
1566604800000,0.24,0.208484159005915,-1
1566691200000,0.2,0.2284418005516768,0
1566777600000,0.16,0.5178161551555437,1
1566864000000,0.12,0.3612832569681722,0
1566950400000,0.08,0.0867546897863226,0
1567036800000,0.04,0.1073485287982536,-1
1567123200000,0.0,0.1603505895870463,0
1567209600000,0.0,0.1621542601806709,0
1567296000000,0.0,0.2468036606344092,0
1567382400000,0.0,0.6254021208704506,0
1567468800000,0.0,0.8732090252212673,1
1567555200000,0.0,0.8435059342825231,0
1567641600000,0.0,0.7878193267981985,0
1567728000000,0.0,0.6167472294901226,-1
1567814400000,0.28,0.7161762939001571,1
1567900800000,0.24,0.6689134805916654,0
1567987200000,0.2,0.6195247897367671,0
1568073600000,0.16,0.4898399323894877,-1
1568160000000,0.12,0.5279159177295827,0
1568246400000,0.08,0.684246023214552,1
1568332800000,0.04,0.6199621984748651,0
1568419200000,0.0,0.5875850839113783,0
1568505600000,0.64,0.4931617039066768,0
1568592000000,0.6,0.3606738963782361,0
1568678400000,0.56,0.298575619630233,0
1568764800000,0.52,0.2684214241326597,-1
1568851200000,0.48,0.4710479463645041,1
1568937600000,0.44,0.5481513787839698,0
1569024000000,0.4,0.3535624445904494,-1
1569110400000,0.36,0.4535386995849524,1
1569196800000,0.32,0.1016668377597821,0
1569283200000,0.28,0.260068065384446,0
1569369600000,0.24,0.2361692556771639,0
1569456000000,0.2,0.1145694175923779,-1
1569542400000,0.16,0.1583117729427088,0
1569628800000,0.12,0.1700426562238345,1
1569715200000,0.08,0.1106754522065935,-1
1569801600000,0.04,0.2197974665031724,0
1569888000000,0.0,0.220986944880666,0
1569974400000,0.04,0.2468868772938312,1
1570060800000,0.0,0.1980859915986384,0
1570147200000,0.0,0.1712473338144649,0
1570233600000,0.08,0.1730381535973618,0
1570320000000,0.04,0.0593572257073104,-1
1570406400000,0.0,0.2285421102204079,1
1570492800000,0.0,0.4484252358309739,-1
1570579200000,0.0,0.8866882313195641,1
1570665600000,0.0,0.8838557659486429,0
1570752000000,0.0,0.5120895777020039,-1
1570838400000,0.08,0.5511080823948925,1
1570924800000,0.04,0.5275787701155551,-1
1571011200000,0.0,0.575564155229158,1
1571097600000,0.0,0.3892770418856212,0
1571184000000,0.0,0.2240533594934264,-1
1571270400000,0.0,0.3017987198025917,1
1571356800000,0.0,0.1799444050714461,-1
1571443200000,0.0,0.1809305207526887,0
1571529600000,0.64,0.4524476124260214,1
1571616000000,0.6,0.394544800825833,0
1571702400000,0.56,0.2099369880387196,0
1571788800000,0.52,0.1105024489277959,0
1571875200000,0.48,0.0737380005987045,-1
1571961600000,1.0,0.9045101113263708,0
1572048000000,1.0,0.6282941376615635,0
1572134400000,0.96,0.726321672927578,1
1572220800000,0.92,0.6201690267132983,-1
1572307200000,0.88,0.6863465192637692,1
1572393600000,0.84,0.6036900205181446,0
1572480000000,0.8,0.5991568230582721,-1
1572566400000,0.76,0.6288203415483982,0
1572652800000,0.72,0.6477473397388256,1
1572739200000,0.68,0.6167601406638049,-1
1572825600000,0.64,0.6816825879189685,1
1572912000000,0.6,0.6540029561326224,-1
1572998400000,0.56,0.6597135970597449,1
1573084800000,0.52,0.6161390145918275,0
1573171200000,0.48,0.1577331371179146,-1
1573257600000,0.44,0.0918515525549203,0
1573344000000,0.4,0.2832438030506261,1
1573430400000,0.36,0.1209597510667283,-1
1573516800000,0.32,0.2672481137596172,1
1573603200000,0.28,0.2197134373634106,0
1573689600000,0.24,0.0813728932063097,0
1573776000000,0.2,0.062129096047316,-1
1573862400000,0.16,0.0795086392859309,0
1573948800000,0.12,0.1284001360387564,1
1574035200000,0.08,0.0889760709629267,0
1574121600000,0.04,0.0886645497388108,0
1574208000000,0.0,0.0669866543087185,0
1574294400000,0.04,0.0702868391287832,0
1574380800000,0.0,0.2010707996841115,-1
1574467200000,0.0,0.2195192915095597,1
1574553600000,0.2,0.047304738265552,-1
1574640000000,0.16,0.2489069240709525,0
1574726400000,0.12,0.2736024818912348,0
1574812800000,0.08,0.4337747611727817,1
1574899200000,0.04,0.3964259990887349,-1
1574985600000,0.0,0.5771364268161301,1
1575072000000,0.0,0.4835236730936993,0
1575158400000,0.0,0.4394663901505455,0
1575244800000,0.0,0.4444936171185176,0
1575331200000,0.0,0.4435930742526068,0
1575417600000,0.04,0.418325036220643,-1
1575504000000,0.0,0.6543992952455618,0
1575590400000,0.0,0.7584729911464783,1
1575676800000,0.0,0.728965276110225,-1
1575763200000,0.0,0.7454252597906614,1
1575849600000,0.0,0.4928760964686107,0
1575936000000,0.0,0.3791163561451564,0
1576022400000,0.04,0.1807518108993446,0
1576108800000,0.0,0.1654768170340725,-1
1576195200000,0.0,0.2560868493382032,1
1576281600000,0.04,0.0682701653821007,-1
1576368000000,0.0,0.1466474753412546,1
1576454400000,0.0,0.0586721545075941,0
1576540800000,0.28,0.0513148028969616,-1
1576627200000,0.24,0.6935368291348473,1
1576713600000,0.2,0.5882188219359173,-1
1576800000000,0.16,0.6192121945555037,1
1576886400000,0.12,0.5737255181929453,-1
1576972800000,0.08,0.8782005128935917,1
1577059200000,0.04,0.6997308268905786,0
1577145600000,0.0,0.6509142644272963,0
1577232000000,0.0,0.6102019518967632,0
1577318400000,0.12,0.6081082213149229,-1
1577404800000,0.08,0.6500942862906814,0
1577491200000,0.04,0.698974536376226,0
1577577600000,0.0,0.7563730059392177,1
1577664000000,0.72,0.6431364135586352,0
1577750400000,0.68,0.6027186562810606,-1
1577836800000,0.64,0.2457107956631631,1
1577923200000,0.6,0.0508465766056403,-1
1578009600000,0.56,0.5743562205806998,0
1578096000000,0.52,0.5854935552804755,0
1578182400000,0.48,0.5911413403085589,0
1578268800000,1.0,0.9603509211685142,0
1578355200000,1.0,0.95404357407503,1
1578441600000,1.0,0.7481206703027719,0
1578528000000,0.96,0.5972167364482988,-1
1578614400000,0.92,0.8374645156173344,1
1578700800000,0.88,0.7253349491175427,-1
1578787200000,0.84,0.8298376019929201,1
1578873600000,0.8,0.7825558052382485,-1
1578960000000,1.0,0.9659289430944092,0
1579046400000,1.0,0.9542494942081612,1
1579132800000,0.96,0.9045081220458572,-1
1579219200000,1.0,0.9280919330857056,0
1579305600000,0.96,0.927718213506696,1
1579392000000,1.0,0.7314997389093295,0
1579478400000,0.96,0.6351226753703768,-1
1579564800000,0.92,0.6966800493109684,1
1579651200000,0.88,0.6614133514096922,0
1579737600000,0.84,0.4788439579889627,-1
1579824000000,0.8,0.3854192105430926,1
1579910400000,0.76,0.3057142014012689,-1
1579996800000,0.72,0.4882792208273215,0
1580083200000,0.68,0.733476694307384,0
1580169600000,1.0,0.9786161430980485,1
1580256000000,1.0,0.8785238004681309,-1
1580342400000,1.0,0.9523714138071324,1
1580428800000,0.96,0.8323249264095466,-1
1580515200000,0.92,0.8560766391107165,1
1580601600000,0.88,0.816315732918028,0
1580688000000,1.0,0.7635906994614381,0
1580774400000,0.96,0.6943969132863441,-1
1580860800000,1.0,0.9126930145133652,0
1580947200000,1.0,0.9449469941830244,0
1581033600000,1.0,0.9570165755807848,0
1581120000000,1.0,0.97349036829488,0
1581206400000,1.0,0.9921191851337302,1
1581292800000,1.0,0.7464295257225954,-1
1581379200000,1.0,0.9189324991944352,0
1581465600000,1.0,0.9095380341113188,1
1581552000000,1.0,0.8080737177290993,-1
1581638400000,0.96,0.8898924100377801,1
1581724800000,0.92,0.576367003547864,-1
1581811200000,0.88,0.5853169258739689,1
1581897600000,0.84,0.4346515800703011,-1
1581984000000,0.8,0.7465545731378639,1
1582070400000,0.76,0.2102115219850398,-1
1582156800000,0.72,0.21250621429003,0
1582243200000,0.68,0.2828564198228889,1
1582329600000,0.64,0.2600054724967633,-1
1582416000000,0.6,0.5091410013055523,1
1582502400000,0.56,0.2646035821725425,0
1582588800000,0.52,0.0503533094443591,0
1582675200000,0.48,0.0790158465723537,-1
1582761600000,0.44,0.1559408157247635,1
1582848000000,0.4,0.1263884134239417,0
1582934400000,0.36,0.041201704423709,-1
1583020800000,0.32,0.0634568594031564,0
1583107200000,0.28,0.2726231132457625,1
1583193600000,0.24,0.1879603221127357,0
1583280000000,0.2,0.2134750447121792,-1
1583366400000,0.16,0.406532459294782,0
1583452800000,0.12,0.4555895423591208,1
1583539200000,0.08,0.2997634036410213,0
1583625600000,0.04,0.0142984561012446,0
1583712000000,0.0,0.1437924205382658,0
1583798400000,0.0,0.1484333394087588,-1
1583884800000,0.0,0.2138268987803875,1
1583971200000,0.08,0.0794033523992482,-1
1584057600000,0.04,0.3309456192700876,1
1584144000000,0.0,0.25548780235709,-1
1584230400000,0.0,0.2906126050151695,1
1584316800000,0.12,0.2289288929703609,-1
1584403200000,0.08,0.2815808310913577,0
1584489600000,0.04,0.2965038607558556,0
1584576000000,0.0,0.4392990648825747,0
1584662400000,0.0,0.4478352605824535,1
1584748800000,0.0,0.470208229408131,0
1584835200000,0.0,0.4616506974238482,-1
1584921600000,0.36,0.614481161643452,0
1585008000000,0.32,0.7056268243324042,1
1585094400000,0.28,0.6918305263985953,-1
1585180800000,0.24,0.9311885929708232,1
1585267200000,0.2,0.7620487208111962,0
1585353600000,0.16,0.7132084809179929,0
1585440000000,0.12,0.5715334979254842,-1
1585526400000,0.08,0.7232114792778309,0
1585612800000,0.04,0.7189526078291995,0
1585699200000,0.0,0.8155332508824129,0
1585785600000,0.0,0.7356525601216504,1
1585872000000,0.0,0.6926279794089906,-1
1585958400000,0.0,0.7742873725458442,1
1586044800000,0.0,0.7183305209219979,-1
1586131200000,0.0,0.9839725841221648,1
1586217600000,1.0,0.8365480145151801,-1
1586304000000,0.96,0.939245763889993,1
1586390400000,0.92,0.8905526494938115,0
1586476800000,0.88,0.6245882780646029,-1
1586563200000,0.84,0.6358063598607901,0
1586649600000,0.8,0.6526929866182003,1
1586736000000,0.76,0.5244862439244632,-1
1586822400000,0.72,0.5480771274385845,1
1586908800000,0.68,0.0750626972911174,-1
1586995200000,0.64,0.6388190646107157,1
1587081600000,0.6,0.563531467884985,-1
1587168000000,0.56,0.7872486779430968,1
1587254400000,0.52,0.657845907176165,0
1587340800000,0.48,0.3603895615159996,-1
1587427200000,0.44,0.3908521343854617,0
1587513600000,0.4,0.726869497853828,0
1587600000000,1.0,0.7988942486038096,0
1587686400000,0.96,0.8167614170851606,0
1587772800000,0.92,0.8433685627183802,0
1587859200000,0.88,0.9654042473081662,0
1587945600000,1.0,0.9876967717170844,1
1588032000000,0.96,0.9606821883882792,-1
1588118400000,1.0,0.9304887681018432,1
1588204800000,1.0,0.6897593323970149,-1
1588291200000,0.96,0.7664149455492121,0
1588377600000,0.92,0.8201546194584329,1
1588464000000,0.88,0.7913050557339228,0
1588550400000,0.84,0.7821944255719059,-1
1588636800000,0.8,0.8344768757528224,0
1588723200000,0.76,0.8704953227027614,0
1588809600000,1.0,0.97069808936779,1
1588896000000,0.96,0.8992543645959813,0
1588982400000,0.92,0.7962530687105982,0
1589068800000,0.88,0.452825186423498,0
1589155200000,0.84,0.3735403325700379,-1
1589241600000,0.8,0.4661016819300058,0
1589328000000,0.76,0.6110432819619472,0
1589414400000,0.72,0.8593727489227413,1
1589500800000,0.68,0.614670895857377,-1
1589587200000,0.64,0.6480397981437109,0
1589673600000,0.6,0.801773444035584,0
1589760000000,0.56,0.8295028217412201,0
1589846400000,0.52,0.8509083165000713,1
1589932800000,0.48,0.7150142980911157,0
1590019200000,0.44,0.4951002891073647,-1
1590105600000,0.4,0.5739144046756233,0
1590192000000,0.36,0.5789231065230936,1
1590278400000,0.32,0.2958460484960198,-1
1590364800000,0.28,0.2598318888591516,1
1590451200000,0.24,0.1498280497228657,-1
1590537600000,0.2,0.4283586626548485,0
1590624000000,0.16,0.7137433591203612,1
1590710400000,0.12,0.5995188673555354,-1
1590796800000,0.08,0.8072520933745527,1
1590883200000,0.04,0.6157905998203547,-1
1590969600000,1.0,0.897369720659022,1
1591056000000,0.96,0.5030525237501783,-1
1591142400000,0.92,0.588646841535965,0
1591228800000,0.88,0.6595826992313119,1
1591315200000,0.84,0.5626104593107067,-1
1591401600000,0.8,0.5886814951059186,0
1591488000000,0.76,0.6352847710987339,0
1591574400000,0.72,0.6437352685550781,1
1591660800000,0.68,0.6121610984313577,-1
1591747200000,0.64,0.6098035281496245,1
1591833600000,0.6,0.1300731836786457,-1
1591920000000,0.56,0.2763674706311861,0
1592006400000,0.52,0.2828692629544714,1
1592092800000,0.48,0.1789356180692258,-1
1592179200000,0.44,0.3898416005545839,0
1592265600000,0.4,0.567805148996314,1
1592352000000,0.36,0.5117613926653257,0
1592438400000,0.32,0.438686638752862,0
1592524800000,0.28,0.3681428931908297,-1
1592611200000,0.24,0.4133116575985349,1
1592697600000,0.2,0.3537356148883732,-1
1592784000000,0.16,0.7162353456644881,1
1592870400000,0.12,0.6598671010834443,0
1592956800000,0.08,0.365160877302327,0
1593043200000,0.04,0.388724838537724,0
1593129600000,0.0,0.2880115610583959,0
1593216000000,0.0,0.1871604601614021,-1
1593302400000,0.28,0.2977232593670899,0
1593388800000,0.24,0.378470656851185,1
1593475200000,0.2,0.3212450048617342,-1
1593561600000,0.16,0.4202588389371684,1
1593648000000,0.12,0.266138429042974,0
1593734400000,0.08,0.2361746919894339,-1
1593820800000,0.04,0.31797103217802,1
1593907200000,0.0,0.2479885416410235,-1
1593993600000,0.0,0.575777289625418,1
1594080000000,0.4,0.5062552665803626,-1
1594166400000,0.36,0.9474244784375908,1
1594252800000,0.32,0.6266728425164168,-1
1594339200000,0.28,0.7147405337424291,1
1594425600000,0.24,0.5905208999362646,-1
1594512000000,0.2,0.7100287599496936,1
1594598400000,0.16,0.6054593824379435,-1
1594684800000,0.12,0.6284670801675365,1
1594771200000,0.08,0.5271671260670956,0
1594857600000,0.04,0.4160762922827818,-1
1594944000000,0.0,0.4519008254067152,0
1595030400000,0.0,0.4796561433027347,0
1595116800000,0.0,0.3813874630684363,1
1595203200000,0.52,0.2669626882690366,-1
1595289600000,0.48,0.8110084646539943,0
1595376000000,1.0,0.9486916371811676,0
1595462400000,1.0,0.9020848612534472,1
1595548800000,0.96,0.7955725683474381,-1
1595635200000,1.0,0.953354366060668,0
1595721600000,1.0,0.8316100007125033,0
1595808000000,1.0,0.8449252654101924,1
1595894400000,0.96,0.7920594190003947,-1
1595980800000,0.92,0.8750873058430451,1
1596067200000,0.88,0.8723641145760972,-1
1596153600000,1.0,0.9543968429085644,0
1596240000000,1.0,0.9791320891478869,1
1596326400000,1.0,0.6481094545919797,-1
1596412800000,0.96,0.6956650999734041,1
1596499200000,0.92,0.67436906766785,-1
1596585600000,0.88,0.859323254412957,0
1596672000000,0.84,0.8647133852036617,1
1596758400000,0.8,0.7974655631268436,-1
1596844800000,0.76,0.8540166848105695,1
1596931200000,0.72,0.7999681571301483,-1
1597017600000,0.68,0.8567576211834744,1
1597104000000,0.64,0.5436444440533903,-1
1597190400000,0.6,0.6513310201269008,0
1597276800000,0.56,0.7861627406596962,1
1597363200000,0.52,0.7739968145616386,-1
1597449600000,0.48,0.8314254872937868,0
1597536000000,0.44,0.8622205182775262,0
1597536000000,0.4,0.8539059333228106,0
1597622400000,1.0,0.8645205458790828,1
1597708800000,0.96,0.6101492624819286,0
1597795200000,0.92,0.4678826143999617,-1
1597881600000,0.88,0.5418176395768932,1
1597968000000,0.84,0.3010880067731415,-1
1598054400000,0.8,0.39942398104343,1
1598140800000,0.76,0.3883441869511311,-1
1598227200000,0.72,0.4529078860352918,1
1598313600000,0.68,0.1466923604018246,-1
1598400000000,0.64,0.2529556834276039,1
1598486400000,0.6,0.1555792168691222,-1
1598572800000,0.56,0.3016104795378618,1
1598659200000,0.52,0.2562325259878701,-1
1598745600000,0.48,0.4385171103154284,1
1598832000000,0.44,0.4176720120675638,-1
1598918400000,0.4,0.8623146000822208,1
1599004800000,0.36,0.2887734221915013,0
1599091200000,0.32,0.0839408028240622,-1
1599177600000,0.28,0.2607622046509844,1
1599264000000,0.24,0.1515322954588807,-1
1599350400000,0.2,0.1918821723850708,0
1599436800000,0.16,0.2447323519273177,1
1599523200000,0.12,0.1334828141481368,-1
1599609600000,0.08,0.1752030812637544,0
1599696000000,0.04,0.2282470988920059,0
1599782400000,0.0,0.251246213189561,0
1599868800000,0.0,0.2751514078426265,1
1599955200000,0.52,0.2264259224560563,-1
1600041600000,0.48,0.3792154128522454,0
1600128000000,0.44,0.4499692805294484,0
1600214400000,0.4,0.6892648379059666,1
1600300800000,0.36,0.8798071871906723,0
1600387200000,0.32,0.8745845334516977,-1
1600473600000,0.28,0.9260804038495956,1
1600560000000,0.24,0.805074483936598,0
1600646400000,0.2,0.4254945246460007,-1
1600732800000,0.16,0.4566830392444526,1
1600819200000,0.12,0.1518884835432919,-1
1600905600000,0.08,0.5742482542583068,1
1600992000000,0.04,0.5264827917400473,-1
1601078400000,0.0,0.5668212780117624,0
1601164800000,0.0,0.6107385663090141,1
1601251200000,0.0,0.5355741033371791,-1
1601337600000,0.6,0.674454710973351,1
1601424000000,0.56,0.6129897482283038,0
1601510400000,0.52,0.461506370018329,0
1601596800000,0.48,0.4146259875709013,0
1601683200000,0.44,0.4283170177534793,-1
1601769600000,0.4,0.6214199985810928,0
1601856000000,0.36,0.8061886743401603,1
1601942400000,0.32,0.5686012850273272,-1
1602028800000,0.28,0.6259936315363668,0
1602115200000,0.24,0.958329049797144,0
1602201600000,0.2,0.926727904756342,0
1602288000000,1.0,0.8232232172565798,0
1602374400000,0.96,0.8913130995887583,0
1602460800000,1.0,0.8579383014298633,1
1602547200000,0.96,0.7776608379481884,0
1602633600000,0.92,0.7756704876139321,-1
1602720000000,0.88,0.8406960530286092,1
1602806400000,0.84,0.6722964728953338,-1
1602892800000,0.8,0.7005653798209287,0
1602979200000,0.76,0.8187921897633833,0
1603065600000,1.0,0.9448688783631832,0
1603152000000,1.0,0.9154567636697236,0
1603238400000,1.0,0.8378216206556216,0
1603324800000,0.96,0.8962242228808895,1
1603411200000,0.92,0.864483610188471,-1
1603497600000,0.88,0.9489184504303976,1
1603584000000,1.0,0.8529259397398965,-1
1603670400000,0.96,0.8619008900663591,0
1603756800000,1.0,0.94154977644556,1
1603843200000,1.0,0.7771253758322504,-1
1603929600000,0.96,0.8485454729562154,0
1604016000000,0.92,0.8855488006665048,0
1604102400000,1.0,0.8882967544706435,1
1604188800000,0.96,0.8747193084381001,0
1604275200000,0.92,0.7728101391919348,-1
1604361600000,0.88,0.966214705939685,0
1604448000000,1.0,0.9279035465611678,0
1604534400000,1.0,0.9479070359983238,1
1604620800000,1.0,0.8815224402231477,0
1604707200000,0.96,0.6423373915401065,-1
1604793600000,0.92,0.8486039548853727,1
1604880000000,0.88,0.7945945653769358,0
1604966400000,0.84,0.7844039611826584,-1
1605052800000,1.0,0.9083468117051848,0
1605139200000,1.0,0.9856935949514096,0
1605225600000,1.0,0.9522277870907544,1
1605312000000,0.96,0.8757893367804027,0
1605398400000,0.92,0.8411362211452,-1
1605484800000,1.0,0.9544343895159536,0
1605571200000,1.0,0.954710598804472,0
1605657600000,1.0,0.8404656364166398,0
1605744000000,0.96,0.8372182319201813,0
1605830400000,1.0,0.9650794720551872,0
1605916800000,1.0,0.9391810319324868,1
1606003200000,0.96,0.8678839059858194,0
1606089600000,0.92,0.8468002642637259,-1
1606176000000,1.0,0.938218614663338,1
1606262400000,1.0,0.811031694102146,0
1606348800000,0.96,0.3866989150459302,0
1606435200000,0.92,0.3840814250441026,-1
1606521600000,0.88,0.523642728704047,0
1606608000000,0.84,0.6407920415304694,0
1606694400000,1.0,0.95521263163487,1
1606780800000,1.0,0.6963346940727027,-1
1606867200000,0.96,0.8154199336857209,0
1606953600000,0.92,0.874486624734184,1
1607040000000,0.88,0.6653003424654026,-1
1607126400000,0.84,0.800116993619311,0
1607212800000,0.8,0.8575375948892323,1
1607299200000,0.76,0.8053345829667811,0
1607385600000,0.72,0.5767830171583518,-1
1607472000000,0.68,0.6356761501412018,1
1607558400000,0.64,0.5258326698763792,0
1607644800000,0.6,0.3862390265650102,-1
1607731200000,0.56,0.5441329310489045,0
1607817600000,0.52,0.6919376281704696,0
1607904000000,0.48,0.7344661399763368,0
1607990400000,0.44,0.9159013109689328,0
1608076800000,1.0,0.9444017683065296,0
1608163200000,1.0,0.839311288885442,0
1608249600000,0.96,0.8892945689412128,0
1608336000000,1.0,0.947690380492082,1
1608422400000,1.0,0.8755903140974526,0
1608508800000,0.96,0.7657680371609581,-1
1608595200000,0.92,0.9286156335783352,1
1608681600000,0.88,0.8423425865449952,-1
1608768000000,0.84,0.9164380339598897,0
1608854400000,1.0,0.98941430456164,0
1608940800000,1.0,0.9549185690352588,1
1609027200000,1.0,0.772953227953618,-1
1609113600000,0.96,0.857145696860356,0
1609200000000,0.92,0.8870869344370105,0
1609286400000,1.0,0.9853220393480182,0
1609372800000,1.0,0.9504323901769078,0
1609459200000,1.0,0.9663041327625708,0
1609545600000,1.0,0.902891445559072,0
1609632000000,1.0,0.8632586736966357,1
1609718400000,0.96,0.7756220752314579,-1
1609804800000,0.92,0.9326170927188046,0
1609891200000,1.0,0.9889141556878488,0
1609977600000,1.0,0.9456111908990976,0
1610064000000,1.0,0.9222716918530472,1
1610150400000,0.96,0.8859270884593563,0
1610236800000,0.92,0.7636216346424856,0
1610323200000,0.88,0.5921943162644036,0
1610409600000,0.84,0.4591578844492893,-1
1610496000000,0.8,0.6750624835996112,0
1610582400000,0.76,0.7971961444948457,1
1610668800000,0.72,0.6227818266494703,0
1610755200000,0.68,0.5685294685285279,0
1610841600000,0.64,0.5564503977874254,-1
1610928000000,0.6,0.558004302267837,1
1611014400000,0.56,0.4736521177794822,0
1611100800000,0.52,0.4368184920004094,0
1611187200000,0.48,0.0633138558477457,-1
1611273600000,0.44,0.3254378744225791,1
1611360000000,0.4,0.256616656940647,-1
1611446400000,0.36,0.3016306286272808,1
1611532800000,0.32,0.301122248126758,-1
1611619200000,0.28,0.3201704627752905,1
1611705600000,0.24,0.1327278965457223,-1
1611792000000,0.2,0.4131969933309108,0
1611878400000,0.16,0.5573595039792886,0
1611964800000,0.12,0.5584663245221211,1
1612051200000,0.08,0.4372238757337588,-1
1612137600000,0.04,0.4821381973684185,0
1612224000000,0.0,0.68317639647183,0
1612310400000,0.0,0.90626395313077,1
1612396800000,0.0,0.8205698338771756,-1
1612483200000,0.12,0.9565776973457176,0
1612569600000,1.0,0.8493931265024349,1
1612656000000,0.96,0.8158793423839925,-1
1612742400000,1.0,0.976900879005098,0
1612828800000,1.0,0.9094808926788248,1
1612915200000,0.96,0.8180511148406547,-1
1613001600000,1.0,0.9584250326946956,1
1613088000000,1.0,0.8995456894386759,0
1613174400000,0.96,0.8915546152931201,-1
1613260800000,1.0,0.9357864330429162,1
1613347200000,0.96,0.8902368898111649,-1
1613433600000,1.0,0.8990384643134681,0
1613520000000,1.0,0.9704594842803566,1
1613606400000,0.96,0.934229617714207,-1
1613692800000,1.0,0.9765094807596174,1
1613779200000,1.0,0.9092096109291448,-1
1613865600000,1.0,0.9543610530427334,1
1613952000000,0.96,0.7082824273400863,0
1614038400000,0.92,0.3517721452685136,-1
1614124800000,0.88,0.3945703278085266,1
1614211200000,0.84,0.1600966741496716,0
1614297600000,0.8,0.1503479707337193,0
1614384000000,0.76,0.1383434582671499,0
1614470400000,0.72,0.1370792470909748,-1
1614556800000,0.68,0.4279986270392976,1
1614643200000,0.64,0.3530769380345288,-1
1614729600000,0.6,0.4778213737689124,1
1614816000000,0.56,0.3487269078349808,-1
1614902400000,0.52,0.3734062708751429,0
1614988800000,0.48,0.3819344475689375,0
1615075200000,0.44,0.5488166154326136,0
1615161600000,0.4,0.8386357433274171,0
1615248000000,0.36,1.0000000000000002,0
1615334400000,0.32,0.8937596901090067,0
1615420800000,0.28,0.9759276445916464,1
1615507200000,0.24,0.9394058437568044,-1
1615593600000,1.0,0.9659765797635472,1
1615680000000,0.96,0.830084967550383,0
1615766400000,0.92,0.5981641992913478,-1
1615852800000,0.88,0.6817933992685177,0
1615939200000,0.84,0.8116844484584839,1
1616025600000,0.8,0.7300395498261473,-1
1616112000000,0.76,0.7418569378072791,0
1616198400000,0.72,0.711236384926467,1
1616284800000,0.68,0.6422638914793104,0
1616371200000,0.64,0.2264134283441331,-1
1616457600000,0.6,0.149631778120486,1
1616544000000,0.56,0.0572125165501327,0
1616630400000,0.52,0.0736345855264033,-1
1616716800000,0.48,0.4016206386820974,0
1616803200000,0.44,0.4761877951834059,1
1616889600000,0.4,0.5234913211853586,-1
1616976000000,0.36,0.7429149773893542,0
1617062400000,0.32,0.8578202813287844,1
1617148800000,0.28,0.8571977181664092,0
1617235200000,0.24,0.8777976722062532,-1
1617321600000,0.2,0.872543333114097,1
1617408000000,0.16,0.6776595222535341,-1
1617494400000,0.12,0.7957426405560243,0
1617580800000,0.08,0.8910227297004627,1
1617667200000,0.04,0.7740926485335706,0
1617753600000,0.0,0.564872366146425,-1
1617840000000,0.0,0.7638723958382283,0
1617926400000,0.0,0.6705785903568041,0
1618012800000,1.0,0.7457911197676879,0
1618099200000,0.96,0.7766114002525478,1
1618185600000,0.92,0.7278564398225922,-1
1618272000000,1.0,0.9763870320695104,1
1618358400000,1.0,0.7982550550458756,-1
1618444800000,0.96,0.819694990609174,1
1618531200000,0.92,0.6244755264464399,0
1618617600000,0.88,0.4824189735951632,0
1618704000000,0.84,0.3736056686373146,0
1618790400000,0.8,0.3363558286412761,-1
1618876800000,0.76,0.3934236760676365,1
1618963200000,0.72,0.2033534253075776,0
1619049600000,0.68,0.080754397014706,0
1619136000000,0.64,0.2071033663655663,0
1619222400000,0.6,0.144815476585895,0
1619308800000,0.56,0.1171191754280723,-1
1619395200000,0.52,0.3933583899944043,0
1619481600000,0.48,0.4499304918900809,1
1619568000000,0.44,0.4683387767389848,0
1619654400000,0.4,0.3981761443711418,-1
1619740800000,0.36,0.6909190514466687,0
1619827200000,0.32,0.8013309675509444,1
1619913600000,0.28,0.8372660620055962,-1
1620000000000,0.24,0.8500174831530314,1
1620086400000,0.2,0.5195335996429702,-1
1620172800000,0.16,0.8722241404672224,1
1620259200000,0.12,0.7854331769698013,-1
1620345600000,0.08,0.8621199115693137,0
1620432000000,0.04,0.949962248408875,1
1620518400000,0.0,0.8833207221341971,0
1620604800000,0.0,0.4852921866206199,-1
1620691200000,0.0,0.604801342096684,1
1620777600000,0.0,0.0924397033264052,-1
1620864000000,0.0,0.2703466466864892,0
1620950400000,0.76,0.2830175103895754,1
1621036800000,0.72,0.0542120958224492,0
1621123200000,0.68,0.1643286869473029,0
1621209600000,0.64,0.0856361299415457,0
1621296000000,0.6,0.0461716985203034,0
1621382400000,0.56,0.2250529624259231,-1
1621468800000,0.52,0.35554541621364,1
1621555200000,0.48,0.2441655296106059,-1
1621641600000,0.44,0.2508905737160933,1
1621728000000,0.4,0.1558420138743868,-1
1621814400000,0.36,0.3127188888328152,1
1621900800000,0.32,0.2958201406882308,-1
1621987200000,0.28,0.4291547454602788,1
1622073600000,0.24,0.3959034234476655,0
1622160000000,0.2,0.2720271589893864,0
1622246400000,0.16,0.2309216569094536,-1
1622332800000,0.12,0.3367307572159968,0
1622419200000,0.08,0.4581786857118606,1
1622505600000,0.04,0.4918556831437858,-1
1622592000000,0.0,0.5688555597885225,0
1622678400000,0.04,0.7336657527790826,1
1622764800000,0.0,0.587157549853068,0
1622851200000,0.04,0.4514687381047252,-1
1622937600000,0.0,0.3225482665248532,1
1623024000000,0.04,0.0311386128577988,0
1623110400000,0.0,0.2402491289546101,-1
1623196800000,0.0,0.6785745121324541,1
1623283200000,0.0,0.6693906490383753,-1
1623369600000,0.0,0.7470782190362568,1
1623456000000,0.0,0.5356682586057624,-1
1623542400000,0.0,0.9469722455238104,0
1623628800000,0.0,0.9462742128629794,1
1623715200000,0.0,0.8856900089365636,0
1623801600000,0.96,0.7113335898735481,0
1623888000000,0.92,0.6864636893499387,0
1623974400000,0.88,0.4656680442271758,0
1624060800000,0.84,0.4330197433210851,-1
1624147200000,0.8,0.4443298949261824,1
1624233600000,0.76,0.0566502625763722,-1
1624320000000,0.72,0.2942768691716159,0
1624406400000,0.68,0.3878866546531463,0
1624492800000,0.64,0.4667969856687275,1
1624579200000,0.6,0.2201659512960147,-1
1624665600000,0.56,0.2761791321919302,0
1624752000000,0.52,0.4697810974942036,1
1624838400000,0.48,0.4533224189829541,-1
1624924800000,0.44,0.6058194562119129,1
1625011200000,0.4,0.5796674456909157,0
1625097600000,0.36,0.4992766371625522,-1
1625184000000,0.32,0.6387347561942941,0
1625270400000,0.28,0.7523416049210415,0
1625356800000,0.24,0.8318115637541447,1
1625443200000,0.2,0.6263247352491716,-1
1625529600000,0.16,0.6305894660698833,1
1625616000000,0.12,0.5749063234369762,0
1625702400000,0.08,0.4214334442715176,-1
1625788800000,0.04,0.5677010750776196,1
1625875200000,0.0,0.3291959518563631,-1
1625961600000,0.0,0.4815559235564464,1
1626048000000,0.0,0.2214795171804942,0
1626134400000,0.0,0.1603115043423337,-1
1626220800000,0.4,0.2859502217838088,1
1626307200000,0.36,0.1525290025112989,0
1626393600000,0.32,0.0712929333168036,-1
1626480000000,0.28,0.0989131533317677,0
1626566400000,0.24,0.175595108284904,1
1626652800000,0.2,0.089549731444892,0
1626739200000,0.16,0.0864280788589078,-1
1626825600000,0.12,0.5300915037409216,0
1626912000000,0.08,0.5567198999013772,0
1626998400000,0.04,0.8068506884512929,0
1627084800000,0.0,0.9227971761985158,0
1627171200000,0.0,0.9981018149371657,0
1627257600000,1.0,0.7060308113437286,0
1627344000000,0.96,0.9036692261446492,0
1627430400000,1.0,0.9248731346644216,1
1627516800000,0.96,0.9246072236073056,-1
1627603200000,1.0,0.9923945911502222,1
1627689600000,1.0,0.9257523926275352,0
1627776000000,1.0,0.7934783002999939,0
1627862400000,0.96,0.7409312132745629,0
1627948800000,0.92,0.6649086562369073,-1
1628035200000,0.88,0.7359378028731371,0
1628121600000,0.84,0.837657026261747,0
1628208000000,1.0,0.94509319254113,0
1628294400000,1.0,0.989097290812238,1
1628380800000,1.0,0.8503786225926772,-1
1628467200000,1.0,0.9808851089513296,1
1628553600000,1.0,0.8814509103687075,0
1628640000000,1.0,0.8694789372388123,0
1628726400000,0.96,0.7509167564284104,-1
1628812800000,1.0,0.9927090350404716,1
1628899200000,1.0,0.901070894023187,0
1628985600000,0.96,0.8922828393718225,0
1629072000000,0.92,0.792742737405114,0
1629072000000,0.88,0.792742737405114,0
1629158400000,0.84,0.6808767136066629,-1
1629244800000,0.8,0.5846874710327825,0
1629331200000,0.76,0.757263515885521,0
1629417600000,1.0,0.9916905545127452,1
1629504000000,1.0,0.866416249081691,-1
1629590400000,0.96,0.914102998925389,0
1629676800000,1.0,0.8501323244991797,1
1629763200000,0.96,0.5795559771634184,-1
1629849600000,0.92,0.7678099071535929,1
1629936000000,0.88,0.4427101693270678,-1
1630022400000,0.84,0.7825546218354529,1
1630108800000,0.8,0.755906351513247,0
1630195200000,0.76,0.7364380763400157,0
1630281600000,0.72,0.4639371845410434,-1
1630368000000,0.68,0.4819490031180338,0
1630454400000,0.64,0.7429554906055833,0
1630540800000,0.6,0.7049799275997909,0
1630627200000,1.0,0.789465609531452,1
1630713600000,0.96,0.7718272001989119,-1
1630800000000,1.0,0.9754690525442236,0
1630886400000,1.0,0.9830460901028428,1
1630972800000,1.0,0.3978504919106437,0
1631059200000,0.96,0.3166574510959827,-1
1631145600000,0.92,0.3511920251139719,1
1631232000000,0.88,0.197429878714297,-1
1631318400000,0.84,0.2295697449355768,0
1631404800000,0.8,0.3143603239080376,1
1631491200000,0.76,0.2063734402236698,-1
1631577600000,0.72,0.4225234501204795,0
1631664000000,0.68,0.5230802674518155,1
1631750400000,0.64,0.4848854248846772,0
1631836800000,0.6,0.441288798618102,-1
1631923200000,0.56,0.5401399467370617,1
1632009600000,0.52,0.4354907181606225,0
1632096000000,0.48,0.0471542099773009,0
1632182400000,0.44,0.1206441672216265,-1
1632268800000,0.4,0.4255961760703968,0
1632355200000,0.36,0.5690660316874084,1
1632441600000,0.32,0.3460220505746195,0
1632528000000,0.28,0.3308321463666306,-1
1632614400000,0.24,0.3840516306588382,1
1632700800000,0.2,0.2740271369119141,0
1632787200000,0.16,0.1523591848261863,-1
1632873600000,0.12,0.2063906499907994,0
1632960000000,0.08,0.4560443732496918,0
1633046400000,0.04,0.9247255946963706,1
1633132800000,0.0,0.9038638608331734,-1
1633219200000,1.0,0.8937462264992947,0
1633305600000,1.0,0.9694617145102452,0
1633392000000,1.0,0.9641650369631856,0
1633478400000,1.0,0.9719323819070764,1
1633564800000,0.96,0.870111182366669,-1
1633651200000,1.0,0.8604402581361954,0
1633737600000,0.96,0.9256954231285,1
1633824000000,1.0,0.8801358667086769,-1
1633910400000,1.0,0.9792918975323792,1
1633996800000,0.96,0.8927017032250143,-1
1634083200000,0.92,0.9720561732348996,1
1634169600000,1.0,0.9229417633983538,-1
1634256000000,1.0,0.9220399301220906,1
1634342400000,0.96,0.8721991747068418,-1
1634428800000,0.92,0.9130275006212022,0
1634515200000,0.88,0.934297449646185,0
1634601600000,1.0,0.9862720678564983,0
1634688000000,1.0,0.9274438129528412,1
1634774400000,0.96,0.6404785259872776,0
1634860800000,0.92,0.526078892239966,-1
1634947200000,0.88,0.5639849056596431,1
1635033600000,0.84,0.5307557442572509,-1
1635120000000,0.8,0.701024129897162,1
1635206400000,0.76,0.4792730819219944,0
1635292800000,0.72,0.1547212114551945,-1
1635379200000,0.68,0.3658275834653682,0
1635465600000,0.64,0.482111783444729,1
1635552000000,0.6,0.4389903792767254,0
1635638400000,0.56,0.3778485302512269,0
1635724800000,0.52,0.3353643505238075,-1
1635811200000,0.48,0.5877270891819761,1
1635897600000,0.44,0.5750316791926492,0
1635984000000,0.4,0.5536430979562666,0
1636070400000,0.36,0.482412269503285,-1
1636156800000,0.32,0.565403675018542,0
1636243200000,0.28,0.845880992898724,0
1636329600000,1.0,0.9743975774849788,1
1636416000000,1.0,0.8531011455351654,0
1636502400000,1.0,0.6313420642975126,0
1636588800000,0.96,0.5589853607826271,0
1636675200000,0.92,0.4908003128363648,-1
1636761600000,0.88,0.5177562194803962,0
1636848000000,0.84,0.6368758736613195,1
1636934400000,0.8,0.3962484960373165,0
1637020800000,0.76,0.1403990222179215,-1
1637107200000,0.72,0.1836836248681569,1
1637193600000,0.68,0.0309360377147996,-1
1637280000000,0.64,0.1811251477848655,0
1637366400000,0.6,0.3050706001268082,1
1637452800000,0.56,0.2237898730776527,0
1637539200000,0.52,0.0459635256903757,-1
1637625600000,0.48,0.1606101911858048,1
1637712000000,0.44,0.1623637933171195,-1
1637798400000,0.4,0.3272950482700905,1
1637884800000,0.36,0.0151205218950034,-1
1637971200000,0.32,0.0924634055117042,0
1638057600000,0.28,0.3042187576807017,0
1638144000000,0.24,0.4352062916995036,1
1638230400000,0.2,0.4776485087223307,-1
1638316800000,0.16,0.5080007481797995,1
1638403200000,0.12,0.475068043648555,0
1638489600000,0.08,0.2283538595510735,0
1638576000000,0.04,0.3955385079451153,-1
1638662400000,0.0,0.4229316681223002,0
1638748800000,0.16,0.4843339421288711,0
1638835200000,0.12,0.4928132070582167,1
1638921600000,0.08,0.4860219519532742,0
1639008000000,0.04,0.3214332664398525,0
1639094400000,0.0,0.2977721240025786,-1
1639180800000,0.0,0.4291745603821028,0
1639267200000,0.04,0.4679571034645143,1
1639353600000,0.0,0.2721984626086413,-1
1639440000000,0.08,0.3707126808728312,0
1639526400000,0.04,0.4390437006394396,1
1639612800000,0.0,0.3597620893351362,0
1639699200000,0.0,0.3470219007086032,-1
1639785600000,0.08,0.2109402364759167,1
1639872000000,0.04,0.1872117568513699,-1
1639958400000,0.0,0.2232774975296452,0
1640044800000,0.16,0.5973456443742705,1
1640131200000,0.12,0.5858400843599444,-1
1640217600000,0.08,0.9099913528037448,1
1640304000000,0.04,0.8445513154419784,0
1640390400000,0.0,0.7781739424269336,-1
1640476800000,0.0,0.8375225842412842,1
1640563200000,0.04,0.7911073424182722,0
1640649600000,0.0,0.3133659173200942,0
1640736000000,0.0,0.1501074643337629,-1
1640822400000,0.88,0.2493881751560938,1
1640908800000,0.84,0.106694864747397,-1
1640995200000,0.8,0.3300302249838934,1
1641081600000,0.76,0.2629546655404094,0
1641168000000,0.72,0.1177368635673325,0
1641254400000,0.68,0.0480697861771494,0
1641340800000,0.64,0.0970387353733445,0
1641427200000,0.6,0.0652163126831428,0
1641513600000,0.56,0.0811166084286736,-1
1641600000000,0.52,0.0995767742660235,0
1641686400000,0.48,0.1155865584167007,1
1641772800000,0.44,0.1947013274952158,-1
1641859200000,0.4,0.3447289942519521,0
1641945600000,0.36,0.4770401429968665,1
1642032000000,0.32,0.3256519766490948,-1
1642118400000,0.28,0.4077542720882824,0
1642204800000,0.24,0.4106814061231458,1
1642291200000,0.2,0.4309922834894558,0
1642377600000,0.16,0.3212765319731649,-1
1642464000000,0.12,0.3629020783913246,1
1642550400000,0.08,0.4133400486860261,0
1642636800000,0.04,0.2107808999902372,0
1642723200000,0.0,0.108795536667658,0
1642809600000,0.0,0.0992013023594923,-1
1642896000000,0.08,0.2113913700887039,0
1642982400000,0.04,0.3217625472335681,0
1643068800000,0.0,0.3475747108788686,1
1643155200000,0.04,0.3346690621898162,-1
1643241600000,0.0,0.3886956906175071,0
1643328000000,0.0,0.4400005684051129,0
1643414400000,0.0,0.4950014366393712,1
1643500800000,0.0,0.4679851073113252,-1
1643587200000,0.28,0.5234373836653772,0
1643673600000,0.24,0.5450150040691331,1
1643760000000,0.2,0.374601176766015,-1
1643846400000,0.16,0.5363514981532254,0
1643932800000,0.12,0.9784411667686777,1
1644019200000,0.08,0.9416520859003892,-1
1644105600000,0.04,0.972539322551638,0
1644192000000,1.0,0.927194159572295,0
1644278400000,1.0,0.8552760122350415,0
1644364800000,0.96,0.888410280146971,1
1644451200000,1.0,0.7594798772876364,0
1644537600000,0.96,0.6394887165886134,0
1644624000000,0.92,0.6231490230493024,0
1644710400000,0.88,0.6059339513433473,-1
1644796800000,0.84,0.6564941168774082,0
1644883200000,0.8,0.8671006685583529,1
1644969600000,0.76,0.7967244573884612,0
1645056000000,0.72,0.3955773064210069,0
1645142400000,0.68,0.080098332547867,-1
1645228800000,0.64,0.096592486718825,1
1645315200000,0.6,0.0471385707427574,0
1645401600000,0.56,0.0206562428858081,-1
1645488000000,0.52,0.1967102320908371,1
1645574400000,0.48,0.0928525615274226,-1
1645660800000,0.44,0.3828162798837534,0
1645747200000,0.4,0.4686314890578528,1
1645833600000,0.36,0.4587748046999373,0
1645920000000,0.32,0.3223831152904772,-1
1646006400000,0.28,0.8477775839158802,0
1646092800000,0.24,0.9510504530351443,1
1646179200000,0.2,0.8643849138877315,0
1646265600000,0.16,0.734046952104595,0
1646352000000,0.12,0.4346603875934338,-1
1646438400000,0.08,0.4572411419281259,1
1646524800000,0.04,0.3687341860591134,0
1646611200000,0.0,0.3295317140029632,-1
1646697600000,0.76,0.3967966381568849,0
1646784000000,0.72,0.6876454493443878,1
1646870400000,0.68,0.2868117829848511,0
1646956800000,0.64,0.2041008078962842,-1
1647043200000,0.6,0.2133928471668815,1
1647129600000,0.56,0.0732393595779596,-1
1647216000000,0.52,0.3037350154950304,1
1647302400000,0.48,0.2561470568619511,-1
1647388800000,0.44,0.5693895459478889,1
1647475200000,0.4,0.6916724038767781,-1
1647561600000,0.36,0.8465613069094158,0
1647648000000,0.32,0.9283990829760872,1
1647734400000,0.28,0.7551713013563985,0
1647820800000,0.24,0.6839229421080584,-1
1647907200000,0.2,0.828608413910685,0
1647993600000,0.16,0.918237125696846,0
1648080000000,0.12,0.9663507770403734,0
1648166400000,0.08,0.8969452447409298,0
1648252800000,0.04,0.9233116632333478,0
1648339200000,1.0,0.9826922291105492,0
1648425600000,1.0,0.8947329803506997,0
1648512000000,0.96,0.9199579413845588,1
1648598400000,0.92,0.861137394094298,0
1648684800000,0.88,0.6671016818222427,-1
1648771200000,0.84,0.753174867004037,1
1648857600000,0.8,0.6917795848846987,-1
1648944000000,0.76,0.7692692174523034,0
1649030400000,0.72,0.7801172092058823,1
1649116800000,0.68,0.5813079515424345,0
1649203200000,0.64,0.1062315285305225,-1
1649289600000,0.6,0.1291765663967568,1
1649376000000,0.56,0.0214004306772463,-1
1649462400000,0.52,0.1042021327571678,1
1649548800000,0.48,0.0436659403551011,0
1649635200000,0.44,0.0347727306207953,-1
1649721600000,0.4,0.1007827689431979,0
1649808000000,0.36,0.2301672535786307,1
1649894400000,0.32,0.087857486768653,-1
1649980800000,0.28,0.1620415699660903,1
1650067200000,0.24,0.1409627844152236,0
1650153600000,0.2,0.0574703019908216,-1
1650240000000,0.16,0.2597854596502262,0
1650326400000,0.12,0.4230989834103694,1
1650412800000,0.08,0.5185129349478302,0
1650499200000,0.04,0.3563611745802653,0
1650585600000,0.0,0.2389244258358358,0
1650672000000,0.0,0.1838368846758756,-1
1650758400000,0.0,0.2039931632923084,0
1650844800000,0.0,0.4651769000768003,1
1650931200000,0.08,0.075584006104734,-1
1651017600000,0.04,0.2892594734807929,0
1651104000000,0.0,0.3855977007559114,1
1651190400000,0.04,0.1675671785317681,0
1651276800000,0.0,0.0072808158283251,-1
1651363200000,0.0,0.1917256187996605,0
1651449600000,0.04,0.2019234790515405,1
1651536000000,0.0,0.0589972634002681,-1
1651622400000,0.04,0.411021798639622,1
1651708800000,0.0,0.185888080110967,0
1651795200000,0.4,0.1344022228290828,0
1651881600000,0.36,0.1122203052744502,0
1651968000000,0.32,0.0434626132215908,0
1652054400000,0.28,0.0015095961410767,-1
1652140800000,0.24,0.1188172235547619,1
1652227200000,0.2,0.1026382161815618,0
1652313600000,0.16,0.1729512731850801,-1
1652400000000,0.12,0.1923279461870216,0
1652486400000,0.08,0.2525507663693874,0
1652572800000,0.04,0.3460942345752237,1
1652659200000,0.0,0.2365305578668492,-1
1652745600000,0.16,0.2795252339269677,1
1652832000000,0.12,0.1513303397425407,-1
1652918400000,0.08,0.361537523401683,1
1653004800000,0.04,0.2631595198202053,-1
1653091200000,0.0,0.3099919789789353,0
1653177600000,0.04,0.4755655892368984,1
1653264000000,0.0,0.4031589857133474,-1
1653350400000,0.2,0.5402079888055378,1
1653436800000,0.16,0.5966131769794413,0
1653523200000,0.12,0.3421647221140266,0
1653609600000,0.08,0.1754757794012859,-1
1653696000000,0.04,0.292579464411254,0
1653782400000,0.0,0.4366963908868017,0
1653868800000,0.0,0.8844224292202693,0
1653955200000,0.0,0.8638858559217659,1
1654041600000,0.0,0.4067591613792661,-1
1654128000000,0.0,0.5549465575747254,1
1654214400000,0.0,0.3825603444739879,-1
1654300800000,0.0,0.4200957750135795,0
1654387200000,0.8,0.432735887953024,0
1654473600000,0.76,0.7658396363947394,1
1654560000000,0.72,0.7090725386422253,0
1654646400000,0.68,0.4981611308565564,0
1654732800000,0.64,0.4428786320757926,0
1654819200000,0.6,0.1605953692689428,0
1654905600000,0.56,0.0732899759631836,0
1654992000000,0.52,0.0,0
1655078400000,0.48,0.0513107824409792,0
1655164800000,0.44,0.113762313741072,-1
1655251200000,0.4,0.2103448956394741,1
1655337600000,0.36,0.0224447420739128,-1
1655424000000,0.32,0.0282563266825223,1
1655510400000,0.28,0.0931894281905672,-1
1655596800000,0.24,0.2069248573271487,1
1655683200000,0.2,0.2095563922027241,-1
1655769600000,0.16,0.2245707199573677,1
1655856000000,0.12,0.1790288440067279,-1
1655942400000,0.08,0.2717750406345696,0
1656028800000,0.04,0.3044750886058406,0
1656115200000,0.0,0.3529267454355924,1
1656201600000,0.0,0.367104633210305,0
1656288000000,0.16,0.5429100321977838,0
1656374400000,0.12,0.4940456238284932,0
1656460800000,0.08,0.4644915910288451,0
1656547200000,0.04,0.5432270681927904,0
1656633600000,0.0,0.3874252289785403,0
1656720000000,0.0,0.3276729491424463,-1
1656806400000,0.0,0.2096930251870945,0
1656892800000,0.0,0.4929532759946506,1
1656979200000,0.0,0.4742267491190932,-1
1657065600000,0.0,0.5937836884422192,0
1657152000000,0.0,0.9199814538121808,1
1657238400000,0.0,0.7610277496896113,0
1657324800000,0.0,0.7602767629605608,0
1657411200000,0.04,0.5726946805288337,0
1657497600000,0.0,0.3415193615991114,0
1657584000000,0.84,0.1782414729671515,-1
1657670400000,0.8,0.4112839712300618,0
1657756800000,0.76,0.4816932094296858,0
1657843200000,0.72,0.5462933090240292,0
1657929600000,0.68,0.6442004914772127,1
1658016000000,0.64,0.5211144523131679,-1
1658102400000,1.0,0.911347330709484,0
1658188800000,1.0,0.918099967701438,1
1658275200000,1.0,0.8038967553669221,0
1658361600000,0.96,0.7905994773605386,0
1658448000000,0.92,0.7032050764455727,0
1658534400000,0.88,0.6594929163165871,-1
1658620800000,0.84,0.6835424582150678,1
1658707200000,0.8,0.4462858081104563,0
1658793600000,0.76,0.4357710290034535,-1
1658880000000,0.72,0.7157830314610149,0
1658966400000,0.68,0.8891170668133996,1
1659052800000,1.0,0.8315708340680178,0
1659139200000,1.0,0.7413993015568128,0
1659225600000,0.96,0.6527019543208936,0
1659312000000,0.92,0.6462913490536351,0
1659398400000,0.88,0.5753162479872166,0
1659484800000,0.84,0.5324049582053563,0
1659571200000,0.8,0.482915896049309,-1
1659657600000,0.76,0.6575396690820402,1
1659744000000,0.72,0.56681098821343,-1
1659830400000,0.68,0.6225789482191548,0
1659916800000,0.64,0.7835684706973032,1
1660003200000,0.6,0.5807512428470247,-1
1660089600000,0.56,0.6850281331706427,1
1660176000000,1.0,0.6088018225581726,-1
1660262400000,0.96,0.7957662562314489,0
1660348800000,0.92,0.8107858798106488,1
1660435200000,1.0,0.719558394365481,0
1660521600000,1.0,0.6023979403108061,0
1660608000000,0.96,0.5167114703812296,0
1660608000000,0.92,0.5167114703812296,0
1660694400000,0.88,0.2864358160872399,0
1660780800000,0.84,0.2049502220666551,0
1660867200000,0.8,0.0090195794599578,-1
1660953600000,0.76,0.0827837379498989,0
1661040000000,0.72,0.1674712453427752,1
1661126400000,0.68,0.141361857245776,-1
1661212800000,0.64,0.1705178668075397,1
1661299200000,0.6,0.1342019585406479,-1
1661385600000,0.56,0.177265084736908,1
1661472000000,0.52,0.0236817424850695,0
1661558400000,0.48,0.0415596203942547,0
1661644800000,0.44,0.0047555391501138,-1
1661731200000,0.4,0.1534530836955507,1
1661817600000,0.36,0.0569031399292447,-1
1661904000000,0.32,0.1278494242736139,0
1661990400000,0.28,0.1638309261531029,1
1662076800000,0.24,0.179570703938276,0
1662163200000,0.2,0.1289968498559806,-1
1662249600000,0.16,0.1999924902982821,1
1662336000000,0.12,0.1142159285144888,0
1662422400000,0.08,0.0410588160843243,-1
1662508800000,0.04,0.2299425398142014,0
1662595200000,0.0,0.2379464179316462,0
1662681600000,0.08,0.9238029640210595,0
1662768000000,0.04,0.9514893309439564,0
1662854400000,0.0,0.990960424061498,0
1662940800000,0.0,0.9776101949343292,1
1663027200000,0.0,0.3865738158920783,-1
1663113600000,0.96,0.3990077920549415,1
1663200000000,0.92,0.2762053135160719,-1
1663286400000,0.88,0.2999360975288226,0
1663372800000,0.84,0.3725464001795517,1
1663459200000,0.8,0.2093557277100867,-1
1663545600000,0.76,0.2841317689294435,1
1663632000000,0.72,0.138666301982121,0
1663718400000,0.68,0.0695153416899129,-1
1663804800000,0.64,0.2714084485255166,1
1663891200000,0.6,0.2474201282604078,0
1663977600000,0.56,0.1681010682072951,0
1664064000000,0.52,0.1438121424250801,-1
1664150400000,0.48,0.234088273576729,1
1664236800000,0.44,0.3934352867744559,-1
1664323200000,0.4,0.5688577379464914,0
1664409600000,0.36,0.6481957695522703,1
1664496000000,0.32,0.5732044799545537,0
1664582400000,0.28,0.5236276451618884,0
1664668800000,0.24,0.4107855122355411,-1
1664755200000,0.2,0.6648767805066014,0
1664841600000,0.16,0.9422893501531778,1
1664928000000,0.12,0.850876319485454,0
1665014400000,0.08,0.7433298857419094,0
1665100800000,0.04,0.5277127008948029,0
1665187200000,0.0,0.4715624966658411,-1
1665273600000,0.0,0.4821084995291426,1
1665360000000,0.76,0.3283001054425865,0
1665446400000,0.72,0.2923104935819302,-1
1665532800000,0.68,0.1896471632420759,0
1665619200000,0.64,0.5179139881437222,1
1665705600000,0.6,0.4308809795030436,0
1665792000000,0.56,0.3836583268833735,-1
1665878400000,0.52,0.4686670057065265,0
1665964800000,0.48,0.5946409185160011,1
1666051200000,0.44,0.5010271289453914,0
1666137600000,0.4,0.410954663194445,0
1666224000000,0.36,0.452470450197997,-1
1666310400000,0.32,0.5524055316157709,0
1666396800000,0.28,0.5751740871967778,0
1666483200000,0.24,0.7836390639458461,1
1666569600000,0.2,0.6465721315487271,-1
1666656000000,0.16,0.849513048257321,0
1666742400000,1.0,0.9128114116761996,1
1666828800000,0.96,0.693990355755273,-1
1666915200000,0.92,0.8196163933303092,0
1667001600000,1.0,0.8874313679716587,1
1667088000000,0.96,0.8123569245017852,0
1667174400000,0.92,0.7560109153900314,0
1667260800000,0.88,0.7530770000406395,0
1667347200000,0.84,0.616361489560181,-1
1667433600000,0.8,0.6394289869280032,0
1667520000000,1.0,0.9318653393177808,0
1667606400000,1.0,0.9254282637753822,1
1667692800000,0.96,0.7525629361806949,0
1667779200000,0.92,0.6030835298477447,0
1667865600000,0.88,0.3185803540896506,0
1667952000000,0.84,0.0545135740485591,-1
1668038400000,0.8,0.3402962180539884,1
1668124800000,0.76,0.2499063931413712,0
1668211200000,0.72,0.2059357720744111,0
1668297600000,0.68,0.1238231105048016,-1
1668384000000,0.64,0.173137022781463,0
1668470400000,0.6,0.2210035808426224,1
1668556800000,0.56,0.1805100154321982,-1
1668643200000,0.52,0.1855842690347832,0
1668729600000,0.48,0.1869277543007023,0
1668816000000,0.44,0.1907507692637456,1
1668902400000,0.4,0.1242088445523919,0
1668988800000,0.36,0.0561308365016096,-1
1669075200000,0.32,0.2396426731597988,0
1669161600000,0.28,0.4128254068912838,1
1669248000000,0.24,0.5052762178788069,0
1669334400000,0.2,0.6099177510844446,0
1669420800000,0.16,0.5727036146942347,0
1669507200000,0.12,0.5552644276081189,0
1669593600000,0.08,0.4432782107492552,-1
1669680000000,0.04,0.62727569750424,0
1669766400000,0.0,0.952578470053412,1
1669852800000,0.0,0.8126808941554556,-1
1669939200000,0.0,0.8753217203103029,1
1670025600000,0.0,0.7626366456793178,-1
1670112000000,0.0,0.8823584292204764,1
1670198400000,0.0,0.7467123340254973,-1
1670284800000,0.0,0.7654561439810701,1
1670371200000,0.92,0.5882853723395428,-1
1670457600000,0.88,0.8603469892554673,1
1670544000000,0.84,0.7932619562710387,0
1670630400000,0.8,0.7925106376056281,0
1670716800000,0.76,0.7627106711009244,-1
1670803200000,0.72,0.8384199441950123,0
1670889600000,1.0,0.8570528584589641,0
1670976000000,1.0,0.6575639271060767,1
1671062400000,0.96,0.3952526998772368,0
1671148800000,0.92,0.0540186741848288,-1
1671235200000,0.88,0.1318893108234802,1
1671321600000,0.84,0.1112298642194164,0
1671408000000,0.8,0.0834448261114607,-1
1671494400000,0.76,0.298407296787171,1
1671580800000,0.72,0.2650388778807119,0
1671667200000,0.68,0.2635137872155003,0
1671753600000,0.64,0.2433063359014328,-1
1671840000000,0.6,0.2704284729784544,1
1671926400000,0.56,0.2685409379267568,-1
1672012800000,0.52,0.3096242444884099,1
1672099200000,0.48,0.2093495332506804,0
1672185600000,0.44,0.180168583899333,-1
1672272000000,0.4,0.2942233099875612,1
1672358400000,0.36,0.4352435429198473,0
1672444800000,0.32,0.3541223366031923,-1
1672531200000,0.28,0.4467984535307179,0
1672617600000,0.24,0.4657630368602038,0
1672704000000,0.2,0.5341104396899337,0
1672790400000,0.16,0.7853823979283701,1
1672876800000,0.12,0.7571938154889489,-1
1672963200000,0.08,0.8728410558749795,1
1673049600000,0.04,0.8628072302067655,-1
1673136000000,0.0,0.9424415492479196,0
1673222400000,0.0,0.7932613981214188,0
1673308800000,0.0,0.9506821600074858,0
1673395200000,1.0,0.9667333840661634,0
1673481600000,1.0,0.9034249283522602,0
1673568000000,1.0,0.9809914474249284,0
1673654400000,1.0,0.936984506225293,1
1673740800000,0.96,0.9185364514135016,-1
1673827200000,1.0,0.9414506712318628,1
1673913600000,1.0,0.8979035945308452,0
1674000000000,1.0,0.8045832257568788,-1
1674086400000,0.96,0.884135254973444,0
1674172800000,1.0,0.9856632119454276,0
1674259200000,1.0,0.9095286339672042,1
1674345600000,0.96,0.8945906925586975,-1
1674432000000,0.92,0.92749510856124,1
1674518400000,0.88,0.8784641561822654,-1
1674604800000,1.0,0.8728878245580478,1
1674691200000,0.96,0.8421806544439797,-1
1674777600000,0.92,0.8112337674137328,1
1674864000000,0.88,0.7671864864028278,-1
1674950400000,1.0,0.9392605541831276,1
1675036800000,0.96,0.680564227972612,-1
1675123200000,0.92,0.7649882061534995,0
1675209600000,0.88,0.9316259161889396,1
1675296000000,1.0,0.7743934684075552,0
1675382400000,0.96,0.5800808760131066,0
1675468800000,0.92,0.5263695944825939,0
1675555200000,0.88,0.3223373425608516,0
1675641600000,0.84,0.2348865213022054,-1
1675728000000,0.8,0.480184047638008,1
1675814400000,0.76,0.2622131875788799,0
1675900800000,0.72,0.0398547210363215,0
1675987200000,0.68,0.0598352432109231,-1
1676073600000,0.64,0.1447720784679368,1
1676160000000,0.6,0.1164991624178167,0
1676246400000,0.56,0.1436259790098213,-1
1676332800000,0.52,0.2907750265874549,0
1676419200000,1.0,0.98235135776853,1
1676505600000,1.0,0.5550865922934457,-1
1676592000000,0.96,0.825881222086118,0
1676678400000,0.92,0.8418316627176692,1
1676764800000,0.88,0.7491374192346346,-1
1676851200000,0.84,0.8959391190387995,1
1676937600000,0.8,0.7955630321731934,0
1677024000000,0.76,0.726091889086919,0
1677110400000,0.72,0.6638110543460075,0
1677196800000,0.68,0.4695363344821099,0
1677283200000,0.64,0.4622739686443816,-1
1677369600000,0.6,0.5646419304775286,1
1677456000000,0.56,0.5263774742616132,0
1677542400000,0.52,0.3403340831626151,-1
1677628800000,0.48,0.3574864841148865,1
1677715200000,0.44,0.2925325454043322,0
1677801600000,0.4,0.1147710533025304,0
1677888000000,0.36,0.1123933187341575,-1
1677974400000,0.32,0.1379975724453222,1
1678060800000,0.28,0.131803834007244,0
1678147200000,0.24,0.0992308827572597,0
1678233600000,0.2,0.0391857253486144,0
1678320000000,0.16,0.0758918308832678,0
1678406400000,0.12,0.1331237131051369,-1
1678492800000,0.08,0.2018898346809767,0
1678579200000,0.04,0.5493679505823922,0
1678665600000,0.0,0.9225511349049582,0
1678752000000,1.0,0.7490106799965728,1
1678838400000,0.96,0.6925520863324839,-1
1678924800000,0.92,0.7971960169724708,0
1679011200000,1.0,0.956667317546671,1
1679097600000,0.96,0.8970542110455397,-1
1679184000000,1.0,0.9535335057886072,1
1679270400000,1.0,0.9159869710517686,-1
1679356800000,0.96,0.9596693562722118,1
1679443200000,1.0,0.8267729459259107,-1
1679529600000,0.96,0.9392289375913616,1
1679616000000,0.92,0.845073514543518,-1
1679702400000,0.88,0.8369007089626074,0
1679788800000,0.84,0.8728700381046969,1
1679875200000,0.8,0.6490448118103388,-1
1679961600000,0.76,0.676527777411185,0
1680048000000,0.72,0.8910434373725707,1
1680134400000,1.0,0.7307699491299592,-1
1680220800000,0.96,0.7312266917327728,1
1680307200000,0.92,0.7264919514266491,0
1680393600000,0.88,0.621203023289059,0
1680480000000,0.84,0.481796223792778,-1
1680566400000,0.8,0.6188037882962499,0
1680652800000,0.76,0.6205057456192734,1
1680739200000,0.72,0.5694507747332154,0
1680825600000,0.68,0.5216572639155086,-1
1680912000000,0.64,0.5336721829029389,0
1680998400000,0.6,0.6781436175168538,0
1681084800000,1.0,0.958470349624546,0
1681171200000,1.0,0.8961729906724911,1
1681257600000,0.96,0.8026120953407118,-1
1681344000000,1.0,0.9355178815006134,0
1681430400000,1.0,0.8601207285240984,1
1681516800000,0.96,0.8147438467519484,-1
1681603200000,0.92,0.8172683054911349,1
1681689600000,0.88,0.5289226877156258,-1
1681776000000,0.84,0.8117439773849955,1
1681862400000,0.8,0.3288420926641533,0
1681948800000,0.76,0.145450444645103,0
1682035200000,0.72,0.0331950791455626,-1
1682121600000,0.68,0.1766490083957763,1
1682208000000,0.64,0.1180644133652517,0
1682294400000,0.6,0.1380026203633884,-1
1682380800000,0.56,0.3333431658233743,0
1682467200000,0.52,0.3616601997979627,0
1682553600000,0.48,0.6231859385529643,1
1682640000000,0.44,0.6482110680516869,0
1682726400000,0.4,0.6338380151910357,-1
1682812800000,0.36,0.6462949595686818,1
1682899200000,0.32,0.3163031123959557,-1
1682985600000,0.28,0.496790559062651,0
1683072000000,0.24,0.6733083132146922,1
1683158400000,0.2,0.6123238497944018,-1
1683244800000,0.16,0.8288349142086197,1
1683331200000,0.12,0.6155806796494006,0
1683417600000,0.08,0.4799551256279984,0
1683504000000,0.04,0.1657179016873761,0
1683590400000,0.0,0.1383814942070515,0
1683676800000,0.0,0.2557828719545975,0
1683763200000,0.0,0.0793653582763316,0
1683849600000,0.04,0.2348512761137739,0
1683936000000,0.0,0.2300900756983315,-1
1684022400000,0.0,0.2743874100031759,0
1684108800000,0.24,0.3355935112867119,1
1684195200000,0.2,0.3034785808324439,-1
1684281600000,0.16,0.3965367857816512,1
1684368000000,0.12,0.2502724263713426,-1
1684454400000,0.08,0.265035782553671,0
1684540800000,0.04,0.3868638232588919,1
1684627200000,0.0,0.3307077907774938,-1
1684713600000,0.12,0.4107321075003246,0
1684800000000,0.08,0.5581918686856374,1
1684886400000,0.04,0.2778833794007022,-1
1684972800000,0.0,0.3563172517662311,0
1685059200000,0.2,0.464574171631663,0
1685145600000,0.16,0.5476527025173683,0
1685232000000,0.12,0.9184459372420334,1
1685318400000,0.08,0.723963420397108,0
1685404800000,0.04,0.7075991575851528,0
1685491200000,0.0,0.5190010286773669,0
1685577600000,0.0,0.3661042664709986,-1
1685664000000,0.0,0.5315625485120684,1
1685750400000,0.8,0.4640132093761477,-1
1685836800000,0.76,0.481932077155238,1
1685923200000,0.72,0.1090870354926629,-1
1686009600000,0.68,0.6064640507342359,1
1686096000000,0.64,0.3177953338982401,-1
1686182400000,0.6,0.369411143820854,1
1686268800000,0.56,0.3626703335842098,0
1686355200000,0.52,0.1563626510530611,-1
1686441600000,0.48,0.1836953402529937,1
1686528000000,0.44,0.2043980394103419,-1
1686614400000,0.4,0.2330455739056467,1
1686700800000,0.36,0.1148258450262122,-1
1686787200000,0.32,0.2992677042745056,0
1686873600000,0.28,0.5813880348022029,0
1686960000000,0.24,0.6463863277218681,1
1687046400000,0.2,0.5936899385601249,-1
1687132800000,0.16,0.7889565320669729,0
1687219200000,0.12,0.974497322476647,0
1687305600000,1.0,0.8660795895491972,1
1687392000000,0.96,0.847856489831447,-1
1687478400000,1.0,0.8884065956793049,1
1687564800000,0.96,0.8640374322010645,0
1687651200000,0.92,0.8542380237545157,0
1687737600000,0.88,0.824785332040919,-1
1687824000000,0.84,0.8890026998830936,1
1687910400000,0.8,0.7959514388535901,-1
1687996800000,0.76,0.8429732144979483,0
1688083200000,0.72,0.8174543505217715,0
1688169600000,0.68,0.8368812610132811,0
1688256000000,0.64,0.8428925986331299,0
1688342400000,0.6,0.9430036632837104,1
1688428800000,0.56,0.7905229562158304,0
1688515200000,0.52,0.5193665739268953,0
1688601600000,1.0,0.1958869270837976,-1
1688688000000,0.96,0.4212817699816646,1
1688774400000,0.92,0.3911451745871917,0
1688860800000,0.88,0.3289755907469531,-1
1688947200000,0.84,0.4548298661033288,0
1689033600000,0.8,0.5604509319997555,1
1689120000000,0.76,0.4389914722860573,-1
1689206400000,1.0,0.8484884365046127,1
1689292800000,0.96,0.2889935119934608,0
1689379200000,0.92,0.2782640100355659,0
1689465600000,0.88,0.2508176673215714,0
1689552000000,0.84,0.2214749717863693,0
1689638400000,0.8,0.1494550626215254,-1
1689724800000,0.76,0.171376971244857,1
1689811200000,0.72,0.1235716269805975,-1
1689897600000,0.68,0.168098315182782,1
1689984000000,0.64,0.1209452002286008,-1
1690070400000,0.6,0.2477797254604414,1
1690156800000,0.56,0.1047879729571242,-1
1690243200000,0.52,0.1226608208404453,0
1690329600000,0.48,0.1646233076185918,1
1690416000000,0.44,0.128315144154367,-1
1690502400000,0.4,0.2847791767291118,0
1690588800000,0.36,0.3094006588443777,1
1690675200000,0.32,0.2678931877468974,0
1690761600000,0.28,0.2363899319653494,-1
1690848000000,0.24,0.6111640241050338,1
1690934400000,0.2,0.3263347522049706,-1
1691020800000,0.16,0.3432472893866221,1
1691107200000,0.12,0.2979491986722868,0
1691193600000,0.08,0.2741428197984369,-1
1691280000000,0.04,0.3307002813582944,0
1691366400000,0.0,0.4267515503189252,0
1691452800000,0.0,0.7143380910632148,1
1691539200000,0.04,0.6003253207164114,0
1691625600000,0.0,0.523941665626559,0
1691712000000,0.12,0.5059590750905127,-1
1691798400000,0.08,0.5084640523724514,1
1691884800000,0.04,0.432025941254733,-1
1691971200000,0.0,0.5089239032744513,1
1692057600000,0.08,0.3219798335312006,0
1692144000000,0.04,0.0166737800778878,0
1692144000000,0.0,0.0166737800778878,0
1692230400000,0.6,0.2854786818195328,0
1692316800000,0.56,0.1729666559483975,-1
1692403200000,0.52,0.1820579580160302,0
1692489600000,0.48,0.1998374702969615,1
1692576000000,0.44,0.1905688970116617,0
1692662400000,0.4,0.1928247711592122,-1
1692748800000,0.36,0.2781202697478777,1
1692835200000,0.32,0.2221461559385864,0
1692921600000,0.28,0.1955536335905937,0
1693008000000,0.24,0.186107572669914,-1
1693094400000,0.2,0.2141841877687967,0
1693180800000,0.16,0.2313238663473565,0
1693267200000,0.12,0.622578975039482,1
1693353600000,0.08,0.5894092111341023,0
1693440000000,0.04,0.2236661416949811,0
1693526400000,0.0,0.1757603022048101,-1
1693612800000,0.0,0.1985114288056824,0
1693699200000,0.0,0.2344063958442918,1
1693785600000,0.12,0.1831616538154264,0
1693872000000,0.08,0.1612212018724986,0
1693958400000,0.04,0.1497375417951438,-1
1694044800000,0.0,0.3265644755834762,1
1694131200000,0.0,0.2035125036814853,0
1694217600000,0.0,0.2003370841453209,0
1694304000000,0.0,0.1789056812015779,0
1694390400000,0.0,0.078446002324602,-1
1694476800000,0.44,0.3261007249844886,0
1694563200000,0.4,0.4908824233529939,0
1694649600000,0.36,0.8279312696375561,0
1694736000000,0.32,0.8554533094821972,1
1694822400000,0.28,0.8350877237147597,0
1694908800000,0.24,0.8188477723564468,-1
1694995200000,0.2,0.7422426492496752,0
1695081600000,0.16,0.8946990470644618,1
1695168000000,0.12,0.861573750306903,0
1695254400000,0.08,0.6451986591713181,-1
1695340800000,0.04,0.6498842219076082,1
1695427200000,0.0,0.6482602043091258,0
1695513600000,0.0,0.5209885093543843,-1
1695600000000,0.0,0.4980362292582574,1
1695686400000,0.72,0.2644843714067234,-1
1695772800000,0.68,0.2545665429598293,0
1695859200000,0.64,0.6902968349857513,1
1695945600000,0.6,0.6133989057498991,-1
1696032000000,0.56,0.6507625766885825,0
1696118400000,1.0,0.965615849016306,1
1696204800000,1.0,0.5802852391749596,0
1696291200000,0.96,0.5539175508317873,-1
1696377600000,0.92,0.6903514485910002,1
1696464000000,0.88,0.5476908241356114,-1
1696550400000,0.84,0.7494491682985778,0
1696636800000,0.8,0.7593607842841515,1
1696723200000,0.76,0.7440090162877304,0
1696809600000,0.72,0.6022645755042344,0
1696896000000,0.68,0.5171199582657716,0
1696982400000,0.64,0.2365643307752122,0
1697068800000,0.6,0.1061168210522676,-1
1697155200000,0.56,0.1564348833865574,1
1697241600000,0.52,0.1517555051173138,-1
1697328000000,0.48,0.3000357616806178,0
1697414400000,1.0,0.5662877760069263,1
1697500800000,0.96,0.5358877778031867,0
1697587200000,0.92,0.5138827824408725,-1
1697673600000,0.88,0.6280124982108201,0
1697760000000,1.0,0.853611862286417,0
1697846400000,1.0,0.87806875591811,0
1697932800000,0.96,0.8996601325958323,0
1698019200000,1.0,0.796384398503676,0
1698105600000,1.0,0.845090253120369,0
1698192000000,0.96,0.9107307798194276,1
1698278400000,0.92,0.869163000520676,0
1698364800000,0.88,0.8368679338141972,-1
1698451200000,0.84,0.8588777777415967,0
1698537600000,0.8,0.9082410019472504,1
1698624000000,0.76,0.8888305526910153,-1
1698710400000,0.72,0.911407342508367,0
1698796800000,1.0,0.9793503779665989,1
1698883200000,1.0,0.8595367458999927,0
1698969600000,0.96,0.8057236131710797,-1
1699056000000,0.92,0.8549371993740329,1
1699142400000,0.88,0.8408563377760041,-1
1699228800000,0.84,0.7020653864894366,0
1699315200000,0.8,0.7742694106420813,0
1699401600000,1.0,0.8230223326926999,0
1699488000000,1.0,0.7224816466985999,0
1699574400000,0.96,0.8372575208998128,1
1699660800000,0.92,0.7918211976829984,0
1699747200000,0.88,0.7700454915392915,0
1699833600000,0.84,0.6172213412031409,0
1699920000000,0.8,0.3739609607730809,-1
1700006400000,1.0,0.969224570680295,1
1700092800000,0.96,0.5287006322952919,-1
1700179200000,0.92,0.6128050593992634,1
1700265600000,0.88,0.599788358036935,-1
1700352000000,0.84,0.820889046475275,0
1700438400000,0.8,0.8466982239101549,1
1700524800000,0.76,0.294621128434167,-1
1700611200000,0.72,0.820510339218796,1
1700697600000,0.68,0.7845210890390422,-1
1700784000000,1.0,0.806419951189423,0
1700870400000,0.96,0.8250494393559136,1
1700956800000,0.92,0.7325294596748193,0
1701043200000,0.88,0.6756886979412016,-1
1701129600000,0.84,0.805357527979549,0
1701216000000,1.0,0.7983861012372058,1
1701302400000,0.96,0.7423695762863937,-1
1701388800000,1.0,0.906572832403748,0
1701475200000,1.0,0.9353572112242772,0
1701561600000,1.0,0.9405392225742858,0
1701648000000,1.0,0.9374868563031076,0
1701734400000,1.0,0.9539025172215552,1
1701820800000,0.96,0.9073548769670394,0
1701907200000,0.92,0.8442259815053645,-1
1701993600000,1.0,0.934477676217336,1
1702080000000,0.96,0.8770602919763353,-1
1702166400000,0.92,0.8865894763435812,1
1702252800000,0.88,0.55930764512313,-1
1702339200000,0.84,0.5538773826001794,0
1702425600000,0.8,0.7457241293763811,0
1702512000000,0.76,0.7632541739572375,1
1702598400000,0.72,0.543827832999989,-1
1702684800000,0.68,0.5529410529110852,1
1702771200000,0.64,0.2951366163592485,-1
1702857600000,0.6,0.5432912751453487,1
1702944000000,0.56,0.4577393551279337,-1
1703030400000,0.52,0.7698545209671118,0
1703116800000,0.48,0.813070777256258,0
1703203200000,0.44,0.8977618942990553,1
1703289600000,0.4,0.8336416672458489,0
1703376000000,0.36,0.6628994589213878,-1
1703462400000,0.32,0.786919354125266,1
1703548800000,0.28,0.5091714375236998,-1
1703635200000,0.24,0.7485884759795778,1
1703721600000,0.2,0.5234414134113162,0
1703808000000,0.16,0.3941423668906774,-1
1703894400000,0.12,0.4132271258153339,0
1703980800000,0.08,0.4505221749617032,0
1704067200000,0.04,0.930055695055914,0
1704153600000,1.0,0.796529683624005,1
1704240000000,0.96,0.4073411342175929,-1
1704326400000,0.92,0.6627761641387991,1
1704412800000,0.88,0.6616044886816499,0
1704499200000,0.84,0.6270234362493478,0
1704585600000,0.8,0.6193361498610362,-1
1704672000000,1.0,0.9548850487132864,1
1704758400000,1.0,0.7421902874653856,-1
1704844800000,0.96,0.8177690859318808,1
1704931200000,1.0,0.6797927411530211,0
1705017600000,0.96,0.2456460722494283,-1
1705104000000,0.92,0.2536126037466449,1
1705190400000,0.88,0.1174222697050346,-1
1705276800000,0.84,0.2124871854797505,0
1705363200000,0.8,0.2890091019527914,1
1705449600000,0.76,0.168922906177576,0
1705536000000,0.72,0.0755122564950375,-1
1705622400000,0.68,0.1567410559846599,0
1705708800000,0.64,0.1610146360835902,1
1705795200000,0.6,0.1476534917105238,0
1705881600000,0.56,0.0118565663235707,-1
1705968000000,0.52,0.1268558742946832,0
1706054400000,0.48,0.1448993567454884,1
1706140800000,0.44,0.1747333264757395,-1
1706227200000,0.4,0.650411648637395,0
1706313600000,0.36,0.7097635169900146,1
1706400000000,0.32,0.6918712618461528,-1
1706486400000,0.28,0.945890546552421,1
1706572800000,0.24,0.8236039275762725,0
1706659200000,0.2,0.7555924838444594,-1
1706745600000,0.16,0.8503188076065152,0
1706832000000,0.12,0.8723664941289354,1
1706918400000,0.08,0.8367862065759665,0
1707004800000,0.04,0.7561349179567481,-1
1707091200000,0.0,0.7798325082373815,0
1707177600000,0.0,0.8221613910294111,0
1707264000000,1.0,0.9911758897566716,0
1707350400000,1.0,0.944469282824124,0
1707436800000,1.0,0.8435402095209716,0
1707523200000,0.96,0.9324231074597708,0
1707609600000,1.0,0.9576226729204445,0
1707696000000,1.0,0.951307529994756,1
1707782400000,1.0,0.9217653778877456,-1
1707868800000,1.0,0.976338987777822,0
1707955200000,1.0,0.9121814258584316,0
1708041600000,0.96,0.9353003030231348,1
1708128000000,0.92,0.8897018195997204,-1
1708214400000,0.88,0.9363646789418096,1
1708300800000,0.84,0.8988205874475985,-1
1708387200000,1.0,0.9294297567418692,1
1708473600000,0.96,0.8692166036718814,0
1708560000000,0.92,0.7810296877583239,0
1708646400000,0.88,0.637356231151142,-1
1708732800000,0.84,0.7389818302582967,0
1708819200000,0.8,0.7619470555449631,0
1708905600000,1.0,0.9350674084078318,0
1708992000000,1.0,0.9348013022189038,0
1709078400000,1.0,0.8841705582466723,1
1709164800000,0.96,0.7873146249176185,-1
1709251200000,0.92,0.8808802912050898,1
1709337600000,0.88,0.8510579658159745,-1
1709424000000,0.84,0.9349292547997056,0
1709510400000,1.0,0.986749166689424,1
1709596800000,1.0,0.7144071995742508,-1
1709683200000,0.96,0.8420103779662997,0
1709769600000,0.92,0.8826870369999447,0
1709856000000,1.0,0.9044094805381266,0
1709942400000,0.96,0.9127490639208804,0
1710028800000,0.92,0.9465276030702418,0
1710115200000,1.0,0.9614117583924432,1
1710201600000,1.0,0.9056433812006104,-1
1710288000000,1.0,0.9612964515906756,1
1710374400000,1.0,0.8386776287065122,0
1710460800000,0.96,0.7103618980568951,0
1710547200000,0.92,0.4251314524674913,-1
1710633600000,0.88,0.6352121302222138,1
1710720000000,0.84,0.5819938654456983,0
1710806400000,0.8,0.0288968176967675,-1
1710892800000,0.76,0.5427584543522551,1
1710979200000,0.72,0.3622360242945193,0
1711065600000,0.68,0.2306873375632228,-1
1711152000000,0.64,0.2456099715384734,0
1711238400000,0.6,0.4941003420593728,0
1711324800000,0.56,0.7001495284202226,0
1711411200000,0.52,0.708483268105734,1
1711497600000,0.48,0.6685077102347131,-1
1711584000000,0.44,0.8596495261425265,1
1711670400000,0.4,0.8257541311469226,0
1711756800000,0.36,0.8012630887174875,-1
1711843200000,0.32,0.9562102737225844,1
1711929600000,0.28,0.8074342181297645,0
1712016000000,0.24,0.4254292609395954,-1
1712102400000,0.2,0.3882482885024609,0
1712188800000,0.16,0.6546175685902077,1
1712275200000,0.12,0.5490629817439573,-1
1712361600000,0.08,0.6403542843955432,0
1712448000000,0.04,0.6686780443328307,0
1712534400000,0.0,0.858563492286626,1
1712620800000,0.96,0.559660134961631,-1
1712707200000,0.92,0.7390843054936457,1
1712793600000,0.88,0.6635912728240722,0
1712880000000,0.84,0.3144627276762917,0
1712966400000,0.8,0.2673282371099035,-1
1713052800000,0.76,0.4109507396528956,1
1713139200000,0.72,0.2256203146179237,-1
1713225600000,0.68,0.2564887405643782,1
1713312000000,0.64,0.1198080381986459,-1
1713398400000,0.6,0.2875028168729412,0
1713484800000,0.56,0.3181785543379908,0
1713571200000,0.52,0.4035232208598426,0
1713657600000,0.48,0.403565795120254,0
1713744000000,0.44,0.5932937791870252,1
1713830400000,0.4,0.5815718994834547,0
1713916800000,0.36,0.3994757256989548,-1
1714003200000,0.32,0.4202010627671879,1
1714089600000,0.28,0.4998576064684741,0
1714176000000,0.24,0.5052155052253009,0
1714262400000,0.2,0.4600758182952497,-1
1714348800000,0.16,0.5583298351224325,1
1714435200000,0.12,0.1822380932217288,0
1714521600000,0.08,0.167761545498441,-1
1714608000000,0.04,0.2331195761218351,0
1714694400000,0.0,0.5921546779334599,0
1714780800000,0.0,0.6870508478928452,0
1714867200000,0.04,0.6983215473258597,1
1714953600000,0.0,0.6216440832979662,0
1715040000000,0.0,0.5469379557167892,0
1715126400000,0.0,0.5178800460418532,-1
1715212800000,0.32,0.7288227721901178,1
1715299200000,0.28,0.473802528425869,-1
1715385600000,0.24,0.4767183015227945,0
1715472000000,0.2,0.5505097898988314,0
1715558400000,0.16,0.7138031763873783,1
1715644800000,0.12,0.5609953585358519,-1
1715731200000,0.08,0.9758693547334736,1
1715817600000,0.04,0.8092234388762445,-1
1715904000000,0.0,0.9039480063809908,0
