Open time,macd,rsi,bollinger_hband,stoch,phase,class
1673222400000,14.97760103976907,59.06060872270864,17136.615511639393,79.3075623944454,1.0,0
1673308800000,57.10695467917685,64.82388109839759,17268.646632502907,94.99656946826757,1.0,0
1673395200000,129.55693881627303,72.73978308752399,17540.124561553504,96.59628074385112,1.0,0
1673481600000,256.9062205326154,81.01110915056735,18062.512133628625,90.28677748882912,1.0,0
1673568000000,440.1778660877826,86.35739157977245,18811.6659394278,98.01728045325774,1.0,0
1673654400000,660.5096924790087,89.39835474077391,19694.822752867487,93.63142179327964,1.0,0
1673740800000,818.9525799082694,87.68515129533121,20338.28526459664,91.79283545325208,1.0,0
1673827200000,958.8163512000464,88.57323570083486,20949.13202803052,94.07653267663088,1.0,0
1673913600000,1053.413934392178,87.47383379429539,21443.942489246056,89.7365054386671,1.0,0
1674000000000,1079.041169834538,78.08445446557235,21774.55222185458,80.43592838463088,1.0,0
1674086400000,1118.2624948126322,80.06983428646552,22127.45827603626,88.36431301548984,1.0,0
1674172800000,1263.5336469201102,85.71295565470106,22759.680956020176,98.48288197704144,1.0,0
1674259200000,1372.2315165550865,86.02368721383884,23310.80924737009,90.8950903912828,1.0,0
1674345600000,1435.7193458525144,84.73284219413542,23752.22017474205,89.40633207491777,1.0,0
1674432000000,1485.7371113037516,85.38387243897279,24148.646696614866,92.68568105810655,1.0,0
1674518400000,1485.3731712862973,80.36628800128312,24423.95928867612,87.79911495657343,1.0,0
1674604800000,1502.3071422551184,82.07839160894476,24693.778572394705,87.24336166679043,1.0,0
1674691200000,1494.3626791423085,81.16507843947446,24879.915164730308,84.18299654490549,1.0,0
1674777600000,1476.2547074255235,81.44474264926781,24983.662600237247,81.0987405438977,1.0,0
1674864000000,1441.131086195277,80.4169833789056,25002.39125559529,76.70886150200313,1.0,0
1674950400000,1454.6013990639403,83.5394388960893,25025.214730479314,93.85825929605244,1.0,0
1675036800000,1375.4952179888023,68.55457289678205,24809.683961192142,68.07583743974065,1.0,0
1675123200000,1321.6925380240757,70.41935940949944,24571.11348291949,76.48977455331388,1.0,0
1675209600000,1312.9413495842018,73.81716526387513,24469.52141722424,93.09736925803078,1.0,0
1675296000000,1271.6806595007183,70.32718979893122,24432.521654228505,77.42713011091071,1.0,0
1675382400000,1220.3116212928544,69.49902502592292,24479.82479418588,58.06137682599379,1.0,0
1675468800000,1157.7776839927574,67.91271829673471,24464.66004236454,52.70835562485036,1.0,0
1675555200000,1064.165195407295,62.18163241499792,24416.52895800914,32.373913043478254,1.0,0
1675641600000,965.1024742032168,59.82976502751349,24318.192071127847,23.65831202046038,1.0,0
1675728000000,914.6171801065356,63.94870565854815,24063.03387145605,48.105370843989725,1.0,0
1675814400000,842.5066256990904,60.09622857263592,23716.74223706844,26.381766381766383,1.0,0
1675900800000,683.3424406140657,47.216027623827685,23865.76978801922,4.2208804051421325,1.0,0
1675987200000,537.1999885888836,45.6695331635446,24004.87910569888,6.212196861626201,1.0,0
1676073600000,435.5136801521876,48.20321270498628,24066.1061716862,14.677246790299549,1.0,0
1676160000000,344.5790090960618,47.41063252232134,24114.267297549297,11.859486447931555,1.0,0
1676246400000,268.6436513273511,47.30916499739696,24157.800560694835,14.563023213369515,1.0,0
1676332800000,240.0612069065392,52.21069663779152,24137.51428953688,29.22832161932279,1.0,0
1676419200000,384.3844631932916,68.13390701942528,24359.17581669352,98.1528130395882,1.0,0
1676505600000,428.7551686807092,59.966094660248174,24406.62977270134,55.57037443606326,1.0,0
1676592000000,542.5726140776242,65.73830447976466,24653.095948539936,82.55854811448272,1.0,0
1676678400000,630.5069360942653,66.04882214911973,24820.05644302333,84.1482150230961,1.0,0
1676764800000,663.4829782885645,62.503570587798805,24972.517363985768,74.9100394210719,1.0,0
1676851200000,727.263034386222,65.6483659051843,25209.71912018928,89.54072014629656,1.0,0
1676937600000,737.8309639853978,61.829933480632754,25309.147529936843,79.53694988112123,1.0,0
1677024000000,716.1678778994501,59.260794911099175,25384.530274267603,72.6132554316184,1.0,0
1677110400000,671.7282762321192,56.97514934585322,25430.96535547128,66.4061678460501,1.0,0
1677196800000,569.03516066675,50.43989977064525,25423.76279634441,47.04418904673849,1.0,0
1677283200000,479.8416922247452,50.20805536519824,25430.783318345573,46.3204007253272,1.0,0
1677369600000,436.2242261550855,53.455637260136655,25461.995156744764,56.52268699361103,1.0,0
1677456000000,392.0732857739568,52.8697247809618,25476.11419379796,52.70914094634984,1.0,0
1677542400000,325.0523121331971,49.59982860072713,25480.78411914913,34.167520107908295,1.0,0
1677628800000,307.71961412823293,53.87200248770783,25459.7444120141,35.87697784810131,1.0,0
1677715200000,277.5783878949624,52.269923442761055,25382.026140130187,29.40348101265821,1.0,0
1677801600000,162.1749954000079,42.9350628190529,25331.86811174551,11.687258110263574,1.0,0
1677888000000,69.29125489370563,42.87738832944613,25265.88168046429,11.45028622665732,1.0,0
1677974400000,2.403979512484512,43.75358170048398,25182.521215113968,14.00207998487286,1.0,0
1678060800000,-51.64256364388348,43.579441519813166,25158.87370303936,13.38479415164368,1.0,0
1678147200000,-110.31307393854148,41.70667796289833,25127.129592837977,10.138479901518718,1.0,0
1678233600000,-194.3122136401871,37.65853813639264,25211.19354321056,4.154206365764845,1.0,0
1678320000000,-365.0605742196494,29.30456390298677,25350.741620922952,7.812442690414541,1.0,0
1678406400000,-511.5517333719981,28.2420481763655,25393.711384707545,13.516337108591244,1.0,0
1678492800000,-596.1606844643247,32.06720373838901,25356.471938624123,20.36976708133841,1.0,0
1678579200000,-532.6968064373541,47.342153006150205,25050.92467169032,55.00043811265563,1.0,0
1678665600000,-308.0765395337476,60.48135276456366,24987.058261894694,92.19295038689856,1.0,0
1678752000000,-84.15369179407207,63.09128056680554,25084.417231487256,74.89740822313676,1.0,0
1678838400000,61.5511455152955,60.13648678783674,25142.757036663457,69.27058197251156,1.0,0
1678924800000,231.89298505380063,63.54441599836437,25428.654773813298,79.69969785515181,1.0,0
1679011200000,553.8708595064309,72.15805825585139,26320.36289169528,95.59306752764157,1.0,0
1679097600000,760.9207513481633,68.60570023888671,26899.43905099168,89.65185343120832,1.0,0
1679184000000,999.4554443711896,71.86462611089588,27675.552306823647,95.28074281105891,1.0,0
1679270400000,1154.5413099092184,69.98567543792205,28301.80508739257,91.53874688862712,1.0,0
1679356800000,1293.8784261010187,71.21616370829702,28921.663934079927,95.89225936381744,1.0,0
1679443200000,1320.1353869225022,64.91204159660387,29322.69420357396,82.64741988376387,1.0,0
1679529600000,1408.9799529573102,68.5738327530983,29877.611047429687,93.85510829534628,1.0,0
1679616000000,1395.4472345748109,62.883491440786,30220.85172411445,84.47130732438248,3.0,0
1679702400000,1369.618612086244,62.91690874003219,30521.380228650807,83.65678195278835,3.0,0
1679788800000,1374.067200027268,64.94161637105346,30848.500553257807,87.24158901755982,3.0,0
1679875200000,1294.6346441402966,59.13725357892328,31002.81190878014,64.93452153446923,3.0,0
1679961600000,1228.5092554067378,59.7627066758422,31086.58766752089,67.67355313713263,3.0,0
1680048000000,1249.456039100878,64.44391069879975,31048.983296952152,89.05280239407381,3.0,0
1680134400000,1226.0958720338858,62.15212909843486,30737.423882805888,73.07948438533252,3.0,0
1680220800000,1228.6679819154888,64.0321307143248,30265.157763907053,73.12500467020857,3.0,0
1680307200000,1215.6737320288155,63.93324828748744,29872.089598369777,72.65312679803027,3.0,0
1680393600000,1169.23443388936,61.65317992338685,29738.823974399733,62.15972860484054,3.0,0
1680480000000,1089.8609161574277,58.66971450069782,29574.25843061695,48.26604496850412,3.0,0
1680566400000,1044.407921738879,60.68337843906703,29192.71746647481,61.920613926935566,3.0,0
1680652800000,997.256681989431,60.70898790998316,28749.189274069628,62.09023590157436,3.0,0
1680739200000,938.08591942802,59.457842997775245,28763.324442666253,57.00195027909165,3.0,0
1680825600000,870.8664795929726,58.24766643699615,28701.352658636137,52.23871117188616,3.0,0
1680912000000,810.8339671342583,58.476474017081046,28699.20478831382,53.43615264483255,3.0,0
1680998400000,785.3022383744756,61.22788205435622,28744.569291342294,67.83459242155911,3.0,0
1681084800000,861.1364424700914,68.81333825785427,29109.621743115626,95.77276290381172,3.0,0
1681171200000,955.65524690432,71.39665283782696,29559.189461420174,89.56402846771105,3.0,0
1681257600000,993.9009740604306,68.03024645747841,29828.91640527295,80.23947984333205,3.0,0
1681344000000,1051.2899514726523,70.37012029198523,30182.239834970125,93.48525374400548,3.0,0
1681430400000,1091.6982961520553,70.8110092828554,30493.70299476004,85.97095606038276,3.0,0
1681516800000,1097.2082152467192,68.77656516211658,30733.848673774457,81.44856517253722,3.0,0
1681603200000,1089.783927184173,68.83021853764924,30887.530420295785,81.70016001010593,3.0,0
1681689600000,1001.7968761131232,58.86669339701815,30884.27484341932,52.96280425864719,3.0,0
1681776000000,997.2073987655712,64.8230565774866,31065.607594630583,81.14958954089384,3.0,0
1681862400000,855.9754447324121,51.45052737556327,31056.24611367045,33.02219519610819,3.0,0
1681948800000,691.4190654217309,47.74207906773908,31060.65051332502,14.744854719677411,3.0,0
1682035200000,476.3724541051379,41.96882831917628,31134.15831262308,3.5571612903225844,3.0,0
1682121600000,346.6544258188624,45.94506173450869,31148.814726120392,17.85419354838706,3.0,0
1682208000000,223.0245811407949,44.60102530181611,31162.662898259347,12.015483870967705,3.0,0
1682294400000,117.26655945694438,44.11167856270394,31194.79204827408,14.002583074943692,3.0,0
1682380800000,96.08011444017392,49.972042841254215,31193.27904974548,33.47078512661506,3.0,0
1682467200000,87.52002088640802,50.77780080966926,31187.892397159485,36.29294238855562,3.0,0
1682553600000,164.17339464472025,57.574123921507685,31223.195797341727,62.35735165804821,3.0,0
1682640000000,209.5096459408924,56.29903309794548,31235.75558672048,64.85142822726804,3.0,0
1682726400000,236.1604451508174,55.629743258511816,31251.43079595392,63.41896833251552,3.0,0
1682812800000,254.5695847580173,55.649031240960106,31219.715709415075,64.66046333049137,3.0,0
1682899200000,173.16113761541783,46.46728924016752,31100.568952867405,31.772524264718296,3.0,0
1682985600000,155.3971276020966,50.96658785795798,31005.451391046216,49.76042365971232,3.0,0
1683072000000,168.13134052496753,53.4613657940759,30833.3336963089,67.35269205154565,3.0,0
1683158400000,161.19511030186186,51.959162765322176,30612.369478123263,61.27480457005412,3.0,0
1683244800000,207.1676352233372,56.6196101161313,30472.868877192504,82.85292158878568,3.0,0
1683331200000,188.38214750969564,51.33698656832671,30249.231476373498,61.59938962491678,3.0,0
1683417600000,138.1646611527431,48.25351273154335,30165.65567569867,48.0825558163443,3.0,0
1683504000000,36.51466858074127,43.16901471680583,29861.99122909069,16.764767932489484,3.0,0
1683590400000,-46.774125241547154,42.9098542385765,29849.5495288388,14.04034273473761,3.0,0
1683676800000,-113.85071156679624,42.70869290036907,29864.22112334561,25.74090258395748,3.0,0
1683763200000,-215.3729292111748,38.553857689198495,29901.52152766881,8.158624446797692,3.0,0
1683849600000,-306.30796663385263,37.47223355853433,29990.83044236205,23.654799383346983,3.0,0
1683936000000,-375.6365803794397,37.344010387094,30061.18891989034,23.18028442037263,3.0,0
1684022400000,-414.31835376553136,38.96660133276001,30103.798596730205,27.59508449460401,3.0,0
1684108800000,-420.39714084847947,41.75697574598356,30111.48485403559,33.69506104466963,3.0,0
1684195200000,-430.6036305476664,40.705392104342245,30110.02089180241,30.49439446781124,3.0,0
1684281600000,-404.0361380835275,45.02562771069661,29935.04820949344,39.76884351908678,3.0,0
1684368000000,-425.229970049415,40.082360915708,29791.086959985485,25.191715687008223,3.0,0
1684454400000,-432.2839413041802,40.78898437662631,29626.77683902068,26.66307433629199,3.0,0
1684540800000,-415.1612812752464,43.492356829858494,29421.82085600293,38.80480818076068,3.0,0
1684627200000,-425.3060771924575,40.32716322708081,29396.31704946044,33.20813605007891,3.0,0
1684713600000,-420.3114178433498,41.63616174165806,29270.95088654416,41.18359021571778,3.0,0
1684800000000,-382.06555746620506,46.26804068060518,29045.58848820824,55.87985523579747,3.0,0
1684886400000,-418.7918428406265,38.379759909641926,28859.975668397205,27.943502885866486,3.0,0
1684972800000,-431.2440397255341,40.16568061213276,28383.12000941212,35.76044878059323,3.0,0
1685059200000,-417.568079567267,43.0172851971117,28016.770592579946,46.54964558798898,3.0,0
1685145600000,-390.2604973399357,44.82698536201207,27706.62861296536,54.8294915443434,3.0,0
1685232000000,-267.835804741997,56.86679576311439,27816.72591921668,91.7838145499136,3.0,0
1685318400000,-195.07986832204915,53.45719123980973,27839.85627170344,72.4011261042618,3.0,0
1685404800000,-139.20464898081627,53.01962049318364,27859.064148401456,70.7702164838366,3.0,0
1685491200000,-132.45506517807007,48.12991343122172,27874.430320868152,51.97398310843604,3.0,0
1685577600000,-156.96162983201066,44.54337920085528,27874.29656241438,36.73585088826331,3.0,0
1685664000000,-140.49718185624442,48.9745796495754,27892.84645266793,53.22590039801963,3.0,0
1685750400000,-139.8266635634791,47.31246548497656,27897.722433555064,46.49373847199308,3.0,0
1685836800000,-134.03914451856326,47.81838541707965,27894.59448414764,48.2795845063586,3.0,0
1685923200000,-238.6219242466941,36.45052829124355,28015.44929913625,11.120772504690889,3.0,0
1686009600000,-198.03257019612283,50.24389790453062,27995.55263584455,60.69080009818747,3.0,0
1686096000000,-235.0311951400253,44.1266040896296,28009.47466819476,31.921243362660363,3.0,0
1686182400000,-248.63500448193736,45.40652882577936,28010.157016065827,37.06542382078216,3.0,0
1686268800000,-258.1190715790872,45.26070960895868,27995.985165842823,36.39361523455168,3.0,0
1686355200000,-313.39098658022704,40.92849270900479,28047.9082389041,15.83239667713134,3.0,0
1686441600000,-346.3958090274973,41.72433627196919,28072.7168430523,18.55645130033717,3.0,0
1686528000000,-369.9309171098066,41.578706727020034,28055.39088820984,20.61974199741768,3.0,0
1686614400000,-381.8361907684776,41.89045927965493,28073.07876664676,23.47483789429621,3.0,0
1686700800000,-451.08065086267015,36.1336005125826,28178.408719238167,11.692718811445127,3.0,0
1686787200000,-462.70738568446905,41.208414198456055,28194.47673739954,30.07472636740972,3.0,0
1686873600000,-406.99297694731285,48.2444595160997,28169.54824114292,58.19165204028594,3.0,0
1686960000000,-344.98399030769,49.73695991577022,27940.389036915345,64.66956934411046,3.0,0
1687046400000,-306.5912629939376,48.19640880815346,27757.015282418863,59.41769524301928,3.0,0
1687132800000,-232.78213175958808,52.69261312363964,27600.07090490269,78.87852702979038,3.0,0
1687219200000,-55.54407017415724,62.786305315471935,27877.87559322257,97.3700572342162,3.0,0
1687305600000,218.438389132647,70.57436349513056,28712.02119174616,86.56483333333333,3.0,0
1687392000000,421.91492119202667,69.56103039918301,29274.28265563189,84.74866666666664,3.0,0
1687478400000,640.628957179375,72.6766604758744,29984.241353369845,88.79000714722994,3.0,0
1687564800000,791.8366040961955,71.10561038412723,30534.568078674336,86.36130604317894,3.0,0
1687651200000,896.1135171609858,70.44613865230943,31004.58526955192,85.38466873946389,3.0,0
1687737600000,952.0706026999396,68.39302062771142,31371.25949857957,82.44932855242963,3.0,0
1687824000000,1018.9210759546768,70.41745825600215,31789.207974589943,88.84941661112737,3.0,0
1687910400000,1010.6229444482232,64.01887410785324,32053.125152267297,79.57565961091326,3.0,0
1687996800000,1022.1121810805088,66.01880462460838,32341.229931397986,84.2619853653391,3.0,0
1688083200000,1021.4352903385006,66.15403321604674,32562.816070859026,81.71870179434542,3.0,0
1688169600000,1018.3507145111324,66.81021123501799,32756.3825476793,83.65484371407767,3.0,0
1688256000000,1006.8121925436936,66.9985276381505,32899.587191189,84.25395095578446,3.0,0
1688342400000,1029.3091090359449,70.15687072180211,33065.11819856176,94.23130834278258,3.0,0
1688428800000,1004.1184982075284,65.29311659403125,32982.07706630261,79.03464137746339,3.0,0
1688515200000,952.062965527628,62.17572468815639,32829.408454512435,52.01041440210368,3.0,0
1688601600000,851.817485900614,55.52756023955909,32650.64996153384,19.77150000000001,3.0,0
1688688000000,799.4094607124898,59.00762913171361,32439.727295673736,42.23500000000004,3.0,0
1688774400000,744.4470539615359,58.35016229720999,32011.74433177364,39.23150000000005,3.0,0
1688860800000,683.0162560345889,56.94068898043795,31409.496008141607,33.03549999999996,3.0,0
1688947200000,647.114676393423,59.09479964533656,31024.03363126478,45.578499999999984,3.0,0
1689033600000,628.4065478837547,60.86426352319764,31030.32884257521,56.104999999999926,3.0,0
1689120000000,587.2750335484452,57.769501360735255,30997.70396483352,44.0,3.0,0
1689206400000,634.050456407691,66.02451419911151,31184.1700383058,84.81164829441883,3.0,0
1689292800000,572.3549562956177,53.94885285400092,31178.5579652934,29.0507707376448,3.0,0
1689379200000,515.7013883297986,53.740436746401,31175.7269411375,27.9814376325374,3.0,0
1689465600000,460.8484631334468,53.17453327902216,31176.39259245268,25.246055972384728,3.0,0
1689552000000,405.1229124738129,52.207271299949205,31157.637275362536,22.321678321678288,3.0,0
1689638400000,334.60046779776167,49.33952814065448,31176.2752992096,15.143966495070275,3.0,0
1689724800000,279.52971521341897,49.87204874949797,31186.058957084184,17.328767123287626,3.0,0
1689811200000,224.485681533788,48.67056919491785,31197.93680045984,12.56434866067533,3.0,0
1689897600000,186.9161886903894,49.88168116852259,31184.57656356952,17.002006805688904,3.0,0
1689984000000,146.75825340065785,48.574602340839576,31167.9512439037,12.30259139691126,3.0,0
1690070400000,136.73698497251098,52.20267575156209,31025.67134352308,24.943285926184444,3.0,0
1690156800000,54.95408822712852,42.17049549501163,31041.97427008533,10.692315535465406,3.0,0
1690243200000,-5.566233590219781,42.85371838168136,31056.94871170217,12.47357509431392,3.0,0
1690329600000,-43.103052864888014,44.511280375554485,31083.19714384728,16.655677531183013,3.0,0
1690416000000,-82.32599613860657,43.09797184019265,31087.200646339545,13.037101260792516,3.0,0
1690502400000,-104.83005715204854,44.44154871385468,31076.040682666608,28.630757932588736,3.0,0
1690588800000,-118.17483364802683,45.03452472201872,31065.53478539092,31.084605839600947,3.0,0
1690675200000,-133.0118541659831,44.095521005697066,31022.436034241564,26.94785157756688,3.0,0
1690761600000,-147.01656421092048,43.43222223840623,30934.03295866397,23.80814626243919,3.0,0
1690848000000,-118.5222878733548,51.11379456643318,30870.506282356244,61.159212997336,3.0,0
1690934400000,-136.32691709180654,44.04410894676576,30471.81327464627,32.772306415687545,3.0,0
1691020800000,-148.114168848806,44.16614332354908,30384.020257943776,34.45785864082066,3.0,0
1691107200000,-162.01513055188116,43.10919866747672,30288.247270049946,29.943320297001705,3.0,0
1691193600000,-174.39913039842577,42.53311169580636,30188.92334557169,27.57070792949048,3.0,0
1691280000000,-180.81475272379976,42.85316098014904,30091.50767137712,33.20738763970706,3.0,0
1691366400000,-173.99742260580388,45.32208032325183,30037.158854154568,42.78013408126973,3.0,0
1691452800000,-122.05202239819118,54.89388922355596,30010.753637927188,71.4418380268949,3.0,0
1691539200000,-94.99460602586625,51.61589045831838,29978.46371896571,60.07899656274506,3.0,0
1691625600000,-82.78364327232703,49.48392320633963,29909.053186682955,52.466381233793626,3.0,0
1691712000000,-74.64407253069294,48.97109322492915,29855.55094371285,50.67418440571661,3.0,0
1691798400000,-67.0860148552747,49.05030451657112,29698.04001915189,50.923837665078565,3.0,0
1691884800000,-70.477553544275,46.66965084253695,29698.78868419144,43.30579509135861,3.0,0
1691971200000,-62.19334535424059,49.33382259565685,29708.74825995903,50.96966773201471,3.0,0
1692057600000,-73.4158791614318,44.94062663763956,29705.731833247013,32.338282662657136,3.0,0
1692144000000,-118.82400816522204,37.60818158942403,29761.299531133543,1.9106009838168947,3.0,0
1692144000000,-153.04605786146567,37.60818158942403,29795.87219589586,1.9106009838168947,3.0,0
1692230400000,-346.2018397276297,20.336941960364143,30404.01870759563,28.70047262701851,3.0,0
1692316800000,-539.0124170902636,17.939363487584856,30819.95062967353,17.48719968491532,3.0,0
1692403200000,-680.2619302138046,18.77266318161472,31043.18965335454,18.393265064986185,3.0,0
1692489600000,-775.9973387269638,20.473476997373467,31103.09644264742,20.16522252855458,3.0,0
1692576000000,-847.191663474001,20.15491276769643,31167.427471401057,19.24148978774526,3.0,0
1692662400000,-898.9735228800928,19.78216942085838,31189.46859475988,19.4663167104112,3.0,0
1692748800000,-899.246905344924,27.456845398614675,31146.81863958467,27.96711206097165,3.0,0
1692835200000,-909.3692773006188,25.68208740070652,31099.24498056568,22.38857046973937,3.0,0
1692921600000,-916.5125684077792,24.85994754699948,31027.627927854483,19.738283009370026,3.0,0
1693008000000,-915.0660578118805,24.559197676396536,30910.73685685981,18.796861339008924,3.0,0
1693094400000,-896.7718850337587,26.45574603958984,30661.07031532396,21.595057762516,3.0,0
1693180800000,-870.764976047667,26.88331191867985,30402.81770876614,23.303247554258224,3.0,0
1693267200000,-713.1225832403579,52.77458814556937,30169.045302474347,62.29685992403241,3.0,0
1693353600000,-614.6999383543953,48.00039870401905,29892.401235759386,58.99106560367997,3.0,0
1693440000000,-639.0100605850057,36.417897785581125,29564.12610184192,22.54005663330809,3.0,0
1693526400000,-661.6017511008977,35.49676912418569,29212.12405267882,17.76562252668975,3.0,0
1693612800000,-666.6200641706018,36.3205353130166,28747.80513919816,20.03306540971204,3.0,0
1693699200000,-654.8421605736949,37.67296378454097,28248.99586028581,23.6104613328174,3.0,0
1693785600000,-649.7339778630303,36.48174657527342,27794.869931104025,18.50326257101151,3.0,0
1693872000000,-641.033333541418,36.193808381922,27168.790123587216,16.316613862091017,3.0,0
1693958400000,-629.4760386052112,35.904551978329295,27125.77919610056,15.172119184080344,3.0,0
1694044800000,-573.7564936995768,43.40488302037524,27134.92292997444,32.79520131002814,3.0,0
1694131200000,-551.0445255404666,39.90535653410994,27132.21983109499,20.531486953116666,3.0,0
1694217600000,-527.6797125891353,39.81614374678509,27124.89244871831,20.21501548538681,3.0,0
1694304000000,-508.1468282245405,39.17951082215637,27120.351168980647,18.079100067637352,3.0,0
1694390400000,-541.2248609505768,32.78920608353977,27165.060288103723,8.06699878155993,3.0,0
1694476800000,-506.9209280612813,42.81193312255564,27129.52259201009,32.74898258804488,3.0,0
1694563200000,-443.8027934265156,47.5586617791237,27132.658711453987,49.171601817972046,3.0,0
1694649600000,-365.3038242006878,51.007185060169874,27173.865048838088,82.76286176505101,3.0,0
1694736000000,-293.4747876368565,51.882731533694844,27224.395884147747,85.50578761952693,3.0,0
1694822400000,-237.0712428915504,51.366753843237326,27263.49568231771,83.4760946149974,3.0,0
1694908800000,-192.7442349812264,50.93177373807245,27296.0363705724,81.85757423251124,3.0,0
1694995200000,-137.07214348474736,53.997313629434224,27044.7710819515,74.22288676236037,3.0,0
1695081600000,-56.174383554633096,59.22439693060571,27017.95027636398,89.41713099741725,3.0,0
1695168000000,1.0458486818388335,57.87584404497186,27173.968980758367,86.11576840124373,3.0,0
1695254400000,1.4379297938103264,49.88536749928779,27211.242675984624,64.55120287155825,3.0,0
1695340800000,2.6907804679322,50.04620340948769,27246.15774065717,65.0181795653167,3.0,0
1695427200000,3.3082471730922407,49.98632319856348,27277.791132044884,64.8563252883755,3.0,0
1695513600000,-22.37742133053325,45.40163832865253,27277.53191984762,52.17206116387944,3.0,0
1695600000000,-37.7449687754779,46.3150947699321,27275.267225418967,49.88457074346652,3.0,0
1695686400000,-55.987178667946864,45.11742472575614,27264.289504972523,26.60811911131788,3.0,0
1695772800000,-57.57036671853712,47.76499366691402,27269.26349340583,25.61967972888818,3.0,0
1695859200000,-6.430467137452069,57.275813505941805,27345.25424668668,69.04581711997106,3.0,0
1695945600000,24.581368342172937,55.36008216401467,27389.21265934244,61.38194774664959,3.0,0
1696032000000,53.03358852316524,56.12792283508052,27424.635617764925,65.10571893564452,3.0,0
1696118400000,156.88688252794964,67.3367169660813,27561.16768926368,96.48490397821746,3.0,0
1696204800000,196.73425666243568,59.42991741521171,27632.732874347428,58.08174424801312,3.0,0
1696291200000,220.28323347250625,58.42055845324195,27707.694489203062,55.45386439290374,3.0,0
1696377600000,264.3114832983701,62.01542446138239,27855.034908007005,69.05126006935595,3.0,0
1696464000000,266.4239698195088,56.51340585926378,27915.42054522577,54.8332908547464,3.0,0
1696550400000,306.5802031928288,61.69002559068214,28064.36214877693,74.94110923175546,3.0,0
1696636800000,336.58841790762017,61.92978400347352,28195.69141097478,75.92892946237549,3.0,0
1696723200000,353.10279219519,61.289975430950456,28305.96003976128,74.39892799493344,3.0,0
1696809600000,335.9375550450495,56.13627612622328,28343.11590961092,60.27226828700541,3.0,0
1696896000000,302.7062432602433,53.18970380469387,28362.06308534792,51.786510206893134,3.0,0
1696982400000,232.1699591751604,46.4358538163605,28356.32965214842,23.82552735073289,3.0,0
1697068800000,165.01589091276765,45.04856878465235,28350.884904004623,10.824752368542288,3.0,0
1697155200000,118.68804950020784,46.56712961580132,28343.670026642005,15.839595559779369,3.0,0
1697241600000,80.27930708865824,46.438606485939054,28306.41355185538,15.37323522784052,3.0,0
1697328000000,73.33696694184255,51.04905098577786,28270.28011610833,30.15127318330124,3.0,0
1697414400000,174.4855384286202,65.37635700971269,28410.71758903373,56.68671670509106,3.0,0
1697500800000,243.3788575316103,63.81003845115364,28502.630487484348,53.65696522156159,3.0,0
1697587200000,288.5260578825946,62.640149684767685,28611.260958978703,51.46388392934528,3.0,0
1697673600000,352.01681533271403,66.11056919908734,28779.0250490676,62.83838051159376,3.0,0
1697760000000,473.95735959896047,72.73003672463636,29178.896441500696,85.32226368193109,3.0,0
1697846400000,583.2995255101305,74.102894684967,29556.49307282803,87.75970822605707,3.0,0
1697932800000,668.913136688283,74.5761314075651,29910.08886304784,89.91156708744101,3.0,0
1698019200000,973.8673547146028,85.32691651731,31182.7499421556,79.61880961813908,3.0,0
1698105600000,1269.7182394393312,86.97094886344621,32379.95079904854,84.47297553921942,6.0,0
1698192000000,1532.7754483895988,87.94861603695175,33483.02469611468,91.01489971346707,6.0,0
1698278400000,1693.9341682407794,83.87706758661429,34302.673356478794,86.87213496218736,6.0,0
1698364800000,1780.182006662748,80.8385964627706,34949.932634986806,83.65351548698618,6.0,0
1698451200000,1842.5434526439203,81.36766044007166,35550.74665164224,85.84708000118039,6.0,0
1698537600000,1905.894289778524,82.58660986873022,36147.7893922765,90.76676127111152,6.0,0
1698624000000,1929.727403889356,81.92288800050298,36637.76911492136,88.83225992555492,6.0,0
1698710400000,1939.5744601996776,82.41389701187015,37034.25576433964,91.08232790200763,6.0,0
1698796800000,1987.5406215801268,84.55380579623747,37454.5260319622,97.8537267387928,6.0,0
1698883200000,1964.1930771166008,78.2584519517768,37683.20772387182,85.91275466807078,6.0,0
1698969600000,1905.583313481453,75.42506091525988,37757.84046102796,80.54958268279293,6.0,0
1699056000000,1865.4924352660964,76.81361066820037,37792.19418954088,85.45435059787332,6.0,0
1699142400000,1808.8192693108613,76.14016788418506,37876.09780758234,84.05101132692714,6.0,0
1699228800000,1746.532894054646,76.29273625793225,37845.88094831669,70.21870489905315,6.0,0
1699315200000,1705.9914559586905,77.86565751229097,37710.42497150934,77.41476615626608,6.0,0
1699401600000,1672.7833041062113,78.83218401508967,37499.40253870364,82.27362295353683,6.0,0
1699488000000,1713.5667372234311,82.71118245968051,37482.94199307284,72.25344826457174,6.0,0
1699574400000,1773.8980681588728,84.42596743847673,37445.41818596892,83.69234285936616,6.0,0
1699660800000,1787.2595602802758,81.9250629301268,37082.85172103006,79.16402786573785,6.0,0
1699747200000,1772.1057485773272,80.9341578387402,37277.49692405124,76.9937981982347,6.0,0
1699833600000,1692.0791924160148,72.33457822398503,37392.14202341192,61.7629026864341,6.0,0
1699920000000,1537.365973857537,61.63829893117016,37413.28340439435,37.518871698259375,6.0,0
1700006400000,1582.667059330437,72.65637962133682,37789.160173200646,96.84455958549216,6.0,0
1700092800000,1464.9343250504537,59.204365968097136,37783.27245237362,52.94067357512959,6.0,0
1700179200000,1391.9293130071528,61.25743861215716,37818.59183937136,61.322763306908215,6.0,0
1700265600000,1315.214054990247,60.92155150937656,37861.66570971152,60.025481313703246,6.0,0
1700352000000,1303.2816556323887,64.53980333982867,37993.46639364093,82.06101349748624,6.0,0
1700438400000,1286.1740304302657,64.93249969219121,38117.277584987794,84.63323054493277,6.0,0
1700524800000,1121.932055922276,52.83514408102183,38113.46932509652,29.61163522012583,6.0,0
1700611200000,1113.422223405505,60.56071043526278,38217.47252888231,82.02327044025147,6.0,0
1700697600000,1084.9675999418832,59.83834885863389,38243.31547435411,78.43647798742134,6.0,0
1700784000000,1083.7574237246008,61.64928430665345,38340.52582535212,80.61898173768677,6.0,0
1700870400000,1075.8114745660569,61.94501450198609,38400.09892180445,82.47565024903149,6.0,0
1700956800000,1030.742808136245,59.4914578098072,38363.62089180792,73.25484228002213,6.0,0
1701043200000,967.354504715324,57.972244019555085,38315.34070005875,67.58992805755388,6.0,0
1701129600000,952.6296002719756,60.99135441044216,38341.5267295192,80.51309757694835,6.0,0
1701216000000,933.090263739192,61.177810169318384,38436.67578024546,79.81830508474575,6.0,0
1701302400000,896.7235440768709,60.0485543037327,38483.35259699045,74.23553667685118,6.0,0
1701388800000,934.47835295595,65.132634797387,38722.481602520704,90.60050668401144,6.0,0
1701475200000,1014.660401474248,68.58164027366922,39128.7178951731,93.46924088095112,6.0,0
1701561600000,1107.5518594133828,70.7029945792646,39597.1471322725,93.98569507513012,6.0,0
1701648000000,1328.7554591159642,77.13436974876302,40519.90199946416,93.68148745062967,6.0,0
1701734400000,1653.0236302890337,81.61677992605178,41968.26828239681,95.31751955456136,6.0,0
1701820800000,1863.462412486864,79.1248112857398,42954.02440172476,90.67844750032133,6.0,0
1701907200000,1968.047641701829,75.22653585052062,43654.25886933561,84.3868397378229,6.0,0
1701993600000,2099.1831045716463,77.42343036199162,44442.40167408586,93.38158388590011,6.0,0
1702080000000,2141.515297936072,73.83146995344889,45036.32569308647,87.65920180157636,6.0,0
1702166400000,2156.3323121340145,74.04667337577044,45564.00072068681,88.60890779432006,6.0,0
1702252800000,1941.056727108073,57.1398288395427,45545.67890209933,55.99105673305165,6.0,0
1702339200000,1769.337944228966,58.11047025548716,45632.276303196326,55.44986111111111,6.0,0
1702425600000,1724.4544767968546,63.27042777157405,45829.979182651296,74.5698611111111,6.0,0
1702512000000,1681.8609398993794,63.80486771550315,46019.98346470421,76.31695590431586,6.0,0
1702598400000,1543.01322933982,57.44843665519323,46044.9886999458,54.44829401870798,6.0,0
1702684800000,1443.586638681023,58.82727163872363,46019.67388123569,55.35654379426151,6.0,0
1702771200000,1277.1726814562498,53.80495002445237,45838.78420260546,29.663010233219254,6.0,0
1702857600000,1234.5962456652633,59.14084023635049,45752.32481746346,54.394819115676704,6.0,0
1702944000000,1156.7113886134612,57.029934356794406,45548.5527115209,45.868468066100895,6.0,0
1703030400000,1193.6263138450886,62.314672439167566,45326.88647512144,76.97476552032157,6.0,0
1703116800000,1224.3313257633708,62.99333570910238,45167.84065349674,81.28182224207242,6.0,0
1703203200000,1242.9902231265369,63.38813890983744,45043.90047348516,89.72238318495495,6.0,0
1703289600000,1222.1543139594942,61.62612437083223,44864.0270501577,83.33197645740451,6.0,0
1703376000000,1135.21137300002,57.07636605728688,44861.84785638011,66.31531561732264,6.0,0
1703462400000,1100.7939534676625,59.71153293695194,44791.93761481193,78.67549600163917,6.0,0
1703548800000,976.1513147631996,53.28117910470296,44703.4347051084,50.99433770909362,6.0,0
1703635200000,940.756525866389,57.52714972273977,44718.66954752326,74.85533015332012,6.0,0
1703721600000,833.2946653248218,52.67856527995527,44549.946347069264,52.41652465547698,6.0,0
1703808000000,699.9730974894192,50.06867685057691,44451.18683996944,39.53020882777859,6.0,0
1703894400000,593.3916628891457,50.45882570833808,44320.80439947757,41.43225093571751,6.0,0
1703980800000,514.5567307904785,51.26029947194794,44249.61044568597,45.14918307901012,6.0,0
1704067200000,598.1730463167114,60.39070522395489,44396.38670620722,92.94087649196648,6.0,0
1704153600000,718.0815209162756,63.38069496776227,44748.73705383177,79.63328915218054,6.0,0
1704240000000,636.1882571875467,51.838745049582776,44740.55692104293,40.84563604002636,6.0,0
1704326400000,668.9488254093303,57.06994875867016,44857.90246234687,66.30302770375252,6.0,0
1704412800000,686.5147540684557,57.03934393230692,44970.26906575943,66.1862551490069,6.0,0
1704499200000,678.3507978433408,56.08340020009032,44930.86448620677,62.73980774441824,6.0,0
1704585600000,661.0889996858532,55.859284277220446,44988.9766460494,61.97367061561941,6.0,0
1704672000000,881.1038415888324,66.83452521982043,45779.841118667726,95.41544147629098,6.0,0
1704758400000,976.3475628337474,62.19936605979021,46162.128464517125,74.21766823594572,6.0,0
1704844800000,1083.2374576799484,63.94130427204784,46617.43945448335,81.75006923289943,6.0,0
1704931200000,1129.5238715032756,62.15610248264105,46941.02992957263,67.99894883861268,6.0,0
1705017600000,869.2122712622513,46.39734989393733,46938.65870786952,24.730639894494573,6.0,0
1705104000000,660.5648092926422,46.66457135893758,46941.04733334201,25.52460739608828,6.0,0
1705190400000,400.5698483843444,42.74174554600077,46994.38691803991,11.95148598208157,6.0,0
1705276800000,254.42770125238167,46.14501487467294,46994.31461200192,21.4259296208519,6.0,0
1705363200000,187.03453525152872,48.78386815518628,46989.64571870227,29.05232447794746,6.0,0
1705449600000,103.23664695740445,47.3418066253012,46984.84906345088,17.084187922050774,6.0,0
1705536000000,-79.15128999051376,41.99046333444388,47045.09578043979,7.774613212328942,6.0,0
1705622400000,-194.69897517772915,43.56278921546521,47076.01363862185,15.870109603796756,6.0,0
1705708800000,-280.0566319463178,43.74609525519947,47108.47912799828,16.296026919907753,6.0,0
1705795200000,-352.97118773998227,43.27287483912431,47098.0566475552,14.9644167430042,6.0,0
1705881600000,-566.601666635419,35.98285831506544,47184.44856440929,1.4305035699681798,6.0,0
1705968000000,-701.2276923610698,37.83018203748807,47316.49124494534,12.891666218572585,6.0,0
1706054400000,-783.773009469638,38.90897809947404,47299.76777774128,14.68993171046463,6.0,0
1706140800000,-849.3883660707143,38.43423696229754,47248.116410459406,17.663271164105865,6.0,0
1706227200000,-742.5476526832863,48.59622740049829,47124.17279976908,65.07074443411423,6.0,0
1706313600000,-626.6765792010192,50.01374690183881,47001.03751732842,70.98592278335094,6.0,0
1706400000000,-535.8979708693223,49.569966574751525,46276.15924786872,69.20272904095346,6.0,0
1706486400000,-357.2266626793062,55.59423481811402,45770.93640914084,94.5190234540643,6.0,0
1706572800000,-242.01664443722984,53.63227464618684,44973.03852765412,82.33158637674192,6.0,0
1706659200000,-177.8000586984199,51.67120607988888,44047.98508234276,75.55336977414704,6.0,0
1706745600000,-85.34113757885643,54.18400127150311,44092.61242300945,84.99406835655938,6.0,0
1706832000000,-2.5911436808746657,54.77341729058045,44146.74935179683,87.19140437289764,6.0,0
1706918400000,47.20125773414475,53.57556667131524,44264.5288965069,83.64537031475245,6.0,0
1707004800000,51.51529009367368,50.86038431704465,44271.96697862726,75.60743032196055,6.0,0
1707091200000,64.34508422044019,51.63597437068608,44213.15686059909,77.96920050456505,6.0,0
1707177600000,104.79469404373958,54.058050607028775,44257.90921356573,82.18781902473066,6.0,0
1707264000000,235.0586938307315,60.8284419309139,44618.74531951656,99.03229134426904,6.0,0
1707350400000,409.348623078884,64.9992423686333,45150.96718835483,94.37737621249424,6.0,0
1707436800000,688.3449081242507,71.43219775379093,46103.82070455241,84.31849372434117,6.0,0
1707523200000,948.412027084305,73.2101196089082,47043.09383765125,93.17681963889169,6.0,0
1707609600000,1185.1470971859526,74.71454688263177,47833.35506878098,95.68828099908946,6.0,0
1707696000000,1486.1311310583403,78.53868389082767,48909.50823314551,95.05889564453864,6.0,0
1707782400000,1687.6440791799105,76.85389085631373,49712.15413893159,92.11463957672552,6.0,0
1707868800000,1993.4609578600137,81.06501705743497,50855.252976939286,97.5536029088246,6.0,0
1707955200000,2217.110638217812,81.21401631566476,51921.29964197274,91.15947528085007,5.0,0
1708041600000,2386.541691054066,81.66122506919794,52872.15608546986,93.4635692455227,5.0,0
1708128000000,2453.6818983639023,77.73081451020008,53556.859422898255,88.91909289809354,5.0,0
1708214400000,2517.812010662332,78.85755575369231,54281.15017936506,93.5696480188511,5.0,0
1708300800000,2510.410907640733,75.82827829335554,54810.62420483304,89.82789559702499,5.0,0
1708387200000,2514.620517437019,77.09229629437019,55288.08613576869,92.87849367461018,5.0,0
1708473600000,2456.600918075856,73.58730607026342,55624.272300168406,86.87747720680849,5.0,0
1708560000000,2338.398771361826,68.96110305849369,55791.28046815786,78.08851486785275,5.0,0
1708646400000,2175.7242829521274,64.71045011465597,55773.66858895788,63.76960388035572,5.0,0
1708732800000,2089.2159597484933,67.93330020089195,55658.465199604274,73.8979041386629,5.0,0
1708819200000,2010.4438437371136,68.53648237621104,55388.06787549168,76.18668471409421,5.0,0
1708905600000,2145.000119298151,76.63318856533091,55391.955144829786,93.4403582965782,5.0,0
1708992000000,2430.2631828368685,81.4297885404522,56021.72597068248,93.41383738643611,5.0,0
1709078400000,3056.415803183881,87.33011461160451,58323.624171395466,88.36783144150158,5.0,0
1709164800000,3408.367220228589,80.67255756282437,59803.62443169121,78.71488982862232,5.0,0
1709251200000,3745.53796326671,82.0927728302876,61350.93242136524,88.03991394020329,5.0,0
1709337600000,3935.0605914217376,80.07312231259749,62528.29975621437,85.06773499517769,5.0,0
1709424000000,4128.581390216452,81.45495567052245,63841.18078522139,93.42658950960754,5.0,0
1709510400000,4642.520461748311,86.16188955629008,66211.80062092716,98.59111135832688,5.0,0
1709596800000,4631.567649281838,69.43825079203663,67222.32048264667,71.44872558038857,5.0,0
1709683200000,4757.671768867571,72.43300594533184,68543.60758042136,84.16602630012443,5.0,0
1709769600000,4862.012469182693,73.33016992415938,69825.53877628237,88.21997943611666,5.0,0
1709856000000,4992.138402829216,74.86038509501452,71139.48373423266,90.3849007987632,5.0,0
1709942400000,5052.281759357633,75.08413074577857,72294.15362265302,91.21604772701558,5.0,0
1710028800000,5093.089098411438,75.87015699055158,73331.60908109315,94.58251434366974,5.0,0
1710115200000,5316.0857418477535,79.28888931696903,74782.3127540237,96.06591218357408,5.0,0
1710201600000,5380.271536655717,76.93496596452181,75778.61786638098,90.50787489690734,5.0,0
1710288000000,5498.508594848223,78.69766191501456,76724.38138644621,96.05442037520702,5.0,0
1710374400000,5394.189496909617,72.49866859457936,76932.29561844368,83.83387489845656,5.0,0
1710460800000,5100.289126765012,66.1973439638445,76609.44550776495,71.04555916598974,5.0,0
1710547200000,4476.921838170063,54.796102251916274,75517.94650325028,42.618670457622514,5.0,0
1710633600000,4184.232687981188,60.22923642852552,74764.10378268178,63.555916598971,5.0,0
1710720000000,3844.733636545687,58.317053643344295,74076.35776409076,58.25203086921206,5.0,0
1710806400000,3082.4154209019543,46.74544011720621,74118.58522577536,3.1287841597120067,5.0,0
1710892800000,2920.9336802021426,56.43347021263752,73934.58903236678,54.34171665897551,5.0,0
1710979200000,2574.5236134977167,52.36789165002621,73757.36204155422,36.350330718351,5.0,0
1711065600000,2137.7985343019755,49.56564479542298,73575.66251946539,23.239809260113823,5.0,0
1711152000000,1786.6981613218013,49.89319784030735,73500.81090845347,24.72704199353948,5.0,0
1711238400000,1748.1227903393738,55.12022330452254,73443.83351141844,49.49230887555764,5.0,0
1711324800000,1910.971342528748,58.94470937550018,73559.04941399227,70.027764959237,5.0,0
1711411200000,2025.396375240889,59.0965319104175,73764.50602475052,70.85832948777112,5.0,0
1711497600000,2050.641442177861,57.98876033279833,73898.94509063826,66.8742501153669,5.0,0
1711584000000,2151.6012930011057,60.03021639497287,74141.99193384843,85.92399467225891,5.0,0
1711670400000,2131.988397856898,57.88074903034384,74256.80121362157,82.54588186499844,5.0,0
1711756800000,2070.918370061787,57.24383448948713,74306.34244438207,80.10503395321676,5.0,0
1711843200000,2134.9107030421146,60.22584446760977,74176.97496347195,95.54751722218484,5.0,0
1711929600000,2030.672437393761,56.17463555575129,73947.84305626799,80.72006650573837,5.0,0
1712016000000,1591.9519450778753,47.36462402032138,73246.42922123888,42.648350908723785,5.0,0
1712102400000,1269.9125628352049,48.40408824063339,72790.38572574093,38.942787979229294,5.0,0
1712188800000,1204.5159805899748,53.41364662950344,72685.56813846414,65.48991854495588,5.0,0
1712275200000,1086.3311257757305,51.97735565910058,72701.26647908289,54.97004403879792,5.0,0
1712361600000,1067.1416113112937,54.11893335963818,72744.68403531334,64.06839851198853,5.0,0
1712448000000,1076.9912895934394,55.05113966831977,72880.43799419417,66.89122610276692,5.0,0
1712534400000,1252.688658166706,59.37621997703779,72837.50896919653,85.81575740645299,5.0,0
1712620800000,1178.7115120840317,53.32607225603444,72910.81503316057,56.02618688680923,5.0,0
1712707200000,1225.7875200012204,56.210491227499446,73064.3242104226,73.9081171161191,5.0,0
1712793600000,1198.8557595944294,54.67934075810396,72805.1677344365,66.384263785804,5.0,0
1712880000000,933.575026972656,48.14747596699464,72347.79393822084,31.589106216556004,5.0,0
1712966400000,460.4616891410842,42.15679528696206,72822.78816200764,26.891546967971784,5.0,0
1713052800000,223.1318468042009,46.08855001626248,72838.01242954138,41.20537972649866,5.0,0
1713139200000,-144.19018746890652,42.11080843031297,73069.11704931191,22.73481514193294,5.0,0
1713225600000,-400.548018452464,42.99332261727749,73167.26322479168,25.81125148507672,5.0,0
1713312000000,-797.5416692976723,38.7109673496246,73348.72440793105,12.189258549844006,5.0,0
1713398400000,-924.5707499393902,43.95063976386499,73212.06185259257,28.90220376331094,5.0,0
1713484800000,-985.8034399015304,44.75766801040274,73018.00596645802,31.959436216754373,5.0,0
1713571200000,-932.9930010980606,47.38974500553945,72434.53767477871,40.46513178531861,5.0,0
1713657600000,-880.9402299432259,47.39109161383697,72084.20340616796,40.46937485887991,5.0,0
1713744000000,-680.2934123154555,51.84314676508911,72133.52523755089,59.37821285751654,5.0,0
1713830400000,-547.6720775664435,50.84318857386054,72149.94353378247,58.20997652461839,5.0,0
1713916800000,-606.9938001697446,45.851276726956186,71952.7678212098,40.061746746079706,5.0,0
1714003200000,-629.9012033470281,46.40808570484859,71801.60159499207,42.12729360263852,5.0,0
1714089600000,-698.770636567453,44.68171430170349,71497.69098072729,50.06609444842653,5.0,0
1714176000000,-769.3371653120266,43.937285274373984,71071.0105861166,50.60007808876438,5.0,0
1714262400000,-843.2474979146064,43.075760456213146,70001.97304623997,46.101326722866105,5.0,0
1714348800000,-831.9247385814306,45.57721045613864,69414.82757407986,55.89360536873352,5.0,0
1714435200000,-1068.3650298322827,37.91015987903162,68475.12480020634,18.411217859030565,5.0,0
1714521600000,-1425.471753406804,33.52350899439543,67885.70981712558,16.968443367826115,5.0,0
1714608000000,-1633.5188815246584,35.93087560439935,67714.42998122395,23.48221316855704,5.0,0
1714694400000,-1473.062142796196,47.2351242523922,67664.75567772864,59.26468674183226,5.0,0
1714780800000,-1249.988947008409,49.75833426993571,67458.17001906526,68.72231268604514,5.0,0
1714867200000,-1051.4021531916733,50.06376389020367,67498.18135606396,69.84558309213978,5.0,0
1714953600000,-951.384213270394,47.852279114278105,67462.90943264434,62.20368591718498,5.0,0
1715040000000,-930.2349530668798,45.66382963333278,67435.24939358994,54.75825781712771,5.0,0
1715126400000,-992.3329976018284,42.89276243368306,67432.40385019715,51.86226274647429,5.0,0
1715212800000,-879.6269869371681,48.54501491175603,67388.39739207474,72.88542311655742,5.0,0
1715299200000,-962.703622605164,43.00349453749664,67233.62057956871,47.46937023732615,5.0,0
1715385600000,-1014.7470992954186,43.08349385458193,67036.44936119104,47.75996459219551,5.0,0
1715472000000,-991.4678049724462,45.18054951255439,66381.82252920652,55.1142371115815,5.0,0
1715558400000,-845.7749355744236,49.6054387302149,65783.75856813141,71.38852688780155,5.0,0
1715644800000,-830.686277948349,45.87384361874901,65548.2059687375,56.159259118515536,5.0,0
1715731200000,-644.7071156720922,51.79122907814999,65408.2992555804,78.36568019226473,5.0,0
