Open time,Close,Volume,Close_MA_14,Close_MA_50,macd,aroon_up,obv,stoch,phase,class
1674259200000,22783.55,1674345599999,19986.667142857143,17769.543400000002,1372.2315165550865,100.0,119129185694712,90.8950903912828,1,-1
1674345600000,22707.88,1674431999999,20385.242142857143,17885.997,1435.7193458525144,96.0,117454753694713,89.40633207491777,1,-1
1674432000000,22916.45,1674518399999,20795.112857142853,18002.212,1485.7371113037516,92.0,119129272094712,92.68568105810655,1,-1
1674518400000,22632.89,1674604799999,21165.98642857143,18115.5428,1485.3731712862973,88.0,117454667294713,87.79911495657343,1,-1
1674604800000,23060.94,1674691199999,21531.535,18234.9824,1502.3071422551184,100.0,119129358494712,87.24336166679043,1,-1
1674691200000,23009.65,1674777599999,21828.894285714287,18358.4426,1494.3626791423085,96.0,117454580894713,84.18299654490549,1,-1
1674777600000,23074.16,1674863999999,22053.476428571423,18475.4438,1476.2547074255235,92.0,119129444894712,81.0987405438977,1,-1
1674864000000,23022.6,1674950399999,22201.167857142857,18593.3246,1441.131086195277,88.0,117454494494713,76.70886150200313,1,-1
1674950400000,23742.3,1675036799999,22406.225,18725.6208,1454.6013990639403,100.0,119129531294712,93.85825929605244,1,-1
1675036800000,22826.15,1675123199999,22523.403571428567,18840.4428,1375.4952179888023,96.0,117454408094713,68.07583743974065,1,-1
1675123200000,23125.13,1675209599999,22665.56928571428,18958.7488,1321.6925380240757,92.0,119129617694712,76.48977455331388,1,-1
1675209600000,23732.66,1675295999999,22883.797142857144,19077.908,1312.9413495842018,88.0,120804913694711,93.09736925803078,1,-1
1675296000000,23488.94,1675382399999,23056.465,19191.6238,1271.6806595007183,100.0,119129531294712,77.42713011091071,1,-1
1675382400000,23431.9,1675468799999,23111.08571428572,19313.135,1220.3116212928544,96.0,117454062494713,58.06137682599379,1,-1
1675468800000,23326.84,1675555199999,23149.89214285714,19447.0294,1157.7776839927574,92.0,115778507294714,52.70835562485036,1,-1
1675555200000,22932.91,1675641599999,23165.96571428571,19570.1572,1064.165195407295,88.0,114102865694715,32.373913043478254,1,-1
1675641600000,22762.52,1675727999999,23154.970714285715,19690.6434,965.1024742032168,84.0,112427137694716,23.65831202046038,1,-1
1675728000000,23240.46,1675814399999,23198.36857142857,19826.675,914.6171801065356,80.0,114102952094715,48.105370843989725,1,-1
1675814400000,22963.0,1675900799999,23191.37285714285,19948.0238,842.5066256990904,76.0,112427051294716,26.381766381766383,1,-1
1675900800000,21796.35,1675987199999,23104.70857142857,20047.4574,683.3424406140657,72.0,110751064094717,4.2208804051421325,1,-1
1675987200000,21625.19,1676073599999,23001.21071428572,20143.5326,537.1999885888836,68.0,109074990494718,6.212196861626201,1,-1
1676073600000,21862.55,1676159999999,22918.35,20245.2136,435.5136801521876,64.0,110751150494717,14.677246790299549,1,-1
1676160000000,21783.54,1676246399999,22778.438571428567,20344.162,344.5790090960618,60.0,109074904094718,11.859486447931555,1,-1
1676246400000,21773.97,1676332799999,22703.28285714285,20442.9992,268.6436513273511,56.00000000000001,107398571294719,14.563023213369515,1,-1
1676332800000,22199.84,1676419199999,22637.19071428572,20548.6082,240.0612069065392,52.0,109074990494718,29.22832161932279,1,-1
1676419200000,24324.05,1676505599999,22679.432857142856,20700.962,384.3844631932916,100.0,110751496094717,98.1528130395882,1,-1
1676505600000,23517.72,1676591999999,22681.48857142857,20840.3702,428.7551686807092,100.0,109074904094718,55.57037443606326,1,-1
1676592000000,24569.97,1676678399999,22762.77928571429,20999.1002,542.5726140776242,96.0,110751582494717,82.55854811448272,1,-1
1676678400000,24631.95,1676764799999,22856.001428571424,21159.5896,630.5069360942653,92.0,112428347294716,84.1482150230961,1,-1
1676764800000,24271.76,1676851199999,22951.63357142857,21314.1768,663.4829782885645,88.0,110751496094717,74.9100394210719,1,-1
1676851200000,24842.2,1676937599999,23100.182142857146,21478.6858,727.263034386222,84.0,112428433694716,89.54072014629656,1,-1
1676937600000,24452.16,1677023999999,23186.73214285714,21634.2716,737.8309639853978,80.0,110751409694717,79.53694988112123,1,-1
1677024000000,24182.21,1677110399999,23273.81857142857,21784.4122,716.1678778994501,76.0,109074299294718,72.6132554316184,1,-1
1677110400000,23940.2,1677196799999,23426.950714285715,21926.209,671.7282762321192,72.0,107397102494719,66.4061678460501,1,-1
1677196800000,23185.29,1677283199999,23538.386428571423,22053.2778,569.03516066675,68.0,105719819294720,47.04418904673849,1,-1
1677283200000,23157.07,1677369599999,23630.852142857144,22177.4062,479.8416922247452,64.0,104042449694721,46.3204007253272,1,-1
1677369600000,23554.85,1677455999999,23757.37428571429,22309.631800000003,436.2242261550855,60.0,105719905694720,56.52268699361103,1,-1
1677456000000,23492.09,1677542399999,23880.097142857143,22436.917,392.0732857739568,56.00000000000001,104042363294721,52.70914094634984,1,-1
1677542400000,23141.57,1677628799999,23947.363571428574,22556.1832,325.0523121331971,52.0,102364734494722,34.167520107908295,1,-1
1677628800000,23628.97,1677715199999,23897.715,22679.9494,307.71961412823293,48.0,104042449694721,35.87697784810131,1,-1
1677715200000,23465.32,1677801599999,23893.972142857143,22790.3906,277.5783878949624,44.0,102364648094722,29.40348101265821,1,-1
1677801600000,22354.34,1677887999999,23735.71285714285,22860.545,162.1749954000079,40.0,100686760094723,11.687258110263574,1,-1
1677888000000,22346.57,1677974399999,23572.47142857144,22908.8762,69.29125489370563,36.0,99008785694724,11.45028622665732,1,-1
1677974400000,22430.24,1678060799999,23440.934285714287,22938.3826,2.403979512484512,32.0,100686846494723,14.00207998487286,1,-1
1678060800000,22410.0,1678147199999,23267.20571428572,22969.1526,-51.64256364388348,28.000000000000004,99008699294724,13.38479415164368,1,-1
1678147200000,22197.96,1678233599999,23106.191428571427,22989.3988,-110.31307393854148,24.0,97330465694725,10.138479901518718,1,-1
1678233600000,21705.44,1678319999999,22929.27928571429,23000.8114,-194.3122136401871,20.0,95652145694726,4.154206365764845,1,-1
1678320000000,20362.22,1678406399999,22673.709285714285,22994.5064,-365.0605742196494,16.0,93973739294727,7.812442690414541,1,-1
1678406400000,20150.69,1678492799999,22456.952142857142,22976.0884,-511.5517333719981,12.0,92295246494728,13.516337108591244,1,-1
1678492800000,20455.73,1678579199999,22263.99928571429,22931.8588,-596.1606844643247,8.0,93973825694727,20.36976708133841,1,-1
1678579200000,21997.11,1678665599999,22152.73214285714,22916.13,-532.6968064373541,4.0,95652491294726,55.00043811265563,1,-1
1678665600000,24113.48,1678751999999,22197.117142857143,22944.242,-308.0765395337476,0.0,97331243294725,92.19295038689856,1,-1
1678752000000,24670.41,1678838399999,22306.32,22979.3212,-84.15369179407207,100.0,99010081694724,74.89740822313676,1,-1
1678838400000,24285.66,1678924799999,22353.22642857143,23012.3766,61.5511455152955,96.0,97331156894725,69.27058197251156,1,-1
1678924800000,24998.78,1679011199999,22462.759285714284,23051.1334,231.89298505380063,92.0,99010168094724,79.69969785515181,1,-1
1679011200000,27395.13,1679097599999,22822.81571428572,23138.843000000004,553.8708595064309,100.0,100689265694723,95.59306752764157,1,-1
1679097600000,26907.49,1679183999999,23148.59571428571,23215.5096,760.9207513481633,96.0,99010081694724,89.65185343120832,1,-1
1679184000000,27972.87,1679270399999,23544.49785714285,23314.515,999.4554443711896,100.0,100689352094723,95.28074281105891,1,-1
1679270400000,27717.01,1679356799999,23923.57,23394.0092,1154.5413099092184,100.0,99009995294724,91.53874688862712,1,-1
1679356800000,28105.47,1679443199999,24345.535,23499.5956,1293.8784261010187,96.0,100689438494723,95.89225936381744,1,-1
1679443200000,27250.97,1679529599999,24741.644285714283,23582.1124,1320.1353869225022,100.0,99009908894724,82.64741988376387,1,-1
1679529600000,28295.41,1679615999999,25308.30071428572,23673.367400000003,1408.9799529573102,96.0,100689524894723,93.85510829534628,1,-1
1679616000000,27454.47,1679702399999,25829.99928571429,23752.678,1395.4472345748109,92.0,99009822494724,84.47130732438248,3,-1
1679702400000,27462.95,1679788799999,26330.515000000003,23833.299,1369.618612086244,88.0,100689611294723,83.65678195278835,3,-1
1679788800000,27968.05,1679875199999,26757.010714285712,23926.1232,1374.067200027268,84.0,102369486494722,87.24158901755982,3,-1
1679875200000,27124.91,1679961599999,26972.11285714286,24009.9632,1294.6346441402966,80.0,100689524894723,64.93452153446923,3,-1
1679961600000,27261.07,1680047999999,27157.16,24099.9342,1228.5092554067378,76.0,102369572894722,67.67355313713263,3,-1
1680048000000,28348.6,1680134399999,27447.37,24202.097,1249.456039100878,72.0,104049707294721,89.05280239407381,3,-1
1680134400000,28028.53,1680220799999,27663.78071428572,24303.4076,1226.0958720338858,100.0,102369486494722,73.07948438533252,3,-1
1680220800000,28465.36,1680307199999,27740.22571428572,24436.7878,1228.6679819154888,96.0,104049793694721,73.12500467020857,3,-1
1680307200000,28452.73,1680393599999,27850.6,24573.3386,1215.6737320288155,92.0,102369400094722,72.65312679803027,3,-1
1680393600000,28171.87,1680479999999,27864.81428571429,24699.525,1169.23443388936,88.0,100688920094723,62.15972860484054,3,-1
1680480000000,27800.0,1680566399999,27870.742142857143,24819.854200000005,1089.8609161574277,84.0,99008353694724,48.26604496850412,3,-1
1680566400000,28165.47,1680652799999,27875.027857142857,24947.6842,1044.407921738879,80.0,100689006494723,61.920613926935566,3,-1
1680652800000,28170.01,1680739199999,27940.67357142857,25067.087600000003,997.256681989431,76.0,102369745694722,62.09023590157436,3,-1
1680739200000,28033.82,1680825599999,27921.98857142857,25141.283,938.08591942802,72.0,100688920094723,57.00195027909165,3,-1
1680825600000,27906.33,1680911999999,27954.26428571429,25229.0552,870.8664795929726,68.0,99008008094724,52.23871117188616,3,-1
1680912000000,27938.38,1680998399999,27988.22357142857,25296.423400000003,810.8339671342583,64.0,100689006494723,53.43615264483255,3,-1
1680998400000,28323.76,1681084799999,28013.63142857143,25370.259600000005,785.3022383744756,60.0,102370091294722,67.83459242155911,3,-1
1681084800000,29637.34,1681171199999,28193.09071428571,25477.5712,861.1364424700914,100.0,104051262494721,95.77276290381172,3,-1
1681171200000,30200.42,1681257599999,28403.044285714284,25584.7356,955.65524690432,100.0,105732520094720,89.56402846771105,3,-1
1681257600000,29888.07,1681343999999,28513.006428571425,25693.4538,993.9009740604306,96.0,104051176094721,80.23947984333205,3,-1
1681344000000,30373.84,1681430399999,28680.52857142857,25817.2864,1051.2899514726523,100.0,105732606494720,93.48525374400548,3,-1
1681430400000,30466.93,1681516799999,28823.49785714285,25947.821,1091.6982961520553,100.0,107414123294719,85.97095606038276,3,-1
1681516800000,30295.09,1681603199999,28955.095,26090.017000000003,1097.2082152467192,96.0,105732520094720,81.44856517253722,3,-1
1681603200000,30304.65,1681689599999,29107.43642857143,26232.9686,1089.783927184173,92.0,107414209694719,81.70016001010593,3,-1
1681689600000,29430.27,1681775999999,29223.884285714284,26350.477,1001.7968761131232,88.0,105732433694720,52.96280425864719,3,-1
1681776000000,30380.01,1681862399999,29382.06571428572,26488.2354,997.2073987655712,84.0,107414296094719,81.14958954089384,3,-1
1681862400000,28797.1,1681948799999,29426.85785714286,26601.346,855.9754447324121,80.0,105732347294720,33.02219519610819,3,-1
1681948800000,28243.65,1682035199999,29441.845714285715,26693.6396,691.4190654217309,76.0,104050312094721,14.744854719677411,3,-1
1682035200000,27262.84,1682121599999,29395.882142857143,26769.59,476.3724541051379,72.0,102368190494722,3.5571612903225844,3,-1
1682121600000,27816.85,1682207999999,29387.20142857143,26878.8402,346.6544258188624,68.0,104050398494721,17.85419354838706,3,-1
1682208000000,27590.6,1682294399999,29334.832857142854,26983.7208,223.0245811407949,64.0,102368104094722,12.015483870967705,3,-1
1682294400000,27510.93,1682380799999,29182.946428571428,27085.3346,117.26655945694438,60.0,100685723294723,14.002583074943692,3,-1
1682380800000,28300.79,1682467199999,29047.25857142857,27203.1504,96.08011444017392,56.00000000000001,102368190494722,33.47078512661506,3,-1
1682467200000,28415.29,1682553599999,28942.06,27327.497000000003,87.52002088640802,52.0,104050744094721,36.29294238855562,3,-1
1682553600000,29472.77,1682639999999,28877.69785714286,27482.8436,164.17339464472025,48.0,105733384094720,62.35735165804821,3,-1
1682640000000,29311.7,1682726399999,28795.181428571428,27661.8332,209.5096459408924,44.0,104050657694721,64.85142822726804,3,-1
1682726400000,29230.45,1682812799999,28719.135714285712,27843.4284,236.1604451508174,40.0,102367844894722,63.41896833251552,3,-1
1682812800000,29233.21,1682899199999,28642.60428571429,28018.978,254.5695847580173,36.0,104050744094721,64.66046333049137,3,-1
1682899200000,28068.26,1682985599999,28545.31785714285,28140.401,173.16113761541783,32.0,102367758494722,31.772524264718296,3,-1
1682985600000,28669.86,1683071999999,28423.164285714283,28231.5286,155.3971276020966,28.000000000000004,104050830494721,49.76042365971232,3,-1
1683072000000,29026.16,1683158399999,28439.52571428571,28318.6436,168.13134052496753,24.0,105733988894720,67.35269205154565,3,-1
1683158400000,28838.16,1683244799999,28481.99071428572,28409.6936,161.19511030186186,20.0,104050744094721,61.27480457005412,3,-1
1683244800000,29505.61,1683331199999,28642.18857142857,28499.8302,207.1676352233372,16.0,105734075294720,82.85292158878568,3,-1
1683331200000,28848.2,1683417599999,28715.856428571427,28528.891599999995,188.38214750969564,12.0,104050657694721,61.59938962491678,3,-1
1683417600000,28430.1,1683503999999,28775.82071428572,28559.3438,138.1646611527431,8.0,102367153694722,48.0825558163443,3,-1
1683504000000,27668.79,1683590399999,28787.09642857144,28553.2622,36.51466858074127,4.0,100683563294723,16.764767932489484,3,-1
1683590400000,27628.27,1683676799999,28739.059285714284,28551.4874,-46.774125241547154,0.0,98999886494724,14.04034273473761,3,-1
1683676800000,27598.75,1683763199999,28680.735,28541.353000000003,-113.85071156679624,0.0,97316123294725,25.74090258395748,3,-1
1683763200000,26968.62,1683849599999,28501.86714285714,28535.706,-215.3729292111748,0.0,95632273694726,8.158624446797692,3,-1
1683849600000,26795.01,1683935999999,28322.10357142857,28505.698,-306.30796663385263,4.0,93948337694727,23.654799383346983,3,-1
1683936000000,26775.28,1684022399999,28146.734285714287,28492.1142,-375.6365803794397,0.0,92264315294728,23.18028442037263,3,-1
1684022400000,26917.62,1684108799999,27981.335,28481.2076,-414.31835376553136,0.0,93948424094727,27.59508449460401,3,-1
1684108800000,27162.14,1684195199999,27916.61214285714,28465.0894,-420.39714084847947,24.0,95632619294726,33.69506104466963,3,-1
1684195200000,27033.84,1684281599999,27799.75357142857,28463.268000000004,-430.6036305476664,20.0,93948337694727,30.49439446781124,3,-1
1684281600000,27405.61,1684367999999,27684.0,28466.1588,-404.0361380835275,16.0,95632705694726,39.76884351908678,3,-1
1684368000000,26821.28,1684454399999,27539.937142857143,28435.6124,-425.229970049415,12.0,93948251294727,25.191715687008223,3,-1
1684454400000,26880.26,1684540799999,27352.412142857145,28412.647,-432.2839413041802,8.0,95632792094726,26.66307433629199,3,-1
1684540800000,27102.43,1684627199999,27227.714285714286,28385.3884,-415.1612812752464,4.0,97317419294725,38.80480818076068,3,-1
1684627200000,26747.78,1684713599999,27107.54857142857,28351.2894,-425.3060771924575,0.0,95632705694726,33.20813605007891,3,-1
1684713600000,26849.27,1684799999999,27049.011428571423,28324.8374,-420.3114178433498,12.0,97317505694725,41.18359021571778,3,-1
1684800000000,27219.61,1684886399999,27019.821428571428,28313.2296,-382.06555746620506,8.0,99002392094724,55.87985523579747,3,-1
1684886400000,26329.01,1684972799999,26929.12571428572,28276.5004,-418.7918428406265,4.0,97317419294725,27.943502885866486,3,-1
1684972800000,26473.79,1685059199999,26893.78071428572,28242.576,-431.2440397255341,0.0,99002478494724,35.76044878059323,3,-1
1685059200000,26705.92,1685145599999,26887.417142857143,28216.018000000004,-417.568079567267,20.0,100687624094723,46.54964558798898,3,-1
1685145600000,26854.27,1685231999999,26893.059285714284,28194.9768,-390.2604973399357,16.0,102372856094722,54.8294915443434,3,-1
1685232000000,28065.0,1685318399999,26975.015,28197.5092,-267.835804741997,12.0,104058174494721,91.7838145499136,3,-1
1685318400000,27736.4,1685404799999,27016.03357142857,28185.762,-195.07986832204915,8.0,102372769694722,72.4011261042618,3,-1
1685404800000,27694.4,1685491199999,27063.21642857143,28146.903200000004,-139.20464898081627,4.0,100687278494723,70.7702164838366,3,-1
1685491200000,27210.35,1685577599999,27049.269285714287,28087.1018,-132.45506517807007,0.0,99001700894724,51.97398310843604,3,-1
1685577600000,26817.93,1685663999999,27049.03,28025.699,-156.96162983201066,0.0,97316036894725,36.73585088826331,3,-1
1685664000000,27242.59,1685750399999,27074.91071428572,27963.074,-140.49718185624442,0.0,99001787294724,53.22590039801963,3,-1
1685750400000,27069.22,1685836799999,27072.53857142857,27895.1198,-139.8266635634791,80.0,97315950494725,46.49373847199308,3,-1
1685836800000,27115.21,1685923199999,27098.78357142857,27831.5222,-134.03914451856326,76.0,99001873694724,48.2795845063586,3,-1
1685923200000,25728.2,1686009599999,27018.707142857143,27739.993200000004,-238.6219242466941,72.0,97315864094725,11.120772504690889,3,-1
1686009600000,27230.08,1686095999999,27019.455,27695.9894,-198.03257019612283,68.0,99001960094724,60.69080009818747,3,-1
1686096000000,26339.34,1686182399999,27020.19285714285,27615.176,-235.0311951400253,64.0,97315777694725,31.921243362660363,3,-1
1686182400000,26498.61,1686268799999,27021.96571428572,27569.2062,-248.63500448193736,60.0,99002046494724,37.06542382078216,3,-1
1686268800000,26477.81,1686355199999,27005.67214285714,27533.8894,-258.1190715790872,56.00000000000001,97315691294725,36.39361523455168,3,-1
1686355200000,25841.21,1686441599999,26933.310714285715,27505.4568,-313.39098658022704,52.0,95629249694726,15.83239667713134,3,-1
1686441600000,25925.55,1686527999999,26780.492857142857,27467.6308,-346.3958090274973,48.0,97315777694725,18.55645130033717,3,-1
1686528000000,25905.19,1686614399999,26649.692142857144,27433.9226,-369.9309171098066,44.0,95629163294726,20.61974199741768,3,-1
1686614400000,25934.25,1686700799999,26523.967142857146,27402.389,-381.8361907684776,40.0,97315864094725,23.47483789429621,3,-1
1686700800000,25128.6,1686787199999,26375.270714285714,27338.9452,-451.08065086267015,36.0,95629076894726,11.692718811445127,3,-1
1686787200000,25598.49,1686873599999,26288.167857142857,27282.6092,-462.70738568446905,32.0,97315950494725,30.07472636740972,3,-1
1686873600000,26345.0,1686959999999,26224.054285714286,27220.0538,-406.99297694731285,28.000000000000004,99002910494724,58.19165204028594,3,-1
1686960000000,26516.99,1687046399999,26184.609285714287,27164.1596,-344.98399030769,24.0,100689956894723,64.66956934411046,3,-1
1687046400000,26339.97,1687132799999,26129.235,27106.35,-306.5912629939376,20.0,99002824094724,59.41769524301928,3,-1
1687132800000,26844.35,1687219199999,26208.96,27058.5728,-232.78213175958808,16.0,100690043294723,78.87852702979038,3,-1
1687219200000,28307.99,1687305599999,26285.95357142857,27063.367400000003,-55.54407017415724,12.0,102377348894722,97.3700572342162,3,-1
1687305600000,29993.89,1687391999999,26546.992857142857,27089.848,218.438389132647,100.0,104064740894721,86.56483333333333,3,-1
1687392000000,29884.92,1687478399999,26788.872142857144,27107.023200000003,421.91492119202667,96.0,102377262494722,84.74866666666664,3,-1
1687478400000,30688.5,1687564799999,27089.63571428572,27144.03,640.628957179375,100.0,104064827294721,88.79000714722994,3,-1
1687564800000,30527.43,1687651199999,27424.36571428572,27164.4664,791.8366040961955,96.0,102377176094722,86.36130604317894,3,-1
1687651200000,30462.66,1687737599999,27748.445,27196.7556,896.1135171609858,92.0,100689438494723,85.38466873946389,3,-1
1687737600000,30267.99,1687823999999,28060.073571428573,27233.5134,952.0706026999396,88.0,99001614494724,82.44932855242963,3,-1
1687824000000,30692.44,1687910399999,28399.94428571428,27293.9864,1018.9210759546768,84.0,100689524894723,88.84941661112737,3,-1
1687910400000,30077.41,1687996799999,28753.43071428572,27342.9692,1010.6229444482232,80.0,99001528094724,79.57565961091326,3,-1
1687996800000,30447.31,1688083199999,29099.775,27399.9404,1022.1121810805088,76.0,100689611294723,84.2619853653391,3,-1
1688083200000,30472.0,1688169599999,29394.56071428571,27470.008,1021.4352903385006,72.0,102377780894722,81.71870179434542,3,-1
1688169600000,30585.9,1688255999999,29685.197142857145,27545.8258,1018.3507145111324,68.0,104066036894721,83.65484371407767,3,-1
1688256000000,30617.03,1688342399999,29990.70142857143,27622.6608,1006.8121925436936,64.0,105754379294720,84.25395095578446,3,-1
1688342400000,31156.2,1688428799999,30298.69071428572,27707.4324,1029.3091090359449,60.0,107442808094719,94.23130834278258,3,-1
1688428800000,30766.51,1688515199999,30474.299285714285,27779.5198,1004.1184982075284,56.00000000000001,105754292894720,79.03464137746339,3,-1
1688515200000,30504.81,1688601599999,30510.79357142857,27848.9392,952.062965527628,52.0,104065691294721,52.01041440210368,3,-1
1688601600000,29895.43,1688687999999,30511.544285714284,27898.7356,851.817485900614,100.0,102377003294722,19.77150000000001,3,-1
1688688000000,30344.7,1688774399999,30486.987142857142,27969.204,799.4094607124898,96.0,104065777694721,42.23500000000004,3,-1
1688774400000,30284.63,1688860799999,30469.644285714287,28037.2914,744.4470539615359,92.0,102376916894722,39.23150000000005,3,-1
1688860800000,30160.71,1688947199999,30448.07642857143,28098.457,683.0162560345889,88.0,100687969694723,33.03549999999996,3,-1
1688947200000,30411.57,1689033599999,30458.33214285714,28171.7328,647.114676393423,84.0,102377003294722,45.578499999999984,3,-1
1689033600000,30622.1,1689119999999,30453.30785714286,28247.1894,628.4065478837547,80.0,104066123294721,56.104999999999926,3,-1
1689120000000,30380.0,1689206399999,30474.92142857143,28310.3972,587.2750335484452,76.0,102376916894722,44.0,3,-1
1689206400000,31454.23,1689292799999,30546.844285714287,28412.9016,634.050456407691,100.0,104066209694721,84.81164829441883,3,-1
1689292800000,30312.01,1689379199999,30535.41642857143,28489.666,572.3549562956177,96.0,102376830494722,29.0507707376448,3,-1
1689379200000,30289.52,1689465599999,30514.246428571427,28561.338,515.7013883297986,92.0,100687364894723,27.9814376325374,3,-1
1689465600000,30231.99,1689551999999,30486.74357142857,28628.8924,460.8484631334468,88.0,98997812894724,25.246055972384728,3,-1
1689552000000,30138.0,1689638399999,30414.015,28670.3524,405.1229124738129,84.0,97308174494725,22.321678321678288,3,-1
1689638400000,29859.13,1689724799999,30349.20214285714,28712.807,334.60046779776167,80.0,95618449694726,15.143966495070275,3,-1
1689724800000,29909.21,1689811199999,30306.65928571429,28757.1032,279.52971521341897,76.0,97308260894725,17.328767123287626,3,-1
1689811200000,29800.0,1689897599999,30299.842857142856,28808.896200000003,224.485681533788,72.0,95618363294726,12.56434866067533,3,-1
1689897600000,29901.72,1689983999999,30268.20142857143,28870.572,186.9161886903894,68.0,97308347294725,17.002006805688904,3,-1
1689984000000,29794.0,1690070399999,30233.15642857143,28921.6002,146.75825340065785,64.0,95618276894726,12.30259139691126,3,-1
1690070400000,30083.75,1690156799999,30227.65928571429,28981.8908,136.73698497251098,60.0,97308433694725,24.943285926184444,3,-1
1690156800000,29176.5,1690243199999,30139.44,29023.1166,54.95408822712852,56.00000000000001,95618190494726,10.692315535465406,3,-1
1690243200000,29228.91,1690329599999,30039.92642857143,29093.130799999995,-5.566233590219781,52.0,97308520094725,12.47357509431392,3,-1
1690329600000,29351.96,1690415999999,29966.495,29135.568400000004,-43.103052864888014,48.0,98998936094724,16.655677531183013,3,-1
1690416000000,29222.78,1690502399999,29807.10571428572,29193.2372,-82.32599613860657,44.0,97308433694725,13.037101260792516,3,-1
1690502400000,29314.14,1690588799999,29735.829285714284,29249.547800000004,-104.83005715204854,40.0,98999022494724,28.630757932588736,3,-1
1690588800000,29352.9,1690675199999,29668.92785714285,29307.0496,-118.17483364802683,36.0,100689697694723,31.084605839600947,3,-1
1690675200000,29281.09,1690761599999,29601.00642857143,29375.847200000004,-133.0118541659831,32.0,98998936094724,26.94785157756688,3,-1
1690761600000,29232.25,1690847999999,29536.31,29441.9812,-147.01656421092048,28.000000000000004,97308088094725,23.80814626243919,3,-1
1690848000000,29705.99,1690934399999,29525.37142857143,29517.9972,-118.5222878733548,24.0,98999022494724,61.159212997336,3,-1
1690934400000,29186.01,1691020799999,29473.714285714286,29583.032400000004,-136.32691709180654,20.0,97308001694725,32.772306415687545,3,-1
1691020800000,29193.64,1691107199999,29430.402857142857,29664.3332,-148.114168848806,16.0,98999108894724,34.45785864082066,3,-1
1691107200000,29113.99,1691193599999,29374.136428571423,29734.6432,-162.01513055188116,12.0,97307915294725,29.943320297001705,3,-1
1691193600000,29072.13,1691279999999,29322.574285714283,29789.1858,-174.39913039842577,8.0,95616635294726,27.57070792949048,3,-1
1691280000000,29088.42,1691366399999,29251.47928571428,29840.6144,-180.81475272379976,4.0,97308001694725,33.20738763970706,3,-1
1691366400000,29211.06,1691452799999,29253.94785714285,29898.0362,-173.99742260580388,0.0,98999454494724,42.78013408126973,3,-1
1691452800000,29770.42,1691539199999,29292.627142857145,29956.5576,-122.05202239819118,0.0,100690993694723,71.4418380268949,3,-1
1691539200000,29581.99,1691625599999,29309.057857142856,29982.0376,-94.99460602586625,4.0,98999368094724,60.07899656274506,3,-1
1691625600000,29455.75,1691711999999,29325.698571428573,29971.2748,-82.78364327232703,0.0,97307656094725,52.466381233793626,3,-1
1691712000000,29426.03,1691798399999,29333.69071428572,29962.097,-74.64407253069294,12.0,95615857694726,50.67418440571661,3,-1
1691798400000,29430.17,1691884799999,29339.21,29936.9304,-67.0860148552747,8.0,97307742494725,50.923837665078565,3,-1
1691884800000,29303.84,1691971199999,29340.835,29912.4586,-70.477553544275,4.0,95615771294726,43.30579509135861,3,-1
1691971200000,29430.93,1692057599999,29355.02642857143,29891.824,-62.19334535424059,0.0,97307828894725,50.96966773201471,3,-1
1692057600000,29200.0,1692143999999,29318.884285714284,29870.4642,-73.4158791614318,8.0,95615684894726,32.338282662657136,3,-1
1692144000000,28730.51,1692230399999,29286.34857142857,29831.2256,-118.82400816522204,4.0,93923454494727,1.9106009838168947,3,-1
1692144000000,28730.51,1692230399999,29253.26785714286,29804.2876,-153.04605786146567,0.0,95615684894726,1.9106009838168947,3,-1
1692230400000,26623.41,1692316799999,29075.369285714285,29727.8096,-346.2018397276297,60.0,93923368094727,28.70047262701851,3,-1
1692316800000,26054.0,1692403199999,28859.78857142857,29639.4496,-539.0124170902636,56.00000000000001,92230964894728,17.48719968491532,3,-1
1692403200000,26100.01,1692489599999,28646.33071428572,29549.7318,-680.2619302138046,52.0,93923454494727,18.393265064986185,3,-1
1692489600000,26189.99,1692575999999,28430.54,29461.191000000003,-775.9973387269638,48.0,95616030494726,20.16522252855458,3,-1
1692576000000,26126.92,1692662399999,28170.29,29360.6054,-847.191663474001,44.0,93923368094727,19.24148978774526,3,-1
1692662400000,26056.0,1692748799999,27918.433571428566,29266.3952,-898.9735228800928,40.0,92230619294728,19.4663167104112,3,-1
1692748800000,26432.72,1692835199999,27702.502857142856,29184.9534,-899.246905344924,36.0,93923454494727,27.96711206097165,3,-1
1692835200000,26180.05,1692921599999,27470.647142857146,29110.6458,-909.3692773006188,32.0,92230532894728,22.38857046973937,3,-1
1692921600000,26060.01,1693007999999,27229.92142857143,29024.952,-916.5125684077792,28.000000000000004,90537524894729,19.738283009370026,3,-1
1693008000000,26017.37,1693094399999,26995.17357142857,28939.6068,-915.0660578118805,24.0,88844430494730,18.796861339008924,3,-1
1693094400000,26101.77,1693180799999,26757.37642857143,28858.428,-896.7718850337587,20.0,90537611294729,21.595057762516,3,-1
1693180800000,26120.0,1693267199999,26537.37642857143,28772.5966,-870.764976047667,16.0,92230878494728,23.303247554258224,3,-1
1693267200000,27716.34,1693353599999,26464.93571428571,28714.4814,-713.1225832403579,12.0,93924232094727,62.29685992403241,3,-1
1693353600000,27299.99,1693439999999,26362.75571428571,28652.8812,-614.6999383543953,8.0,92230792094728,58.99106560367997,3,-1
1693440000000,25940.78,1693526399999,26313.99642857143,28542.612200000003,-639.0100605850057,4.0,90537265694729,22.54005663330809,3,-1
1693526400000,25805.05,1693612799999,26296.214285714286,28452.473,-661.6017511008977,0.0,88843652894730,17.76562252668975,3,-1
1693612800000,25869.51,1693699199999,26279.75,28364.0728,-666.6200641706018,0.0,90537352094729,20.03306540971204,3,-1
1693699200000,25971.21,1693785599999,26264.12285714286,28278.8572,-654.8421605736949,0.0,92231137694728,23.6104613328174,3,-1
1693785600000,25826.02,1693871999999,26242.63,28192.6176,-649.7339778630303,12.0,90537265694729,18.50326257101151,3,-1
1693872000000,25792.1,1693958399999,26223.78,28111.277,-641.033333541418,8.0,88843307294730,16.316613862091017,3,-1
1693958400000,25759.95,1694044799999,26175.725,28028.291799999995,-629.4760386052112,4.0,87149262494731,15.172119184080344,3,-1
1694044800000,26255.0,1694131199999,26181.07857142857,27957.3918,-573.7564936995768,0.0,88843393694730,32.79520131002814,3,-1
1694131200000,25910.5,1694217599999,26170.399285714284,27877.5674,-551.0445255404666,0.0,87149176094731,20.531486953116666,3,-1
1694217600000,25901.61,1694303999999,26162.130714285715,27799.7196,-527.6797125891353,0.0,85454872094732,20.21501548538681,3,-1
1694304000000,25841.61,1694390399999,26143.547857142858,27714.8768,-508.1468282245405,0.0,83760481694733,18.079100067637352,3,-1
1694390400000,25162.52,1694476799999,26075.15642857143,27634.597200000004,-541.2248609505768,0.0,82066004894734,8.06699878155993,3,-1
1694476800000,25840.1,1694563199999,25941.13928571429,27566.821,-506.9209280612813,44.0,83760568094733,32.74898258804488,3,-1
1694563200000,26222.0,1694649599999,25864.140000000003,27504.2218,-443.8027934265156,40.0,85455217694732,49.171601817972046,3,-1
1694649600000,26522.73,1694735999999,25905.707857142854,27450.2208,-365.3038242006878,36.0,87149953694731,82.76286176505101,3,-1
1694736000000,26600.0,1694822399999,25962.49,27395.938,-293.4747876368565,32.0,88844776094730,85.50578761952693,3,-1
1694822400000,26559.67,1694908799999,26011.787142857145,27340.073400000005,-237.0712428915504,28.000000000000004,87149867294731,83.4760946149974,3,-1
1694908800000,26527.51,1694995199999,26051.52285714285,27285.0018,-192.7442349812264,24.0,85454872094732,81.85757423251124,3,-1
1694995200000,26762.51,1695081599999,26118.415,27235.607,-137.07214348474736,20.0,87149953694731,74.22288676236037,3,-1
1695081600000,27210.26,1695167999999,26219.71214285714,27185.6924,-56.174383554633096,16.0,88845121694730,89.41713099741725,3,-1
1695168000000,27125.0,1695254399999,26317.21571428572,27144.4722,1.0458486818388335,12.0,87149867294731,86.11576840124373,3,-1
1695254400000,26568.08,1695340799999,26339.57857142857,27091.961,1.4379297938103264,8.0,85454526494732,64.55120287155825,3,-1
1695340800000,26580.14,1695427199999,26387.41,27041.284000000003,2.6907804679322,4.0,87149953694731,65.0181795653167,3,-1
1695427200000,26575.96,1695513599999,26435.577857142856,26991.3606,3.3082471730922407,0.0,85454440094732,64.8563252883755,3,-1
1695513600000,26248.38,1695599999999,26464.632857142857,26934.5598,-22.37742133053325,0.0,83758840094733,52.17206116387944,3,-1
1695600000000,26304.81,1695686399999,26546.225,26876.4348,-37.7449687754779,0.0,85454526494732,49.88457074346652,3,-1
1695686400000,26221.67,1695772799999,26573.48,26805.4598,-55.987178667946864,72.0,83758753694733,26.60811911131788,3,-1
1695772800000,26372.99,1695859199999,26584.265000000003,26741.2798,-57.57036671853712,68.0,85454612894732,25.61967972888818,3,-1
1695859200000,27021.39,1695945599999,26619.88357142857,26692.592600000004,-6.430467137452069,64.0,87150558494731,69.04581711997106,3,-1
1695945600000,26906.96,1696031999999,26641.809285714287,26642.2112,24.581368342172937,60.0,85454526494732,61.38194774664959,3,-1
1696032000000,26962.56,1696118399999,26670.58714285714,26592.859000000004,53.03358852316524,56.00000000000001,87150644894731,65.10571893564452,3,-1
1696118400000,27992.57,1696204799999,26775.234285714287,26566.6336,156.88688252794964,100.0,88846849694730,96.48490397821746,3,-1
1696204800000,27494.51,1696291199999,26827.52,26527.9052,196.73425666243568,100.0,87150558494731,58.08174424801312,3,-1
1696291200000,27426.46,1696377599999,26842.96285714285,26492.4344,220.28323347250625,96.0,85454180894732,55.45386439290374,3,-1
1696377600000,27778.57,1696463999999,26889.64642857143,26473.3956,264.3114832983701,92.0,87150644894731,69.05126006935595,3,-1
1696464000000,27410.39,1696550399999,26949.81142857143,26446.993200000004,266.4239698195088,88.0,85454094494732,54.8332908547464,3,-1
1696550400000,27931.09,1696636799999,27046.30785714285,26473.1468,306.5802031928288,84.0,87150731294731,74.94110923175546,3,-1
1696636800000,27956.67,1696723199999,27144.93,26511.2002,336.58841790762017,80.0,88847454494730,75.92892946237549,3,-1
1696723200000,27917.05,1696809599999,27264.12071428572,26547.541,353.10279219519,76.0,87150644894731,74.39892799493344,3,-1
1696809600000,27590.12,1696895999999,27355.92857142857,26575.5436,335.9375550450495,72.0,85453748894732,60.27226828700541,3,-1
1696896000000,27390.12,1696982399999,27439.38928571429,26600.8076,302.7062432602433,68.0,83756766494733,51.786510206893134,3,-1
1696982400000,26875.52,1697068799999,27475.28428571429,26617.198,232.1699591751604,64.0,82059697694734,23.82552735073289,3,-1
1697068800000,26759.63,1697155199999,27456.587142857144,26623.7362,165.01589091276765,60.0,80362542494735,10.824752368542288,3,-1
1697155200000,26862.0,1697241599999,27453.37571428572,26637.3752,118.68804950020784,56.00000000000001,82059784094734,15.839595559779369,3,-1
1697241600000,26852.48,1697327999999,27445.512857142858,26653.2246,80.27930708865824,52.0,80362456094735,15.37323522784052,3,-1
1697328000000,27154.15,1697414399999,27385.62571428572,26675.9602,73.33696694184255,48.0,82059870494734,30.15127318330124,3,-1
1697414400000,28500.78,1697500799999,27457.50214285714,26723.9404,174.4855384286202,100.0,83757371294733,56.68671670509106,3,-1
1697500800000,28395.91,1697587199999,27526.748571428576,26769.4586,243.3788575316103,96.0,82059784094734,53.65696522156159,3,-1
1697587200000,28320.0,1697673599999,27565.422142857144,26781.5318,288.5260578825946,92.0,80362110494735,51.46388392934528,3,-1
1697673600000,28713.71,1697759999999,27658.516428571427,26809.806200000003,352.01681533271403,88.0,82059870494734,62.83838051159376,3,-1
1697760000000,29669.04,1697846399999,27782.65571428572,26884.3714,473.95735959896047,100.0,83757716894733,85.32226368193109,3,-1
1697846400000,29909.8,1697932799999,27922.165,26966.4664,583.2995255101305,100.0,85455649694732,87.75970822605707,3,-1
1697932800000,29992.46,1698019199999,28070.40857142857,27048.9254,668.913136688283,96.0,87153668894731,89.91156708744101,3,-1
1698019200000,33069.99,1698105599999,28461.827857142856,27190.901,973.8673547146028,100.0,88851774494730,79.61880961813908,3,-1
1698105600000,33922.73,1698191999999,28928.44285714285,27352.8352,1269.7182394393312,100.0,90549966494729,84.47297553921942,6,-1
1698192000000,34496.05,1698278399999,29472.766428571427,27526.9142,1532.7754483895988,96.0,92248244894728,91.01489971346707,6,-1
1698278400000,34151.66,1698364799999,30000.768571428573,27694.748400000004,1693.9341682407794,92.0,90549880094729,86.87213496218736,6,-1
1698364800000,33892.02,1698451199999,30502.912857142856,27847.488800000003,1780.182006662748,88.0,88851428894730,83.65351548698618,6,-1
1698451200000,34081.0,1698537599999,31019.235714285714,28010.898800000003,1842.5434526439203,84.0,90549966494729,85.84708000118039,6,-1
1698537600000,34525.89,1698623999999,31545.78857142857,28183.3844,1905.894289778524,80.0,92248590494728,90.76676127111152,6,-1
1698624000000,34474.73,1698710399999,31972.49928571429,28356.0468,1929.727403889356,76.0,90549880094729,88.83225992555492,6,-1
1698710400000,34639.77,1698796799999,32418.489285714284,28545.5918,1939.5744601996776,72.0,92248676894728,91.08232790200763,6,-1
1698796800000,35421.43,1698883199999,32925.73428571429,28737.2184,1987.5406215801268,100.0,93947560094727,97.8537267387928,6,-1
1698883200000,34941.59,1698969599999,33370.58285714286,28911.6102,1964.1930771166008,100.0,92248590494728,85.91275466807078,6,-1
1698969600000,34716.78,1699055999999,33731.13571428571,29075.4912,1905.583313481453,96.0,90549534494729,80.54958268279293,6,-1
1699056000000,35062.07,1699142399999,34099.155,29244.732600000003,1865.4924352660964,92.0,92248676894728,85.45435059787332,6,-1
1699142400000,35011.88,1699228799999,34457.685000000005,29413.7768,1808.8192693108613,88.0,90549448094729,84.05101132692714,6,-1
1699228800000,35046.09,1699315199999,34598.835,29584.1484,1746.532894054646,84.0,92248763294728,70.21870489905315,6,-1
1699315200000,35399.12,1699401599999,34704.29142857143,29756.8806,1705.9914559586905,80.0,93948164894727,77.41476615626608,6,-1
1699401600000,35624.72,1699487999999,34784.91071428572,29925.1698,1672.7833041062113,100.0,95647652894726,82.27362295353683,6,-1
1699488000000,36701.09,1699574399999,34967.01285714285,30116.6916,1713.5667372234311,100.0,97347227294725,72.25344826457174,6,-1
1699574400000,37301.63,1699660799999,35210.55642857143,30331.3626,1773.8980681588728,96.0,99046888094724,83.69234285936616,6,-1
1699660800000,37130.0,1699747199999,35428.34214285714,30542.359799999995,1787.2595602802758,92.0,97347140894725,79.16402786573785,6,-1
1699747200000,37064.13,1699833599999,35609.645,30752.1232,1772.1057485773272,88.0,95647307294726,76.9937981982347,6,-1
1699833600000,36462.93,1699919999999,35751.65928571428,30956.4142,1692.0791924160148,84.0,93947387294727,61.7629026864341,6,-1
1699920000000,35551.19,1700006399999,35816.76071428571,31141.3418,1537.365973857537,80.0,92247380894728,37.518871698259375,6,-1
1700006400000,37858.2,1700092799999,35990.81571428572,31374.0724,1582.667059330437,100.0,93947473694727,96.84455958549216,6,-1
1700092800000,36163.51,1700179199999,36078.09571428572,31569.882800000003,1464.9343250504537,96.0,92247294494728,52.94067357512959,6,-1
1700179200000,36613.92,1700265599999,36213.60571428571,31761.7334,1391.9293130071528,92.0,93947560094727,61.322763306908215,6,-1
1700265600000,36568.1,1700351999999,36321.17928571429,31954.9562,1315.214054990247,88.0,92247208094728,60.025481313703246,6,-1
1700352000000,37359.86,1700438399999,36488.89214285714,32162.9022,1303.2816556323887,84.0,93947646494727,82.06101349748624,6,-1
1700438400000,37448.78,1700524799999,36660.51285714286,32352.0264,1286.1740304302657,80.0,95648171294726,84.63323054493277,6,-1
1700524800000,35741.65,1700611199999,36684.97928571428,32516.9692,1121.932055922276,76.0,93947560094727,29.61163522012583,6,-1
1700611200000,37408.34,1700697599999,36812.38071428571,32716.6068,1113.422223405505,72.0,95648257694726,82.02327044025147,6,-1
1700697600000,37294.28,1700783999999,36854.75142857143,32906.921,1084.9675999418832,68.0,93947473694727,78.43647798742134,6,-1
1700784000000,37713.57,1700870399999,36884.17571428572,33112.9846,1083.7574237246008,100.0,95648344094726,80.61898173768677,6,-1
1700870400000,37780.67,1700956799999,36930.65214285714,33309.976200000005,1075.8114745660569,96.0,97349300894725,82.47565024903149,6,-1
1700956800000,37447.43,1701043199999,36958.03071428571,33499.791399999995,1030.742808136245,92.0,95648257694726,73.25484228002213,6,-1
1701043200000,37242.7,1701129599999,37013.728571428575,33686.3044,967.354504715324,88.0,93947128094727,67.58992805755388,6,-1
1701129600000,37818.87,1701215999999,37175.70571428572,33890.8794,952.6296002719756,84.0,95648344094726,80.51309757694835,6,-1
1701216000000,37854.64,1701302399999,37175.45142857143,34100.1698,933.090263739192,100.0,97349646494725,79.81830508474575,6,-1
1701302400000,37723.96,1701388799999,37286.912142857145,34317.138600000006,896.7235440768709,96.0,95648257694726,74.23553667685118,6,-1
1701388800000,38682.52,1701475199999,37434.66928571429,34555.596399999995,934.47835295595,100.0,97349732894725,90.60050668401144,6,-1
1701475200000,39450.35,1701561599999,37640.54428571429,34807.3634,1014.660401474248,100.0,99051294494724,93.46924088095112,6,-1
1701561600000,39972.26,1701647999999,37827.14428571429,35069.759,1107.5518594133828,100.0,100752942494723,93.98569507513012,6,-1
1701648000000,41991.1,1701734399999,38151.59571428572,35366.498,1328.7554591159642,100.0,102454676894722,93.68148745062967,6,-1
1701734400000,44073.32,1701820799999,38746.715,35677.9488,1653.0236302890337,100.0,104156497694721,95.31751955456136,6,-1
1701820800000,43762.69,1701907199999,39200.59714285714,35985.2844,1863.462412486864,96.0,102454590494722,90.67844750032133,6,-1
1701907200000,43273.14,1701993599999,39627.65857142857,36284.3472,1968.047641701829,92.0,100752596894723,84.3868397378229,6,-1
1701993600000,44170.99,1702079999999,40088.90285714286,36593.4928,2099.1831045716463,100.0,102454676894722,93.38158388590011,6,-1
1702080000000,43713.6,1702166399999,40512.68357142857,36874.384,2141.515297936072,96.0,100752510494723,87.65920180157636,6,-1
1702166400000,43789.51,1702252799999,40965.68928571428,37151.978200000005,2156.3323121340145,92.0,102454763294722,88.60890779432006,6,-1
1702252800000,41253.4,1702339199999,41252.16785714286,37377.197,1941.056727108073,88.0,100752424094723,55.99105673305165,6,-1
1702339200000,41492.39,1702425599999,41514.56214285714,37545.645,1769.337944228966,84.0,102454849694722,55.44986111111111,6,-1
1702425600000,42869.03,1702511999999,41872.73285714286,37724.571,1724.4544767968546,80.0,104157361694721,74.5698611111111,6,-1
1702512000000,43022.26,1702598399999,42251.18285714286,37895.0952,1681.8609398993794,76.0,105859960094720,76.31695590431586,6,-1
1702598400000,41940.3,1702684799999,42483.88142857143,38050.868,1543.01322933982,72.0,104157275294721,54.44829401870798,6,-1
1702684800000,42278.03,1702771199999,42685.85857142857,38218.5882,1443.586638681023,68.0,105860046494720,55.35654379426151,6,-1
1702771200000,41374.65,1702857599999,42786.029285714285,38364.4612,1277.1726814562498,64.0,104157188894721,29.663010233219254,6,-1
1702857600000,42657.8,1702943999999,42833.65071428572,38527.0994,1234.5962456652633,60.0,105860132894720,54.394819115676704,6,-1
1702944000000,42275.99,1703030399999,42705.27,38683.1246,1156.7113886134612,56.00000000000001,104157102494721,45.868468066100895,6,-1
1703030400000,43668.93,1703116799999,42698.572857142855,38863.7078,1193.6263138450886,52.0,105860219294720,76.97476552032157,6,-1
1703116800000,43861.8,1703203199999,42740.62,39032.5152,1224.3313257633708,48.0,107563422494719,81.28182224207242,6,-1
1703203200000,43969.04,1703289599999,42726.195,39213.0642,1242.9902231265369,44.0,109266712094718,89.72238318495495,6,-1
1703289600000,43702.16,1703375999999,42725.37785714286,39392.7718,1222.1543139594942,40.0,107563336094719,83.33197645740451,6,-1
1703376000000,42991.5,1703462399999,42668.37714285714,39551.3604,1135.21137300002,36.0,105859873694720,66.31531561732264,6,-1
1703462400000,43576.13,1703548799999,42834.28642857143,39722.6454,1100.7939534676625,32.0,107563422494719,78.67549600163917,6,-1
1703548800000,42508.93,1703635199999,42906.89642857143,39871.9022,976.1513147631996,28.000000000000004,105859787294720,50.99433770909362,6,-1
1703635200000,43428.85,1703721599999,42946.883571428574,40032.4968,940.756525866389,24.0,107563508894719,74.85533015332012,6,-1
1703721600000,42563.76,1703807999999,42914.133571428574,40171.2776,833.2946653248218,20.0,105859700894720,52.41652465547698,6,-1
1703808000000,42066.95,1703894399999,42923.18,40278.5948,699.9730974894192,16.0,104155806494721,39.53020882777859,6,-1
1703894400000,42140.28,1703980799999,42913.34071428572,40375.3678,593.3916628891457,12.0,105859787294720,41.43225093571751,6,-1
1703980800000,42283.58,1704067199999,42978.264285714286,40478.4394,514.5567307904785,8.0,107563854494719,45.14918307901012,6,-1
1704067200000,44179.55,1704153599999,43086.96071428571,40620.7478,598.1730463167114,4.0,109268008094718,92.94087649196648,6,-1
1704153600000,44946.91,1704239999999,43277.74071428571,40790.4274,718.0815209162756,100.0,110972248094717,79.63328915218054,6,-1
1704240000000,42845.23,1704326399999,43218.905000000006,40936.3082,636.1882571875467,96.0,109267921694718,40.84563604002636,6,-1
1704326400000,44151.1,1704412799999,43239.569285714286,41062.1662,668.9488254093303,92.0,110972334494717,66.30302770375252,6,-1
1704412800000,44145.11,1704499199999,43252.14571428571,41221.7982,686.5147540684557,88.0,109267835294718,66.1862551490069,6,-1
1704499200000,43968.32,1704585599999,43271.15714285715,41368.8862,678.3507978433408,84.0,107563249694719,62.73980774441824,6,-1
1704585600000,43929.02,1704671999999,43338.12285714286,41516.1046,661.0889996858532,80.0,105858577694720,61.97367061561941,6,-1
1704672000000,46951.04,1704758399999,43579.18785714286,41707.9282,881.1038415888324,100.0,107563336094719,95.41544147629098,6,-1
1704758400000,46110.0,1704844799999,43836.40714285714,41881.1526,976.3475628337474,100.0,105858491294720,74.21766823594572,6,-1
1704844800000,46653.99,1704931199999,44066.77428571428,42099.3994,1083.2374576799484,96.0,107563422494719,81.75006923289943,6,-1
1704931200000,46339.16,1705017599999,44336.44571428571,42278.0158,1129.5238715032756,100.0,105858404894720,67.99894883861268,6,-1
1705017600000,42782.73,1705103999999,44387.572857142855,42387.7848,869.2122712622513,96.0,104153300894721,24.730639894494573,6,-1
1705104000000,42847.99,1705190399999,44438.12357142857,42490.4732,660.5648092926422,92.0,105858491294720,25.52460739608828,6,-1
1705190400000,41732.35,1705276799999,44398.75,42569.5068,400.5698483843444,88.0,104153214494721,11.95148598208157,6,-1
1705276800000,42511.1,1705363199999,44279.575,42670.78020000001,254.42770125238167,84.0,105858577694720,21.4259296208519,6,-1
1705363200000,43137.95,1705449599999,44150.36357142857,42788.68520000001,187.03453525152872,80.0,107564027294719,29.05232447794746,6,-1
1705449600000,42776.1,1705535999999,44145.42571428571,42887.82979999999,103.23664695740445,76.0,105858491294720,17.084187922050774,6,-1
1705536000000,41327.5,1705622399999,43943.74,42957.28699999999,-79.15128999051376,72.0,104152868894721,7.774613212328942,6,-1
1705622400000,41659.03,1705708799999,43766.16285714286,43035.9884,-194.69897517772915,68.0,105858577694720,15.870109603796756,6,-1
1705708800000,41696.04,1705795199999,43603.857142857145,43096.2588,-280.0566319463178,64.0,107564372894719,16.296026919907753,6,-1
1705795200000,41580.33,1705881599999,43436.093571428566,43138.8584,-352.97118773998227,60.0,105858491294720,14.9644167430042,6,-1
1705881600000,39568.02,1705967999999,42908.735,43130.7736,-566.601666635419,56.00000000000001,104152523294721,1.4305035699681798,6,-1
1705968000000,39897.6,1706054399999,42464.99214285715,43088.90359999999,-701.2276923610698,52.0,105858577694720,12.891666218572585,6,-1
1706054400000,40084.88,1706140799999,41995.77,43009.13480000001,-783.773009469638,48.0,107564718494719,14.68993171046463,6,-1
1706140800000,39961.09,1706227199999,41540.19357142857,42933.1028,-849.3883660707143,44.0,105858491294720,17.663271164105865,6,-1
1706227200000,41823.51,1706313599999,41471.67785714286,42904.1102,-742.5476526832863,40.0,107564804894719,65.07074443411423,6,-1
1706313600000,42120.63,1706399999999,41419.72357142857,42863.103,-626.6765792010192,36.0,109271204894718,70.98592278335094,6,-1
1706400000000,42031.06,1706486399999,41441.060000000005,42829.45220000001,-535.8979708693223,32.0,107564718494719,69.20272904095346,6,-1
1706486400000,43302.7,1706572799999,41497.60285714285,42819.71599999999,-357.2266626793062,28.000000000000004,109271291294718,94.5190234540643,6,-1
1706572800000,42941.1,1706659199999,41483.54214285714,42853.47,-242.01664443722984,24.0,107564632094719,82.33158637674192,6,-1
1706659200000,42580.0,1706745599999,41469.535,42875.2222,-177.8000586984199,20.0,105857886494720,75.55336977414704,6,-1
1706745600000,43082.94,1706831999999,41594.923571428575,42879.5004,-85.34113757885643,16.0,107564718494719,84.99406835655938,6,-1
1706832000000,43200.0,1706918399999,41704.99285714286,42883.0552,-2.5911436808746657,12.0,109271636894718,87.19140437289764,6,-1
1706918400000,43011.09,1707004799999,41798.925,42904.471,47.20125773414475,8.0,107564632094719,83.64537031475245,6,-1
1707004800000,42582.88,1707091199999,41870.53571428572,42910.56800000001,51.51529009367368,4.0,105857540894720,75.60743032196055,6,-1
1707091200000,42708.7,1707177599999,42094.87,42937.249,64.34508422044019,0.0,107564718494719,77.96920050456505,6,-1
1707177600000,43098.95,1707263999999,42323.53785714286,42946.072,104.79469404373958,0.0,109271982494718,82.18781902473066,6,-1
1707264000000,44349.6,1707350399999,42628.16071428572,42987.5442,235.0586938307315,100.0,110979332894717,99.03229134426904,6,-1
1707350400000,45288.65,1707436799999,43008.70071428572,43019.9386,409.348623078884,100.0,112686769694716,94.37737621249424,6,-1
1707436800000,47132.77,1707523199999,43387.93357142857,43085.358,688.3449081242507,100.0,114394292894715,84.31849372434117,6,-1
1707523200000,47751.09,1707609599999,43790.10928571429,43160.999,948.412027084305,96.0,116101902494714,93.17681963889169,6,-1
1707609600000,48299.99,1707695999999,44237.89,43252.95560000001,1185.1470971859526,100.0,117809598494713,95.68828099908946,6,-1
1707696000000,49917.27,1707782399999,44710.35928571429,43391.471000000005,1486.1311310583403,100.0,119517380894712,95.05889564453864,6,-1
1707782400000,49699.59,1707868799999,45193.10857142857,43513.940200000005,1687.6440791799105,100.0,117809512094713,92.11463957672552,6,-1
1707868800000,51795.17,1707955199999,45851.335,43699.665,1993.4609578600137,100.0,119517467294712,97.5536029088246,6,-1
1707955200000,51880.0,1708041599999,46479.69642857142,43868.688,2217.110638217812,100.0,121225508894711,91.15947528085007,5,-1
1708041600000,52124.11,1708127999999,47117.132857142846,44059.895,2386.541691054066,96.0,122933636894710,93.4635692455227,5,-1
1708128000000,51642.64,1708214399999,47733.67214285714,44251.4088,2453.6818983639023,92.0,121225422494711,88.91909289809354,5,-1
1708214400000,52137.67,1708300799999,48416.15714285714,44451.3566,2517.812010662332,88.0,122933723294710,93.5696480188511,5,-1
1708300800000,51774.73,1708387199999,49063.73071428571,44641.1796,2510.410907640733,84.0,121225336094711,89.82789559702499,5,-1
1708387200000,52258.82,1708473599999,49718.00714285714,44802.765,2514.620517437019,100.0,122933809694710,92.87849367461018,5,-1
1708473600000,51849.39,1708559999999,50253.70642857142,44940.8146,2456.600918075856,96.0,121225249694711,86.87747720680849,5,-1
1708560000000,51288.42,1708646399999,50682.26142857142,45109.6784,2338.398771361826,92.0,119516603294712,78.08851486785275,5,-1
1708646400000,50744.15,1708732799999,50940.217142857146,45241.5394,2175.7242829521274,88.0,117807870494713,63.76960388035572,5,-1
1708732800000,51568.22,1708819199999,51212.86928571428,45390.0016,2089.2159597484933,84.0,119516689694712,73.8979041386629,5,-1
1708819200000,51728.85,1708905599999,51457.78785714285,45545.2122,2010.4438437371136,80.0,121225595294711,76.18668471409421,5,-1
1708905600000,54476.47,1708991999999,51783.44500000001,45756.1612,2145.000119298151,100.0,122934587294710,93.4403582965782,5,-1
1708992000000,57037.34,1709078399999,52307.57,45957.8872,2430.2631828368685,100.0,124643665694709,93.41383738643611,5,-1
1709078400000,62432.1,1709164799999,53067.35071428572,46284.3292,3056.415803183881,100.0,126352830494708,88.36783144150158,5,-1
1709164800000,61130.98,1709251199999,53728.135,46573.869000000006,3408.367220228589,96.0,124643579294709,78.71488982862232,5,-1
1709251200000,62387.9,1709337599999,54461.26285714286,46894.8438,3745.53796326671,92.0,126352916894708,88.03991394020329,5,-1
1709337600000,61987.28,1709423999999,55200.16571428572,47278.9348,3935.0605914217376,88.0,124643492894709,85.06773499517769,5,-1
1709424000000,63113.97,1709510399999,55984.18714285714,47684.254400000005,4128.581390216452,84.0,126353003294708,93.42658950960754,5,-1
1709510400000,68245.71,1709596799999,57160.68571428572,48214.5216,4642.520461748311,100.0,128062600094707,98.59111135832688,5,-1
1709596800000,63724.01,1709683199999,57979.62785714285,48638.7798,4631.567649281838,100.0,126352916894708,71.44872558038857,5,-1
1709683200000,66074.04,1709769599999,58995.67428571428,49097.50159999999,4757.671768867571,96.0,128062686494707,84.16602630012443,5,-1
1709769600000,66823.17,1709855999999,60105.29928571429,49578.44300000001,4862.012469182693,92.0,129772542494706,88.21997943611666,5,-1
1709856000000,68124.19,1709942399999,61346.73071428571,50114.376800000005,4992.138402829216,100.0,131482484894705,90.3849007987632,5,-1
1709942400000,68313.27,1710028799999,62542.805714285714,50647.4616,5052.281759357633,96.0,133192513694704,91.21604772701558,5,-1
1710028800000,68955.88,1710115199999,63773.30785714286,51192.6584,5093.089098411438,92.0,134902628894703,94.58251434366974,5,-1
1710115200000,72078.1,1710201599999,65030.56714285714,51802.6138,5316.0857418477535,100.0,136612830494702,96.06591218357408,5,-1
1710201600000,71452.01,1710287999999,66060.18642857143,52440.2936,5380.271536655717,100.0,134902542494703,90.50787489690734,5,-1
1710288000000,73072.41,1710374399999,66820.20857142858,53103.789800000006,5498.508594848223,100.0,136612916894702,96.05442037520702,5,-1
1710374400000,71388.94,1710460799999,67552.92,53729.871,5394.189496909617,100.0,134902456094703,83.83387489845656,5,-1
1710460800000,69499.85,1710547199999,68060.91642857144,54320.6462,5100.289126765012,96.0,133191908894704,71.04555916598974,5,-1
1710547200000,65300.63,1710633599999,68297.58428571429,54790.1886,4476.921838170063,92.0,131481275294705,42.618670457622514,5,-1
1710633600000,68393.48,1710719999999,68674.69214285715,55315.6456,4184.232687981188,88.0,133191995294704,63.555916598971,5,-1
1710720000000,67609.99,1710806399999,68629.28357142858,55827.2242,3844.733636545687,84.0,131481188894705,58.25203086921206,5,-1
1710806400000,61937.4,1710892799999,68501.66857142858,56199.9182,3082.4154209019543,80.0,129770296094706,3.1287841597120067,5,-1
1710892800000,67840.51,1710979199999,68627.845,56697.9064,2920.9336802021426,76.0,131481275294705,54.34171665897551,5,-1
1710979200000,65501.27,1711065599999,68533.42357142856,57156.3318,2574.5236134977167,72.0,129770209694706,36.350330718351,5,-1
1711065600000,63796.64,1711151999999,68224.31285714285,57570.6058,2137.7985343019755,68.0,128059057694707,23.239809260113823,5,-1
1711152000000,63990.01,1711238399999,67915.50857142857,57986.406,1786.6981613218013,64.0,129770296094706,24.72704199353948,5,-1
1711238400000,67209.99,1711324799999,67790.80214285714,58470.384000000005,1748.1227903393738,60.0,131481620894705,49.49230887555764,5,-1
1711324800000,69880.01,1711411199999,67633.79571428572,59016.32659999999,1910.971342528748,56.00000000000001,133193032094704,70.027764959237,5,-1
1711411200000,69988.0,1711497599999,67529.22357142858,59561.9126,2025.396375240889,52.0,134904529694703,70.85832948777112,5,-1
1711497600000,69469.99,1711583999999,67271.90785714285,60089.3334,2050.641442177861,48.0,133192945694704,66.8742501153669,5,-1
1711584000000,70780.6,1711670399999,67228.455,60617.9534,2151.6012930011057,44.0,134904616094703,85.92399467225891,5,-1
1711670400000,69850.54,1711756799999,67253.50428571428,61109.1912,2131.988397856898,40.0,133192859294704,82.54588186499844,5,-1
1711756800000,69582.18,1711843199999,67559.32928571428,61558.17939999999,2070.918370061787,36.0,131481016094705,80.10503395321676,5,-1
1711843200000,71280.01,1711929599999,67765.51,62028.7578,2134.9107030421146,32.0,133192945694704,95.54751722218484,5,-1
1711929600000,69649.8,1712015999999,67911.21071428571,62455.75399999999,2030.672437393761,28.000000000000004,131480929694705,80.72006650573837,5,-1
1712016000000,65463.99,1712102399999,68163.11,62766.6884,1591.9519450778753,24.0,129768827294706,42.648350908723785,5,-1
1712102400000,65963.28,1712188799999,68029.02214285715,63091.9622,1269.9125628352049,20.0,131481016094705,38.942787979229294,5,-1
1712188800000,68487.79,1712275199999,68242.345,63425.8146,1204.5159805899748,16.0,133193291294704,65.48991854495588,5,-1
1712275200000,67820.62,1712361599999,68529.77214285715,63744.627,1086.3311257757305,12.0,131480929694705,54.97004403879792,5,-1
1712361600000,68896.0,1712447999999,68880.2,64080.06480000001,1067.1416113112937,8.0,133193377694704,64.06839851198853,5,-1
1712448000000,69360.39,1712534399999,69033.8,64434.4198,1076.9912895934394,4.0,134905912094703,66.89122610276692,5,-1
1712534400000,71620.0,1712620799999,69158.08499999999,64824.0664,1252.688658166706,0.0,136618532894702,85.81575740645299,5,-1
1712620800000,69146.0,1712707199999,69097.94214285714,65171.4918,1178.7115120840317,96.0,134905825694703,56.02618688680923,5,-1
1712707200000,70631.08,1712793599999,69180.87714285715,65538.93699999999,1225.7875200012204,92.0,136618619294702,73.9081171161191,5,-1
1712793600000,70006.23,1712879999999,69125.56499999999,65902.0738,1198.8557595944294,88.0,134905739294703,66.384263785804,5,-1
1712880000000,67116.52,1712966399999,68930.27785714286,66218.6358,933.575026972656,84.0,133192772894704,31.589106216556004,5,-1
1712966400000,63924.51,1713052799999,68526.15857142858,66482.243,460.4616891410842,80.0,131479720094705,26.891546967971784,5,-1
1713052800000,65661.84,1713139199999,68124.8607142857,66764.1154,223.1318468042009,76.0,133192859294704,41.20537972649866,5,-1
1713139200000,63419.99,1713225599999,67679.87428571428,66997.9382,-144.19018746890652,72.0,131479633694705,22.73481514193294,5,-1
1713225600000,63793.39,1713311999999,67560.54571428572,67184.2766,-400.548018452464,68.0,133192945694704,25.81125148507672,5,-1
1713312000000,61277.37,1713398399999,67225.83785714286,67269.0772,-797.5416692976723,64.0,131479547294705,12.189258549844006,5,-1
1713398400000,63470.08,1713484799999,66867.43,67289.83679999999,-924.5707499393902,60.0,133193032094704,28.90220376331094,5,-1
1713484800000,63818.01,1713571199999,66581.52928571428,67343.57740000001,-985.8034399015304,56.00000000000001,134906603294703,31.959436216754373,5,-1
1713571200000,64940.59,1713657599999,66299.0,67394.6312,-932.9930010980606,52.0,136620260894702,40.46513178531861,5,-1
1713657600000,64941.15,1713743999999,65983.34,67453.7086,-880.9402299432259,48.0,138334004894701,40.46937485887991,5,-1
1713744000000,66819.32,1713830399999,65640.43428571429,67527.8156,-680.2934123154555,44.0,140047835294700,59.37821285751654,5,-1
1713830400000,66414.0,1713916799999,65445.29142857144,67491.1814,-547.6720775664435,40.0,138333918494701,58.20997652461839,5,-1
1713916800000,64289.59,1714003199999,64992.32785714285,67502.493,-606.9938001697446,36.0,136619915294702,40.061746746079706,5,-1
1714003200000,64498.34,1714089599999,64598.90714285714,67470.979,-629.9012033470281,32.0,138334004894701,42.12729360263852,5,-1
1714089600000,63770.01,1714175999999,64359.87071428571,67409.9158,-698.770636567453,28.000000000000004,136619828894702,50.06609444842653,5,-1
1714176000000,63461.98,1714262399999,64326.83285714285,67316.6716,-769.3371653120266,24.0,134905566494703,50.60007808876438,5,-1
1714262400000,63118.62,1714348799999,64145.17428571429,67212.77859999999,-843.2474979146064,20.0,133191217694704,46.101326722866105,5,-1
1714348800000,63866.0,1714435199999,64177.03214285715,67110.981,-831.9247385814306,16.0,134905652894703,55.89360536873352,5,-1
1714435200000,60672.0,1714521599999,63954.07571428572,66882.859,-1068.3650298322827,12.0,133191131294704,18.411217859030565,5,-1
1714521600000,58364.97,1714607999999,63746.04714285715,66621.1182,-1425.471753406804,8.0,131476523294705,16.968443367826115,5,-1
1714608000000,59060.61,1714694399999,63431.08500000001,66340.8822,-1633.5188815246584,4.0,133191217694704,23.48221316855704,5,-1
1714694400000,62882.01,1714780799999,63364.22785714286,66170.7436,-1473.062142796196,0.0,134905998494703,59.26468674183226,5,-1
1714780800000,63892.04,1714867199999,63289.33142857143,66058.5874,-1249.988947008409,0.0,136620865694702,68.72231268604514,5,-1
1714867200000,64012.0,1714953599999,63222.963571428576,66032.81480000001,-1051.4021531916733,4.0,138335819294701,69.84558309213978,5,-1
1714953600000,63165.19,1715039999999,62961.95428571429,65928.24900000001,-951.384213270394,0.0,136620779294702,62.20368591718498,5,-1
1715040000000,62312.08,1715126399999,62668.96,65822.2908,-930.2349530668798,0.0,134905652894703,54.75825781712771,5,-1
1715126400000,61193.03,1715212799999,62447.77714285714,65807.4034,-992.3329976018284,0.0,133190440094704,51.86226274647429,5,-1
1715212800000,63074.01,1715299199999,62346.03928571429,65712.0734,-879.6269869371681,32.0,134905739294703,72.88542311655742,5,-1
1715299200000,60799.99,1715385599999,62133.895,65618.0478,-962.703622605164,28.000000000000004,133190353694704,47.46937023732615,5,-1
1715385600000,60825.99,1715471999999,61945.61,65558.6348,-1014.7470992954186,24.0,134905825694703,47.75996459219551,5,-1
1715472000000,61483.99,1715558399999,61828.850714285705,65508.51440000001,-991.4678049724462,20.0,136621384094702,55.1142371115815,5,-1
1715558400000,62940.08,1715644799999,61762.71357142857,65423.1162,-845.7749355744236,16.0,138337028894701,71.38852688780155,5,-1
1715644800000,61577.49,1715731199999,61827.39142857143,65257.0658,-830.686277948349,12.0,136621297694702,56.159259118515536,5,-1
1715731200000,63642.01,1715817599999,62204.322857142855,65130.14600000001,-644.7071156720922,8.0,138337115294701,78.36568019226473,5,-1
