Open time,price_normalized,5_reg,20_reg,phase,class
1674345600000,0.5284101025001933,0.0228469593154445,-0.0007959506013245,1,-1
1674432000000,0.6124264705882364,-0.0747929359297659,-0.0047476481918883,6,-1
1674518400000,0.2430534700473337,-0.1188472494114123,-0.0114626363674191,1,-1
1674604800000,0.5016977313035272,-0.0043279342092593,-0.0133572054645268,6,-1
1674691200000,0.3691439670721038,-0.0429261010140888,-0.0149332897017101,1,-1
1674777600000,0.5587698938992036,0.0018777343646704,-0.0174768832603312,6,-1
1674864000000,0.4641592065434373,0.0499283635587883,-0.0162161912984643,1,-1
1674950400000,0.7801728479622867,0.0651965472788851,-0.0188335880537656,6,-1
1675036800000,0.2507862300174561,-0.0015312520046212,-0.0205839831067202,1,-1
1675123200000,0.6780232308378648,0.002513369735134,-0.0140501136167433,2,-1
1675209600000,0.9239854432123752,0.0817502856213453,-0.0058195401802048,6,-1
1675296000000,0.1409283078958858,-0.0605289866937883,-0.0063669934410701,7,-1
1675382400000,0.4447053298896488,-0.0149256723197594,-0.0039985453541187,7,-1
1675468800000,0.2183212509735818,-0.1398684073051293,-0.0065319039122832,7,-1
1675555200000,0.275100314342415,-0.1220377314662225,-0.0072339718699051,7,-1
1675641600000,0.2535086395533081,0.005555564776761,-0.0124188250230185,1,-1
1675728000000,0.8183698115704656,0.0782516351941359,-0.0116823893290834,6,-1
1675814400000,0.3779813012783831,0.0862589597837653,-0.0093537910760709,7,-1
1675900800000,0.0818730684076489,-0.0261981830144457,-0.00783087543252,7,-1
1675987200000,0.3575621972247285,-0.0528389627819976,-0.0100990174266376,1,-1
1676073600000,0.8572127617929135,0.005726679639124,-0.0028616512639841,6,-1
1676160000000,0.333782608695654,0.0686942308219806,-0.0022697245731985,7,-1
1676246400000,0.7775040447124577,0.1367482364080542,-0.0007521121705743,1,-1
1676332800000,0.8483549745011492,0.0901876837472385,0.0050578280538807,2,-1
1676419200000,0.9760151239754448,0.0752177090170556,0.0100772414398068,6,-1
1676505600000,0.0071471557529738,-0.0454759826622373,0.003337189226737,1,-1
1676592000000,0.7317421242284783,-0.0932731659716134,0.0062841486248371,2,-1
1676678400000,0.4517897091722611,-0.1037403530404744,0.0098190965555369,6,-1
1676764800000,0.0792351640435034,-0.1348917366444595,0.0001669098571331,1,-1
1676851200000,0.7820759137769453,0.0897350555862967,0.0075591242069337,6,-1
1676937600000,0.2757838171486663,-0.058163040955494,0.0114457379988766,7,-1
1677024000000,0.674003727700364,0.0640976690161368,0.0096318869118447,7,-1
1677110400000,0.3350174971510409,0.0403492480138493,0.0069702375103939,7,-1
1677196800000,0.2665045385544798,-0.0971909070442556,-7.970978962446276e-05,7,-1
1677283200000,0.875163438134892,0.0791260052826566,0.0023895255025462,1,-1
1677369600000,0.7857675052709964,0.0763673496125115,0.0023384042965439,6,-1
1677456000000,0.4869947675741249,0.0823217507562684,0.0061375724624847,7,-1
1677542400000,0.2082793637635334,-0.0504619020142659,-0.0005001024546889,1,-1
1677628800000,0.6213863689704803,-0.1085042279836287,-0.0056564509931586,6,-1
1677715200000,0.4482638137863314,-0.0540615781572975,-0.0097442908432569,7,-1
1677801600000,0.2544859279329529,-0.0225033229259546,-0.0088475601733592,7,-1
1677888000000,0.7492092361220911,0.0714959303679587,-0.0082416841588968,1,-1
1677974400000,0.5096961109818786,0.0077564906358555,-0.0046759979761366,6,-1
1678060800000,0.441616548999101,0.0241915653474464,-0.0005614593758194,7,-1
1678147200000,0.4294748854828726,0.0042385227976849,0.0060069501892766,7,-1
1678233600000,0.1774257425742555,-0.1223788212594677,-0.0055013925546125,7,-1
1678320000000,0.1782655515073063,-0.092705192537399,-0.0058128228668694,7,-1
1678406400000,0.7348324762730698,0.033522252057237,-0.0017613028033283,1,-1
1678492800000,0.749555063593351,0.119756708991977,-0.0038075284712309,2,-1
1678579200000,0.918649569011387,0.2053737164960307,0.0066513673257124,2,-1
1678665600000,0.8561047160960789,0.1539495421915862,0.0080173055699839,2,-1
1678752000000,0.2879088966790439,-0.0787297506685324,0.0066811804719751,6,-1
1678838400000,0.2990030922601183,-0.1531844614998809,0.0007317234465583,1,-1
1678924800000,0.8385484488701624,-0.071730386411841,0.0014624306729045,2,-1
1679011200000,0.8738297219237909,0.0586089563846541,0.0114473433568268,6,-1
1679097600000,0.2872999956402337,0.0573608827586052,0.0116437508098415,1,-1
1679184000000,0.733037725225225,0.0316820812700284,0.0142399510370983,6,-1
1679270400000,0.439723048837501,-0.0938442796763889,0.0078751826578203,1,-1
1679356800000,0.7066537496146921,-0.0181928891420931,0.0114984165747562,6,-1
1679443200000,0.2864511858797581,-0.0028081595131484,0.0062570210697979,1,-1
1679529600000,0.7236534954407294,-0.0172040322526734,0.004445049275028,6,-1
1679616000000,0.3306919886487676,-0.0201062374551429,0.004125247185453,1,-1
1679702400000,0.4861225524364739,-0.0396821591587427,0.002873444779313,2,-1
1679788800000,0.708552224969096,0.0606671135174419,0.0037597176314981,6,-1
1679875200000,0.4069155252949093,-0.0255615703971312,-0.0002562227340539,1,-1
1679961600000,0.7084843844993358,0.0676377764559571,-0.0039098359987194,2,-1
1680048000000,0.7862259734732951,0.0600139001603881,-0.0072381794180848,6,-1
1680134400000,0.2285544612592406,-0.0580685079241325,-0.0106595861125766,1,-1
1680220800000,0.8328966444828747,0.0372032315135835,-0.0044537508183445,6,-1
1680307200000,0.3877952755905505,-0.0594707546807991,-0.002061918950394,7,-1
1680393600000,0.4683106432887433,-0.0476589846037794,0.0012908592798766,7,-1
1680480000000,0.4610878339419553,0.0100480744171297,-0.0038479094370196,1,-1
1680566400000,0.6431011322203054,-0.0306298466173734,-0.0064717361238667,2,-1
1680652800000,0.3762346633673567,0.0151669264485174,-0.0049062443891464,6,-1
1680739200000,0.6853200297208368,0.0349165602289587,0.0023270340116248,7,-1
1680825600000,0.4185131808082703,-0.0042930408766838,-0.0032287364574441,1,-1
1680912000000,0.2681352839814855,-0.0707653179036726,-0.0040921115045282,2,-1
1680998400000,0.7174794520547924,0.026530483163552,-0.0024684670991777,2,-1
1681084800000,0.9170875,0.0762501211804847,0.005803737321846,2,-1
1681171200000,0.6358541666666648,0.1083634187735303,0.0031071036432174,6,-1
1681257600000,0.2953924110299301,-0.0027111031291238,0.0019245069436179,1,-1
1681344000000,0.7013006307316219,-0.0654052731616411,0.0009799453571932,2,-1
1681430400000,0.4844584139264993,-0.0799811708082045,-0.0011655016156383,6,-1
1681516800000,0.2365091463414646,-0.0609624037753831,-0.0033385310575757,1,-1
1681603200000,0.4294285913625916,-0.0196719123724834,-0.0068084139434989,6,-1
1681689600000,0.1763234487311806,-0.110498418656479,-0.0091663252496021,1,-1
1681776000000,0.924370776966186,0.0819639028469088,0.0011898946295989,6,-1
1681862400000,0.1463404329479853,0.0314604758816635,-0.0085816809046035,7,-1
1681948800000,0.2166836687378295,-0.0455472861032719,-0.0076824779543504,7,-1
1682035200000,0.1103585210805272,-0.0839616963529663,-0.0144034859820955,1,-1
1682121600000,0.9112706601829244,-0.0062182145433982,-0.0079943986161356,6,-1
1682208000000,0.5525118670886063,0.1506929859726337,-0.0074905865124786,7,-1
1682294400000,0.5373824703456369,0.1083550949223693,-0.0044664942137573,1,-1
1682380800000,0.9178801149016128,0.1241154997804883,-6.142693428334746e-05,2,-1
1682467200000,0.421381649410925,-0.0614409773730992,0.0013165959437105,2,-1
1682553600000,0.7238971902007758,0.0226769825289626,0.0032004295047593,6,-1
1682640000000,0.5937561746690381,-0.0081235516054034,0.0003914937821611,7,-1
1682726400000,0.4772901311381263,-0.0708805442268861,0.0025240098799216,1,-1
1682812800000,0.1726455383232177,-0.0744079281238064,0.0038173533349749,6,-1
1682899200000,0.2402492831015498,-0.1388406450544273,0.0027553998532928,1,-1
1682985600000,0.791622018494265,0.0158690839613876,0.0047893823650094,5,-1
1683072000000,0.7914082760175896,0.1247212769929973,0.0124831786299215,6,-1
1683158400000,0.2436783535095433,0.0693224623288691,0.0087929370218018,1,-1
1683244800000,0.8045724059293051,0.0580702580670787,0.0095625544343765,6,-1
1683331200000,0.3606578947368425,-0.0848764117603129,0.0061824020075612,7,-1
1683417600000,0.0469275697790204,-0.137198187124984,-0.0055725946118907,7,-1
1683504000000,0.2971417301553687,-0.0650718082858634,-0.0017472493531547,7,-1
1683590400000,0.5919784946236568,-0.0488703987192771,-0.0050514383845413,7,-1
1683676800000,0.5286537743981684,0.0881042684167287,-0.0088197160294985,7,-1
1683763200000,0.2872242993675178,0.0712105503419794,-0.018184932274235,7,-1
1683849600000,0.7686025975649777,0.0638167539563078,-0.0082932981202285,7,-1
1683936000000,0.2355554298002364,-0.0472897306480031,-0.0114666975882333,1,-1
1684022400000,0.5584155628880159,0.0007854707412412,-0.0097900684309431,2,-1
1684108800000,0.4651713435510184,0.0145707053690038,-0.0034692707148651,6,-1
1684195200000,0.4085840190656055,-0.0490421243247963,-0.0051155477339947,1,-1
1684281600000,0.9011923080949248,0.1181442212766965,0.0050712422459993,6,-1
1684368000000,0.4092765071655393,0.0137742853098952,0.0059091963014723,1,-1
1684454400000,0.4520592485549116,-0.002553170189228,0.0057968078811979,2,-1
1684540800000,0.8535812121025584,0.0440861326533892,0.0066482109071329,6,-1
1684627200000,0.1336832810047094,-0.1090713349243412,-0.0027411780955581,1,-1
1684713600000,0.5538028770830387,-0.0029323227715203,0.0027372763400431,2,-1
1684800000000,0.6041105314452779,0.0004324230761212,0.0092886594400766,6,-1
1684886400000,0.2181615471727912,-0.0800412079418966,0.001959769168154,1,-1
1684972800000,0.7918799089581514,0.0980751925996636,0.0117214485108257,2,-1
1685059200000,0.6260001322488887,0.0332163887844573,0.012123326726749,2,-1
1685145600000,0.8815988372093035,0.0962815196604148,0.0108239674201981,2,-1
1685232000000,0.8688542112013682,0.1391104256308305,0.0120381471654458,6,-1
1685318400000,0.229583541093072,-0.088173865677768,0.0079154880833886,7,-1
1685404800000,0.289729462019442,-0.1324556636575125,0.0041971472569155,7,-1
1685491200000,0.3726442548921225,-0.159703391381629,-0.0017894561908397,7,-1
1685577600000,0.2857641452446484,-0.1023119418114389,-0.0015449451515307,1,-1
1685664000000,0.9277861635220128,0.1392439928083088,0.000180847638794,6,-1
1685750400000,0.3687972081460958,0.0713277400883197,-0.0020220729729432,1,-1
1685836800000,0.3258005634697015,-0.0010654319943394,-0.0060263681301276,6,-1
1685923200000,0.1953679084378035,-0.0782778073666001,-0.0125778908810242,1,-1
1686009600000,0.9375096666683298,-0.0153982293415658,-0.0004287371678219,6,-1
1686096000000,0.169195427705328,0.0212505542317092,-0.0070772053169963,1,-1
1686182400000,0.4810166666666676,0.0284259725661456,-0.0082345431892063,6,-1
1686268800000,0.4049316349187813,-0.0037365547039706,-0.0041825345989597,7,-1
1686355200000,0.4109382839939785,-0.081740655813525,-0.010736865156276,1,-1
1686441600000,0.5083190604355244,0.0608168882787703,-0.0096834992744525,6,-1
1686528000000,0.6009080635247908,0.0343170219232988,-0.0064447052470666,1,-1
1686614400000,0.3076154529307289,-0.0004662584445292,-0.0134849212461231,6,-1
1686700800000,0.2411385270541063,-0.054030312138454,-0.012550613790803,1,-1
1686787200000,0.8326190550672078,0.0288830452792681,-0.0049575563466389,2,-1
1686873600000,0.871130180864694,0.1065447836816285,0.0069107239160847,2,-1
1686960000000,0.5098559917449442,0.1034472731439018,0.013432455737641,6,-1
1687046400000,0.1893954745018627,-0.042624916842675,0.0058222796937988,1,-1
1687132800000,0.7242815596194586,-0.089840969725833,0.0068634390558743,2,-1
1687219200000,0.9458800278739276,0.0363925261892981,0.0117260099607778,2,-1
1687305600000,0.6828848037576559,0.1102542177397487,0.0105977063493131,6,-1
1687392000000,0.3687537844189676,0.0317319863972406,0.0145218325869939,1,-1
1687478400000,0.5444440359326941,-0.0936801290828489,0.0129703283540526,6,-1
1687564800000,0.5044181818181823,-0.1021364459936453,0.0099040012474623,7,-1
1687651200000,0.240943631915889,-0.0748217946284319,0.0007456911028942,7,-1
1687737600000,0.459225543478263,-0.0122556885898214,0.006355186819657,1,-1
1687824000000,0.6064906347554613,0.0078900559305614,0.0026564163427535,6,-1
1687910400000,0.2569041295508496,-0.0129481101695093,-0.0017705405964054,1,-1
1687996800000,0.5004156171284657,0.0316622556497739,-0.003583093271278,2,-1
1688083200000,0.5454545454545454,0.0066382986325568,-0.0048009757925001,2,-1
1688169600000,0.7780253936603896,0.0631619933713552,-0.0013611065105175,2,-1
1688256000000,0.7264622641509416,0.1216726045732107,0.0023985048299203,2,-1
1688342400000,0.7236115742284472,0.0627399632896359,0.0012976527626476,6,-1
1688428800000,0.2005091078295839,-0.0744304694681865,-0.0089512854306272,7,-1
1688515200000,0.4495258601619323,-0.1182952223318273,-0.0062425783449255,7,-1
1688601600000,0.0272680427995511,-0.1672474156769296,-0.0083819753933047,1,-1
1688688000000,0.8605577689243037,0.0100651324361679,-0.0030525971777847,6,-1
1688774400000,0.7015247999065249,0.1413063292916253,-0.0055823925170025,7,-1
1688860800000,0.2590790842872002,0.0293363205357509,-0.0067573904578045,1,-1
1688947200000,0.4212250634251402,0.0186435356614074,-0.0014175414906145,2,-1
1689033600000,0.6271051145766366,-0.0747205045176719,0.0034998497279545,6,-1
1689120000000,0.2198512770772712,-0.0595321015369071,-0.0022767552491443,1,-1
1689206400000,0.7746780839557037,0.0829824212989137,0.0028707071626003,6,-1
1689292800000,0.2381560693641609,-0.0218565018742891,-0.0006246344179031,7,-1
1689379200000,0.4689366160293334,-0.0298032204807717,-0.0045828413641223,7,-1
1689465600000,0.4446270912320744,0.0143810160383236,-0.0057846173303152,7,-1
1689552000000,0.7064447592067995,0.0070004372370104,-0.0008989500537762,7,-1
1689638400000,0.4769710626837802,0.0715138129816704,-0.0049615723201973,1,-1
1689724800000,0.3447428183457019,-0.0216043623915557,-0.0073991789998209,6,-1
1689811200000,0.2705729474305976,-0.0709810228464051,-0.0099511198561166,1,-1
1689897600000,0.5229604007633609,-0.057336683214006,-0.0048119985908385,6,-1
1689984000000,0.4517250601765199,0.0127725577403138,-0.0011211233443982,1,-1
1690070400000,0.5705645161290323,0.0632795508312582,0.0046355861747293,6,-1
1690156800000,0.2541852498222468,0.0014828720148969,-0.0021567747858469,1,-1
1690243200000,0.5520328917313818,-0.0139394828418231,-0.0008430419785528,2,-1
1690329600000,0.43000708191414,-0.006196758092241,-0.0080939096331208,6,-1
1690416000000,0.2872591183524924,-0.0390788963461187,-0.0048324503232381,1,-1
1690502400000,0.4557862085421127,0.0138428144060842,-0.0008124047987893,2,-1
1690588800000,0.6416346026270563,0.0204982548419321,-0.0007538354831097,6,-1
1690675200000,0.5961371945353077,0.0686635709516899,0.0006396990742795,7,-1
1690761600000,0.3046473610462412,0.0175127471380692,0.0008568050419461,1,-1
1690848000000,0.9711672662650094,0.0693774873864977,0.0046501990688086,6,-1
1690934400000,0.2308124999999985,-0.0446614133524414,0.0054977212212625,1,-1
1691020800000,0.484903186985577,-0.0296302876145704,0.0023215530836525,6,-1
1691107200000,0.5831145107889033,0.0070670220205891,0.0038212589287409,7,-1
1691193600000,0.5385678898554151,-0.0512896742030284,0.0041290537903723,1,-1
1691280000000,0.4527930209652344,0.0497625744800309,0.0072041922018602,2,-1
1691366400000,0.88585323491099,0.0671578606027156,0.0132240673911444,2,-1
1691452800000,0.5685116851168492,0.0318079693711466,0.0120078170754341,6,-1
1691539200000,0.2621117536670406,-0.0437193608225134,0.004906827120396,7,-1
1691625600000,0.3244375299186202,-0.0880452463337178,0.0026939940497904,7,-1
1691712000000,0.5562213605921693,-0.0903337903835871,0.002966120657503,1,-1
1691798400000,0.4871229582122285,0.0131332153115886,0.0039704023997665,6,-1
1691884800000,0.1557851035437165,-0.004996787195304,-0.0046286998544441,1,-1
1691971200000,0.5540506350464691,0.0058789953207244,-0.0026874668671502,6,-1
1692057600000,0.3193376700177444,-0.0406839704314609,-0.006029033750787,7,-1
1692144000000,0.0138420552564351,-0.0783009239437559,-0.0158223187483087,7,-1
1692144000000,0.0138420552564351,-0.0824094676364596,-0.0225434962118648,7,-1
1692230400000,0.4028799053484746,-0.0607837074157298,-0.0201079641009066,7,-1
1692316800000,0.358437705998682,0.0467237922053914,-0.0186666710598851,1,-1
1692403200000,0.622866787522657,0.156264511527469,-0.0176928479265639,2,-1
1692489600000,0.6676017685622865,0.1527506308785885,-0.0060344805854276,6,-1
1692576000000,0.7054343443394102,0.0914272940545475,-0.0050689705047382,7,-1
1692662400000,0.9006218579495384,0.1166935860718465,0.0019831737839291,1,-1
1692748800000,0.6159272691142144,0.0219141052570366,0.0058938167718979,6,-1
1692835200000,0.442727667502486,-0.0539255277344797,0.0065774695441699,7,-1
1692921600000,0.5268392624324792,-0.0815084354260915,0.0072524971297365,7,-1
1693008000000,0.2248838040757972,-0.1440564114429218,0.0103403204304531,1,-1
1693094400000,0.6277068295391472,-0.0194284742576824,0.0151660413250021,2,-1
1693180800000,0.6559860330175331,0.0527384298136761,0.0154688419314299,2,-1
1693267200000,0.8079519103046137,0.0993327524686004,0.0183343826965319,6,-1
1693353600000,0.3763326367907587,0.0483142746195389,0.0179665892410393,7,-1
1693440000000,0.1478758085381632,-0.1239315438228742,0.0135146087636106,7,-1
1693526400000,0.5731833384007288,-0.0825681491000059,0.0104169458942254,1,-1
1693612800000,0.4979789814066196,-0.0423095156186018,0.0119056716781905,2,-1
1693699200000,0.5110746268656691,0.0619587153018277,0.0099598022030566,6,-1
1693785600000,0.4085694511440632,0.0459278573676739,0.0014376318539424,7,-1
1693872000000,0.6503244821038849,0.0064872757143755,-0.0042244702271557,7,-1
1693958400000,0.5804431527064097,0.0304178197837795,-0.0056992905490915,1,-1
1694044800000,0.7727118971682616,0.0695148242167531,-0.0053961458607163,6,-1
1694131200000,0.3297755061134509,-0.0035200474996848,-0.0078684365861585,7,-1
1694217600000,0.7071067699562186,-0.0137103070888292,-0.0038032001103501,7,-1
1694304000000,0.5852857975771465,-0.0055919837470569,-0.000940312797452,7,-1
1694390400000,0.2616010963398661,-0.0766711310193096,0.0005610899709564,1,-1
1694476800000,0.4936329692376273,-0.0117790747367999,0.0018429895384139,2,-1
1694563200000,0.7141876608688864,-0.0077491046514184,0.0037248410659471,2,-1
1694649600000,0.5396609060677077,0.0361336781510142,0.0040333205375215,2,-1
1694736000000,0.5662650602409639,0.0655355864632275,-6.51390762191195e-05,6,-1
1694822400000,0.3453915662650549,-0.0444405406573067,-0.0014719260306682,7,-1
1694908800000,0.5730657748048981,-0.047651311193063,0.0012448236779287,1,-1
1694995200000,0.3733436727572329,-0.0325833752057016,0.0036325538380658,2,-1
1695081600000,0.6649709480497172,0.0225363882109684,0.0040248929920834,6,-1
1695168000000,0.5521295210913467,0.0505381082897402,-0.0012360438900129,7,-1
1695254400000,0.2434838214605468,-0.0480378058354589,-0.0047987233217165,1,-1
1695340800000,0.405556971705323,-0.035706052869299,-0.0067377205040556,6,-1
1695427200000,0.5408286891204137,-0.0394857067244631,-0.0063985107653952,7,-1
1695513600000,0.2048794731207206,-0.0397155228281385,-0.0125218212663268,1,-1
1695600000000,0.6898330005047304,0.0692020859503764,-0.0075937388150034,6,-1
1695686400000,0.431321169772252,0.0200532707518174,-0.0075214832344061,1,-1
1695772800000,0.3535924329891329,-0.0148030815611031,-0.0052995723149457,2,-1
1695859200000,0.7028299933752891,0.0659660472993539,-0.0044520310469559,6,-1
1695945600000,0.4170907146430225,-0.0273975748120379,-0.0022896016058372,1,-1
1696032000000,0.3653919877324127,-0.0068360082425788,-0.0023531000749709,2,-1
1696118400000,0.9343722445160256,0.0824121617410908,0.0009315471495759,6,-1
1696204800000,0.1640817520946275,-0.0560214952688321,-0.0041359803037011,7,-1
1696291200000,0.5154063795976879,-0.0004678905728454,-0.0002065762674289,1,-1
1696377600000,0.9041115222981853,0.0658473204213206,0.0068189919966832,6,-1
1696464000000,0.075990057132445,-0.0976734604563604,0.0018862731683355,1,-1
1696550400000,0.674807427662503,0.0582035028670507,0.0027578676278028,2,-1
1696636800000,0.6108534570072959,-0.0038409939816466,0.0058153276617761,6,-1
1696723200000,0.5631194190952792,-0.0147120806530961,0.0049805424117388,7,-1
1696809600000,0.4535051447254528,0.0643342166618791,0.0068991030830845,7,-1
1696896000000,0.2108009153318054,-0.1085361336943238,0.0038867474251395,7,-1
1696982400000,0.3588465266903164,-0.0856332364397433,-0.0013707479808625,7,-1
1697068800000,0.5219620446893188,-0.0176973366847057,-0.0019124497126828,1,-1
1697155200000,0.397752808988764,0.0199656457884135,-0.002267745097557,6,-1
1697241600000,0.3164822016153106,0.0250268854865458,-0.008873358765007,1,-1
1697328000000,0.7130782551331744,0.0502983613811707,-0.0023239772182356,2,-1
1697414400000,0.4807608386958235,0.0232923034157419,-0.003210136924809,6,-1
1697500800000,0.5999853030330848,0.0568743625169154,-0.0036947312087394,7,-1
1697587200000,0.2109971530333901,-0.032406304926393,-0.0045925373888899,1,-1
1697673600000,0.7510750646263916,-0.0193770066675999,-0.0015470193979327,2,-1
1697760000000,0.6694757129003358,0.052851951000233,-0.0009857342249338,2,-1
1697846400000,0.4862546710080617,0.0231017295816899,0.0054847375241302,2,-1
1697932800000,0.5797039473684196,0.0472593195051728,0.0018015784889938,2,-1
1698019200000,0.6558638703582101,-0.028019415406828,0.0041286535319197,2,-1
1698105600000,0.4454826242206863,-0.0278376978009151,0.0093765175512188,2,-1
1698192000000,0.5619755124501323,0.0017220359736407,0.003902631122423,6,-1
1698278400000,0.3733564433013749,-0.0506583366042167,0.0044583924805969,7,-1
1698364800000,0.5866986710379931,-0.0210456579559745,0.0075054101635516,1,-1
1698451200000,0.3489492049958148,-0.0168343679861882,0.0064386345540138,2,-1
1698537600000,0.726597651534549,0.0304837039863272,0.009358145523926,6,-1
1698624000000,0.5193025366886944,0.0431791167271194,0.0050734602434953,1,-1
1698710400000,0.8839379430329676,0.0764831875682828,0.0078715022685956,2,-1
1698796800000,0.8918436491738574,0.1243129179854503,0.012568379979388,6,-1
1698883200000,0.3807678383847959,-0.0319118513814344,0.0074467632814039,7,-1
1698969600000,0.7220568663036888,-0.0097661445418183,0.0059430253178742,1,-1
1699056000000,0.7119673942253137,-0.0513727880485477,0.0099473082754041,6,-1
1699142400000,0.605021459227465,-0.0242444824052267,0.0087572928958454,1,-1
1699228800000,0.5817088458114472,0.0284846607777077,0.008929873647952,2,-1
1699315200000,0.6418304101279202,-0.0290711460765404,0.0038468991267223,2,-1
1699401600000,0.5215904572564624,-0.0343944923037248,0.0049258874060236,2,-1
1699488000000,0.4786501462150185,-0.0312861014579878,0.0044481214888627,2,-1
1699574400000,0.8132257822840426,0.0299853609032288,0.0061439994355698,6,-1
1699660800000,0.624647592839894,0.0257269690451527,0.0061297322556428,7,-1
1699747200000,0.6781031112558988,0.0459022754623747,0.00801405600936,7,-1
1699833600000,0.1197522557811597,-0.0852918451895862,-0.0014333126464742,7,-1
1699920000000,0.3864146090534991,-0.1358517683519821,-0.0047420376166906,1,-1
1700006400000,0.9535114503816784,0.0366039212881168,-0.0026635736095349,6,-1
1700092800000,0.2731010808630448,0.002375513381481,-0.0078091097922632,1,-1
1700179200000,0.8018106294600048,0.1250803219167235,-0.008684016037543,6,-1
1700265600000,0.5840668156123,0.0243603592195927,-0.0073876726096811,1,-1
1700352000000,0.8744242728364316,0.0152791379658761,-0.005002114183819,2,-1
1700438400000,0.7192730661696168,0.096495761398957,0.0003903819369788,6,-1
1700524800000,0.0034736006351734,-0.1461467807092347,-0.0040703852974631,1,-1
1700611200000,0.7968857246679126,-0.0445312854090034,-0.0039304168724094,6,-1
1700697600000,0.5415602981721607,-0.0588115290830246,-0.0026749215974977,1,-1
1700784000000,0.3974743868764449,-0.0105510661049356,-0.0033656805270983,2,-1
1700870400000,0.6384978107106729,0.0870637082359531,-0.0018289458983582,6,-1
1700956800000,0.4475121496170823,-0.0601809637563148,-0.0034390121308819,7,-1
1701043200000,0.621295941918044,0.0209509050232404,-0.0014153653583283,1,-1
1701129600000,0.630032016651311,0.0447913390757102,-0.0011345641902475,2,-1
1701216000000,0.3234545454545448,-0.0447566663478028,-0.0060745161074287,6,-1
1701302400000,0.3467678253464421,-0.049933004500478,-0.0051652711246727,1,-1
1701388800000,0.7711872984658072,0.0016518521790656,-0.0004690006345363,2,-1
1701475200000,0.7519455524253148,0.0691559824559269,0.0045760618110248,2,-1
1701561600000,0.7151793588612936,0.118862735389237,0.0001687855159659,2,-1
1701648000000,0.8247771413630526,0.0900010692428707,0.0006422709352621,2,-1
1701734400000,0.8651008458035132,0.0260658683613148,0.0099867781497774,6,-1
1701820800000,0.4443254706683473,-0.0465318676571715,0.0027098352302302,7,-1
1701907200000,0.3686420981381957,-0.1073526192140901,0.0024422664932789,1,-1
1701993600000,0.6732287355611826,-0.0799555559269059,0.003739256465259,6,-1
1702080000000,0.1668885987252878,-0.1167521229263616,0.0022533292657555,1,-1
1702166400000,0.4660699588477408,-0.0158264523054121,0.0036556290215497,6,-1
1702252800000,0.287899511514306,-0.0368643949961221,-0.0084087035992837,1,-1
1702339200000,0.5704505238322599,-0.0084545510668827,-0.0043367414705155,2,-1
1702425600000,0.7924217519347994,0.1355446871403541,-0.0007847118385827,2,-1
1702512000000,0.8030990099009911,0.1178580342526993,0.0002675740765246,6,-1
1702598400000,0.193877623143746,0.0044604709327611,-0.0041876315075543,1,-1
1702684800000,0.6012256237549455,-0.0536993928945683,-0.0051705412241286,6,-1
1702771200000,0.1046439205849492,-0.1577429048845746,-0.0107346687378348,1,-1
1702857600000,0.9548463122155624,0.0214260902070345,-0.0032381894447392,6,-1
1702944000000,0.275751823951598,0.051736909007632,-0.0107721994473398,1,-1
1703030400000,0.7043476167549352,0.0377351889366627,-0.011743574574753,2,-1
1703116800000,0.6017810240365029,0.074377551144248,-0.0080165406111592,2,-1
1703203200000,0.5645619445684367,-0.0454539535209348,-0.0048702785482307,6,-1
1703289600000,0.5892657472978066,0.0487242174505918,-0.0016698440020486,7,-1
1703376000000,0.3399031811894882,-0.074140414786959,-0.0001118967493959,1,-1
1703462400000,0.7909306861141129,0.015364056077627,0.0092551244184181,6,-1
1703548800000,0.4456748572948426,-0.0036109235730882,0.007157631822303,1,-1
1703635200000,0.8427748667878923,0.0612789915085525,0.0095359667329411,6,-1
1703721600000,0.2082896660585603,-0.0211382849588077,0.0069465084366063,7,-1
1703808000000,0.4234953064605174,-0.0972255950543474,0.0001357286613907,1,-1
1703894400000,0.5677368546363599,-0.017515556564434,-0.0002764161044697,2,-1
1703980800000,0.3404989498049681,-0.0645104645388049,-0.0069009167931693,2,-1
1704067200000,0.9977287815786736,0.1495881874384677,0.0002458149886544,2,-1
1704153600000,0.4612572128297434,0.0505515739680765,0.0025909523858398,6,-1
1704240000000,0.4411010526315796,-0.0132513340984786,0.0053147247091417,1,-1
1704326400000,0.7265917071948795,0.0215557785832727,0.0030420077311951,6,-1
1704412800000,0.8886739433592323,0.0047224817926252,0.0087154879952451,7,-1
1704499200000,0.6989123652690948,0.0922883195606355,0.0034050717258432,7,-1
1704585600000,0.392878370941112,-0.012412470530672,0.0062533527817367,1,-1
1704672000000,0.92686530894774,-0.00952483689124,0.0068525386881051,6,-1
1704758400000,0.4223365277523558,-0.0704721887535108,0.0060323545464776,1,-1
1704844800000,0.6931472477374926,0.0017927921748038,0.0078854992850273,6,-1
1704931200000,0.2179626689500581,-0.0583549465192355,0.0022252304046352,7,-1
1705017600000,0.255751635420385,-0.1546601205857008,-0.0019839341362908,1,-1
1705104000000,0.5017420329402552,-0.0278584601941309,-0.0061147288363465,6,-1
1705190400000,0.0090875643855765,-0.1084340002713635,-0.0104053242902543,1,-1
1705276800000,0.4713857749141079,0.026018214089329,-0.0123673634747678,2,-1
1705363200000,0.712004502588331,0.0882149476309744,-0.0046606551480589,6,-1
1705449600000,0.5769620278549273,0.0853356928032098,-0.0087046652475541,7,-1
1705536000000,0.2867380002848601,0.0660877124739386,-0.0140511436169613,1,-1
1705622400000,0.7194213453251663,0.0070804638518644,-0.0107332831293686,2,-1
1705708800000,0.5759381156008287,-0.0129673456504766,-0.0132812469632792,6,-1
1705795200000,0.2085907310533354,-0.0447542478287215,-0.0110537613015102,7,-1
1705881600000,0.0604232818291705,-0.0963460051183209,-0.0182268834427007,1,-1
1705968000000,0.8278762317017526,-0.0298605061018486,-0.0141518893843281,2,-1
1706054400000,0.5609678654476484,0.0589345000342056,-0.0099637416200451,6,-1
1706140800000,0.5479446577095298,0.1179252436930866,-0.0031533880693547,1,-1
1706227200000,0.8253887720166658,0.1249999406382767,0.0051365922506904,2,-1
1706313600000,0.9014844971824314,0.0411637437530374,0.0094913485735678,6,-1
1706400000000,0.3357558496403047,-0.0096884192141786,0.0134308185373145,1,-1
1706486400000,0.980171714263276,0.037482119073113,0.0194988719156088,6,-1
1706572800000,0.2145497634286572,-0.1142990800095174,0.0180665776854882,8,-1
1706659200000,0.2064742860645539,-0.1511226508447402,0.0097357005562425,9,-1
1706745600000,0.8556662026626725,0.0266123277846013,0.0112929373194871,5,-1
1706832000000,0.6940109008616565,0.0068794812430775,0.0135227443678546,6,-1
1706918400000,0.2621747565048618,0.0582786600949511,0.0015155827558685,7,-1
1707004800000,0.4023009007402089,-0.0201838216806501,-0.001570913610003,1,-1
1707091200000,0.3435341475687277,-0.1315974110309337,-0.0015938049238082,2,-1
1707177600000,0.6355480762246,-0.0035566258210247,0.0009767724729875,2,-1
1707264000000,0.9708423997513204,0.1650582461977307,0.003666684810608,2,-1
1707350400000,0.7462203865336655,0.1315147223769505,0.008950825114979,2,-1
1707436800000,0.6391909070009587,0.0701985829173527,0.0104001488646511,2,-1
1707523200000,0.6942262773722602,-0.0214295090455042,0.0067403533502308,2,-1
1707609600000,0.7173635924674017,-0.0558951723729242,0.0003413258511957,2,-1
1707696000000,0.8409218191030957,0.0267575550605303,0.0068372138650373,6,-1
1707782400000,0.6764361645531649,0.0221186056835247,0.0067493467641514,1,-1
1707868800000,0.911824599992904,0.039426921732705,0.0096449054622456,2,-1
1707955200000,0.3766754069558498,-0.0610473590133296,0.0087289843469406,2,-1
1708041600000,0.5547371978371497,-0.0872130000129208,0.0122330714912953,6,-1
1708128000000,0.6617419463916451,-0.0386475838478794,0.0088546648182375,1,-1
1708214400000,0.8028128398642178,0.0067043019178422,0.0171763393027425,6,-1
1708300800000,0.1203912438252258,-0.0264492684234179,0.0039270712733605,1,-1
1708387200000,0.6735726839968889,-0.0303679730246941,-0.0014055205320948,6,-1
1708473600000,0.7029452290733709,-0.0046833590503877,0.0032294905264714,7,-1
1708560000000,0.3090133333333328,-0.0405045027813625,-8.589345985203511e-05,7,-1
1708646400000,0.2171691612978582,-0.0171003515718291,-0.0109528587733259,1,-1
1708732800000,0.8833962264150954,-0.00661289829391,-0.0100220989314736,2,-1
1708819200000,0.6615837937384834,0.0491660022411987,-0.0139114358481225,2,-1
1708905600000,0.8918489432614208,0.1610085852296801,-0.0103787945314108,2,-1
1708992000000,0.8244721193618892,0.1223058632974386,-0.0028999732102657,2,-1
1709078400000,0.7854587002182494,-0.0032986726770286,0.0006949558698861,6,-1
1709164800000,0.2313891866592199,-0.09667794572017,-0.0053743379485917,1,-1
1709251200000,0.6892346923494903,-0.0998311434526532,-0.0034207664839148,6,-1
1709337600000,0.4886763677227704,-0.0767815511146998,-0.0039594817717673,1,-1
1709424000000,0.9383277193129296,0.056302521925291,0.0042202036088402,2,-1
1709510400000,0.9591401839006302,0.1704595021446259,0.0099535929602733,6,-1
1709596800000,0.4721370685342673,0.0036268568547413,0.0120213356301867,1,-1
1709683200000,0.6776896560234946,-0.0088164074177214,0.009237003992908,2,-1
1709769600000,0.5237422807739803,-0.1110621404955034,0.006612273092946,2,-1
1709856000000,0.5224858855384995,-0.0821703384484548,0.0057057512488461,2,-1
1709942400000,0.6649558823529386,0.0230433857152347,0.0092713578439226,2,-1
1710028800000,0.4803107883493437,-0.0253544133769344,-0.0003685967548839,2,-1
1710115200000,0.874996536820525,0.0660333414903933,0.0038230278760155,6,-1
1710201600000,0.6465114473485886,0.0458091778087764,0.0049114638159316,1,-1
1710288000000,0.7506020872357524,0.0337493068764871,0.0013517944255957,6,-1
1710374400000,0.5426924549980855,3.688837127102841e-05,-0.0072922269444886,7,-1
1710460800000,0.5718498293915727,-0.0710112407208408,-0.0054898483946197,7,-1
1710547200000,0.0989226676800299,-0.1273929817181298,-0.0134773829009021,1,-1
1710633600000,0.8831221119092284,-0.0178729737971104,-0.0057801957286481,6,-1
1710720000000,0.4370043500083683,0.009989607253822,-0.0055068409739145,7,-1
1710806400000,0.0582118430046081,-0.0689194290445591,-0.0106781508029259,1,-1
1710892800000,0.964574744027303,0.0906393883789925,-0.0105562808957577,6,-1
1710979200000,0.2619616000172425,-0.0714750629765037,-0.014345136726508,7,-1
1711065600000,0.3500621921715321,0.0029865441338962,-0.0193996071298636,1,-1
1711152000000,0.3301133711237086,-0.007070949561757,-0.0174308601387929,2,-1
1711238400000,0.8914272378383993,-0.0078143241271342,-0.0062001177189256,2,-1
1711324800000,0.7334719849567876,0.1484385815545957,-0.0048135778068176,2,-1
1711411200000,0.3103765727061497,0.0323987374902314,-0.0066186757355618,6,-1
1711497600000,0.3257163466613531,-0.058984471405696,-0.0100830315654009,1,-1
1711584000000,0.7087115433991364,-0.077318702717396,-0.0077980819017828,6,-1
1711670400000,0.4412529625201829,-0.0186103074180223,-0.007364481425622,7,-1
1711756800000,0.0540007681474749,-0.0397214993258519,-0.0150421086393044,1,-1
1711843200000,0.952307530185631,0.0598471591796893,-0.0030138341710142,6,-1
1711929600000,0.4920179700313467,0.0077667420929868,-0.0012850412881167,7,-1
1712016000000,0.1783663106456967,-0.00877561018651,-0.0021611289586495,1,-1
1712102400000,0.6099039227399426,0.0337865089645,0.0007053276610278,2,-1
1712188800000,0.8063499466480091,-0.0174029214366648,0.0067374657702036,6,-1
1712275200000,0.6661864192203577,0.0976320534380334,0.0029473650436045,1,-1
1712361600000,0.6453031633075923,0.0990156201804205,0.0103880003797046,2,-1
1712448000000,0.3570482396874117,-0.0666758149445479,0.0070243660530241,2,-1
1712534400000,0.6862667288101724,-0.054930461520862,0.0025031534307762,6,-1
1712620800000,0.2637964708767003,-0.0763816331184735,0.0053132011462197,1,-1
1712707200000,0.8519463175409406,0.0320034539655984,0.00648529969528,6,-1
1712793600000,0.2525018979915748,-0.0043413094660905,-0.0004022265460695,7,-1
1712880000000,0.3305312184477089,-0.0722765593610053,-0.0063433223851467,7,-1
1712966400000,0.4490570866060486,-0.0150893867634535,-0.0017289693510143,1,-1
1713052800000,0.9519266055045862,0.0396515764541764,0.00824042191697,6,-1
1713139200000,0.2494387796205682,0.0615269150314864,0.0011653157487474,1,-1
1713225600000,0.793269439421338,0.0725858134961777,0.0021930617425135,6,-1
1713312000000,0.3317284954489259,-0.0393314348397493,0.0019715709020674,1,-1
1713398400000,0.8047493164822843,-0.0212064862216247,0.0048513819391221,2,-1
1713484800000,0.7210268735502114,0.0954656064920232,-0.0001259613136429,2,-1
1713571200000,0.7945794849995477,0.0391918469257704,0.0091281912302334,2,-1
1713657600000,0.4825933089173302,0.029155979545407,0.0068948535346887,2,-1
1713744000000,0.8488370816330273,-0.0150258034331395,0.0049553475359318,6,-1
1713830400000,0.4573736946090909,-0.0473048761248761,0.0032290324834528,7,-1
1713916800000,0.1973028285085022,-0.121977292729033,0.0011185674327933,1,-1
1714003200000,0.6806632746791037,-0.0255394321600978,0.0046160036133667,6,-1
1714089600000,0.3103584165829239,-0.0853667750030194,0.0024718650654341,7,-1
1714176000000,0.6988389016884559,0.0595986002233151,0.001829730513314,7,-1
1714262400000,0.2124732536186297,0.0048516477229607,-0.0010762689754607,1,-1
1714348800000,0.8528719110613043,0.0246532109800106,-0.0007918278437911,6,-1
1714435200000,0.2671045034642034,0.0067525183135407,-0.0004747437382607,7,-1
1714521600000,0.4225297926464456,-0.0497986968238447,-0.0065227488717684,1,-1
1714608000000,0.7919805687832643,0.072867251191441,-0.0063165249174049,2,-1
1714694400000,0.9002605226376041,0.0619653288471659,-0.0033858922007208,2,-1
1714780800000,0.6758530643281296,0.129522785171901,0.0036004633106446,2,-1
1714867200000,0.6523798818968877,0.0343572674045748,-0.0004252772136327,6,-1
1714953600000,0.1661392857142865,-0.1499563206878672,-0.0034164385470875,7,-1
1715040000000,0.0236327212328996,-0.2262969381423253,-0.0147878436708828,7,-1
1715126400000,0.1430574706174778,-0.1694338348085292,-0.0165211292244229,1,-1
1715212800000,0.8731632029667431,0.0418484827042901,-0.0081512408645853,6,-1
1715299200000,0.1867361769159741,0.0890724264137219,-0.0086548722892302,1,-1
1715385600000,0.3296981253222561,0.0655809514477209,-0.0111282375949579,2,-1
1715472000000,0.6838732394366182,0.0538166459993793,-0.0025292444327211,2,-1
1715558400000,0.8111959833974511,0.0373202623382059,0.0019557101521817,6,-1
1715644800000,0.220045657246696,0.0548116818736638,-0.0066427856106998,1,-1
1715731200000,0.953624511921696,0.0784025191008957,0.0028362238526826,6,-1
1715817600000,0.2942621577860094,-0.0636793634776972,-0.0033616157238469,1,-1
1715904000000,0.725728677831837,-0.0096718110591915,0.0027624594256992,2,-1
