Open time,Volume,price_normalized,3_reg,5_reg,10_reg,20_reg,phase,class
1503100800000,1503187199999,0.8664136962562369,0.2850600011230245,0.0,0.0,0.0,3,0
1503705600000,1503791999999,0.8087845268128574,0.0014899715726126,-0.0435111654409092,0.0205364690946585,0.0,6,1
1504656000000,1504742399999,0.8684411342755121,0.3192614695126168,0.1528382776385738,-0.0263348294174814,0.0062935965282299,2,0
1506124800000,1506211199999,0.8644086335131981,0.3695366782726342,0.1133541787445391,0.0023451928190329,-0.0053585028567465,6,1
1506297600000,1506383999999,0.818750383223987,-0.0228291251446057,0.1240154613386311,-0.0060623397835368,-0.0044520682599923,6,1
1507334400000,1507420799999,0.6615550497184609,-0.0415285975897497,0.0749016412368048,-0.0035205008581029,0.0080759913555688,2,0
1507680000000,1507766399999,0.6493211351319883,-0.0238158133975922,-0.0580477557212701,0.0423352561006399,0.0043897566019244,2,0
1508371200000,1508457599999,0.8812232638572841,0.2784753450880187,0.056683880083874,0.0197385605848462,0.0089133214040838,2,0
1508457600000,1508543999999,0.8039411764705887,-0.0228210970975614,0.0448457625877859,0.0032818156850527,0.0160932370307442,2,0
1509148800000,1509235199999,0.4073366971225978,-0.161464931896649,0.009823923157243,-0.0373215205855762,-0.0092251643465698,1,-1
1509235200000,1509321599999,0.9632753243397852,0.3008570357338058,-0.0324748993572026,0.0003995209000362,-0.0038245048654525,6,1
1510358400000,1510444799999,0.2078139774778651,0.0177133547866782,-0.1017280418554387,-0.0363938434903497,-0.0185363670405319,7,0
1510444800000,1510531199999,0.372431972658794,0.0632917986037654,-0.0385014701581683,-0.0265931137981198,-0.0185103003512136,1,-1
1510876800000,1510963199999,0.4613197026022297,-0.2292160506947027,-0.0406453550781174,0.0566587628694369,-0.0045727504773732,1,-1
1511136000000,1511222399999,0.7049372933686717,-0.0746023852511395,-0.0056766272064019,0.0442230350412681,0.0145484154756482,6,1
1512259200000,1512345599999,0.5021962264150942,-0.2110198051060232,0.0155684384478918,-0.0282769649179068,-0.007894301422896,2,0
1512604800000,1512691199999,0.9858442871587464,0.1816742406878312,0.0960180269384294,0.0339806061691845,0.0093674864795281,6,1
1512864000000,1512950399999,0.755336921112609,0.0853477949742807,-0.0840310482348924,-0.0004075603517074,0.0126012178197816,2,0
1513209600000,1513295999999,0.8894271356783915,0.229093249168353,0.0338727705015621,-0.0099565685655122,-0.004776766315668,2,0
1513382400000,1513468799999,0.8142435685124245,-0.0375917835829835,0.0772242919154622,0.0048151451059408,0.0001003562830023,6,1
1514160000000,1514246399999,0.6227010050251257,0.2297456907143258,0.0704682319467666,-0.003771497312683,-0.0164234287311574,2,0
1514246400000,1514332799999,0.8565792610250299,0.0016821690103978,0.1174152539422943,0.0313771139250258,-0.0080701388498337,6,1
1514678400000,1514764799999,0.8243541231389432,0.1783574329222567,0.0380841219195105,0.0048374444063148,-0.0063616381328492,6,1
1515801600000,1515887999999,0.57658637065858,0.0306657152283002,0.0427645021381473,-0.0241006482111562,0.0032260529149087,6,1
1516665600000,1516751999999,0.5985140562248998,0.1452892932094631,-0.075526549995374,0.0084773792551788,-0.0126878708494015,2,0
1516838400000,1516924799999,0.2667093287827091,-0.1659023637210953,0.0287209780483808,-0.0080960146026373,-0.006035244515563,7,0
1517184000000,1517270399999,0.1333979676110459,-0.3348258331792783,-0.0286126470951451,-0.0186949790540893,-0.0102887764019653,7,0
1517616000000,1517702399999,0.7805081952717413,0.2407821877363117,0.0971639361992022,0.0225346447098567,0.0022720013336666,6,1
1517961600000,1518047999999,0.3386073801461548,0.0797058973776628,-0.0181266007854426,0.0176507171811,-0.0091500130862913,1,-1
1518566400000,1518652799999,0.9585929333054564,0.0252366375928989,0.0946952287325503,0.0260517290021473,0.0096724218725552,2,0
1518652800000,1518739199999,0.7609912854030503,0.2228161769252315,0.0752121973631811,0.0049629685665139,0.0128732750913045,2,0
1518739200000,1518825599999,0.7514489556870544,-0.1035719888092009,0.0132290948985255,0.0230041505632996,0.019129803415889,2,0
1518998400000,1519084799999,0.9009870670736064,-0.0321808204097565,-0.0217328414121487,0.0271152514265506,0.0115970865547964,2,0
1519344000000,1519430399999,0.6485239532382844,0.216656205036848,-0.0546147635322694,-0.0719496330996753,-0.0030283178069245,6,1
1519430400000,1519516799999,0.2991432089923757,0.0969425429228959,0.073863976646118,-0.0609019422425739,-0.0126117774793107,7,0
1521417600000,1521503999999,0.829401942188286,0.3326669159100628,0.0509598000195066,0.0386487003154565,0.0050341870464158,2,0
1521676800000,1521763199999,0.4060481965663875,-0.206053823794728,-0.1446118353899023,0.0121448676706371,0.003672345627409,1,-1
1521849600000,1521935999999,0.1097553787208969,-0.1481464089227451,-0.07491311621174,-0.0179641377345636,0.0164251872241952,7,0
1522454400000,1522540799999,0.3291289542073661,0.092492012915036,0.0154639517781394,-0.0276866207389704,-0.0102635308823506,6,1
1522627200000,1522713599999,0.8083333333333333,0.2396021895629836,0.1599311534366984,0.0474963024160205,-0.0047497409695151,2,0
1522713600000,1522799999999,0.7744749405685769,0.0783484738650486,0.1334467723495974,0.0502902688827282,-0.0052979682258676,6,1
1523059200000,1523145599999,0.6398743074505918,0.0156366556787115,-0.0103176241452282,0.0238946147856337,-0.0047445284902725,2,0
1523577600000,1523663999999,0.2900137617423562,-0.2658059270105951,0.0108394997793793,0.039943711369262,0.0178453568970605,1,-1
1523750400000,1523836799999,0.8268605407414271,0.2684233894995354,-0.041653043326441,0.0255947673125179,0.0191535814359685,6,1
1523923200000,1524009599999,0.1711742750502462,-0.3278431328455903,-0.0381814418959305,-0.0299477092567267,0.0061851861392218,1,-1
1524614400000,1524700799999,0.1359363772309722,-0.3258026447178475,-0.0558570059526258,0.0020369065140417,0.0027249863377127,1,-1
1524700800000,1524787199999,0.93675479523069,0.0369921242565486,0.0816839281741748,0.0053830766581599,0.0027620360597547,6,1
1525046400000,1525132799999,0.3627154203506685,-0.2473572213020284,-0.0572624778092182,-0.0106089458486086,-0.0072614626006058,7,0
1525824000000,1525910399999,0.8117647058823529,0.2250185316031773,0.0414960072541447,-0.013668172145827,-0.0057804877550817,6,1
1526601600000,1526687999999,0.907558606183057,0.1488458479444876,0.053015304784054,0.0131078471201236,-0.0083233062095443,6,1
1527206400000,1527292799999,0.4359988283538375,0.1546034675629791,0.0920665414670389,-0.0206271085693718,-9.942871818246108e-05,7,0
1527292800000,1527379199999,0.1061250000000001,-0.2790416963169022,0.0340838963637795,-0.0288319753572576,-0.0049306403501764,1,-1
1527465600000,1527551999999,0.1081323552694063,0.0010036776347032,-0.0909391947549447,-0.0222751650791661,-0.0096516191151438,1,-1
1527811200000,1527897599999,0.6540057705229047,0.1398716048724732,0.067094641372673,0.0269082902811288,-0.0045033421094326,2,0
1528070400000,1528156799999,0.1289726768995603,-0.3254610360364484,-0.0631966465090525,0.0173015736856109,0.0008068907441874,1,-1
1528934400000,1529020799999,0.8173478260869556,0.3043951924884954,0.080979222757018,-0.022274785341865,0.0027388055792039,6,1
1529020800000,1529107199999,0.0873665188105775,-0.1273652354465537,-0.0895963756889033,-0.0241692811037609,-0.0090564791245793,1,-1
1529107200000,1529193599999,0.6821108973822851,-0.0676184643523353,0.0692376441651533,0.0151413531291506,-0.0039171974964541,6,1
1529366400000,1529452799999,0.4673625092720151,0.1510314312509878,0.088018814469219,0.0154261976777381,-0.0068385559460109,2,0
1529452800000,1529539199999,0.7900685705674044,-0.0061192452920977,0.0517978208872213,0.0139649121358134,-0.0037757570420051,6,1
1529625600000,1529711999999,0.1546691532827016,-0.3176997086423514,-0.1384708079155035,-0.0076151580641164,-0.0040488257617877,1,-1
1529884800000,1529971199999,0.6597576641322082,0.0485890737963845,0.1168048060675063,0.0085230539359877,0.0059314840384004,6,1
1529971200000,1530057599999,0.1506272627767944,-0.3042175573130544,0.0089094366580954,-0.003497734236827,0.0064092822707938,1,-1
1530576000000,1530662399999,0.2350466857723926,-0.1608361225457729,-0.0900863615513754,-0.0072648686933387,0.0015303840581769,1,-1
1531008000000,1531094399999,0.3967661691542342,-0.2149210220704621,0.0453859912797474,-0.0138612178327542,0.0035166045023965,7,0
1531440000000,1531526399999,0.4357083333333321,-0.1721938610476862,0.0846699974481037,-0.0024623326680874,-0.0051615069265183,1,-1
1531872000000,1531958399999,0.4315412186379917,-0.2555054760731847,-0.0017389855230911,0.0485557401091693,0.0027180031590407,2,0
1532736000000,1532822399999,0.8802495265678963,0.3650222140495781,0.049991069522569,0.0237241571698626,0.0089206638710088,6,1
1533168000000,1533254399999,0.2758335303854333,0.0484012258874148,-0.0728908932263064,-0.0242857147782322,-0.0108162629432075,7,0
1533340800000,1533427199999,0.1473954396019762,-0.0642190453917284,-0.007948139410671,-0.0332172027434317,-0.0157544031106031,1,-1
1533772800000,1533859199999,0.7905945386191207,0.3432013612214776,0.0148911731057733,0.0162238254621688,-0.0127148234693085,6,1
1534723200000,1534809599999,0.112387096774194,-0.0943486202876016,-0.2033479993223462,3.4100375275321264e-05,0.0124923680342532,1,-1
1535241600000,1535327999999,0.6368504848747997,-0.1053708911302634,0.0747653721141198,0.0038886595332017,0.0122497572693375,1,-1
1535414400000,1535500799999,0.7858545454545443,0.0745020302898721,0.0168155786912443,0.0351934363254301,0.0186549278591149,6,1
1535500800000,1535587199999,0.5367769901115274,-0.1774126681699771,0.0022615848447853,0.0349429135009653,0.0120856443265838,7,0
1535587200000,1535673599999,0.7174162542141882,-0.034219145620178,-0.0193693797661178,0.0053512174878498,0.0122136152843409,1,-1
1536278400000,1536364799999,0.3372321428571427,0.1560339380579576,-0.0474852956235251,-0.037833185432354,-0.0077315644452537,7,0
1536537600000,1536623999999,0.5948489998692656,0.1965389413515262,0.0126029374167725,-0.0377110244426771,-0.0159992422012137,6,1
1536883200000,1536969599999,0.4564879370015562,-0.2079846301987384,-0.0052154110508653,0.0562383160286365,-0.0108635441743384,1,-1
1537401600000,1537487999999,0.7767441860465116,0.0506251532583788,0.0345241367279304,-0.0008086423967638,0.0062485106339791,2,0
1538006400000,1538092799999,0.8073734177215194,0.1671524797399448,0.1221530325763985,-0.0251336895607012,0.0020666218025286,6,1
1538092800000,1538179199999,0.3420706775700927,-0.0685181975882782,0.0736480996700996,-0.0313182500011337,-0.0064874394396044,7,0
1538352000000,1538438399999,0.6468266598765012,-0.0610292997065029,0.006218464394917,0.0444664070826331,-0.0042322836199784,7,0
1538524800000,1538611199999,0.6722689075630253,0.0127211238432619,-0.0700841814634867,0.0243249326531137,-0.0003940467570319,1,-1
1539216000000,1539302399999,0.1111629208243968,-0.2608895781180362,-0.1239009320756656,0.0023976002356335,0.0075555049305701,1,-1
1539388800000,1539475199999,0.7985983647588912,0.3437177219672471,0.0143560765607545,0.0012061166411148,0.0081173837597327,2,0
1540598400000,1540684799999,0.4465428601405962,0.0483509708089896,-0.0003779111991386,0.0119695408903846,-0.0151234262312621,7,0
1540771200000,1540857599999,0.1552549865796535,-0.1456439367804713,-0.0063359595402788,-0.0140764235550102,-0.008926609974425,7,0
1541116800000,1541203199999,0.634599390074848,-0.0294868390100133,0.1433596334739574,0.0405643886183849,0.011380496048405,6,1
1541376000000,1541462399999,0.5175139702875753,0.0371606915773981,-0.0140660061848874,0.0274614279088834,0.0158268239003408,1,-1
1541462400000,1541548799999,0.8583536514570914,0.0470985124755324,0.0521829905919283,0.0423666236070095,0.0229351474030911,2,0
1541721600000,1541807999999,0.2404580152671729,-0.2069495133273192,-0.1320082034705084,-0.041830789866082,0.0117642824388694,1,-1
1541808000000,1541894399999,0.3415956622773062,0.124606067742247,-0.1447415005014209,-0.0442474946199354,0.005280951510714,2,0
1541980800000,1542067199999,0.4219736842105225,0.0401890109666083,0.1303639230686412,-0.0160054542894875,0.0106348525977078,2,0
1542067200000,1542153599999,0.6224613944782404,-0.131227768319962,0.0844384780355351,-0.0157662566238983,0.0087893123175826,6,1
1542326400000,1542412799999,0.4566426981681195,0.067577012122669,0.0099678245016449,0.0177473014708895,0.0013552608644397,7,0
1542844800000,1542931199999,0.0904930578897017,-0.1159602721185072,0.0032372625196298,-0.0335689163719031,-0.0133799128892381,1,-1
1543104000000,1543190399999,0.7463211221008379,-0.0054305674257931,0.0231237729122327,0.0072174251002237,-0.005250806280837,6,1
1543363200000,1543449599999,0.7508266051518651,0.2158093421798931,0.1190236575747312,0.0529061622280756,0.0050219590940041,2,0
1543536000000,1543622399999,0.2468119289085255,-0.2520073381216697,-0.0362444085059498,0.0036552822883309,-0.0041185655282171,1,-1
1543622400000,1543708799999,0.6736601578728724,0.0747816078989583,-0.0640192447232289,0.0240323787641639,0.0047348783294209,6,1
1543795200000,1543881599999,0.1619602272727278,-0.2558499653000723,-0.0694971998189093,-0.0191145006620404,-0.0011464403828051,1,-1
1543968000000,1544054399999,0.1104000000000006,-0.0257801136363635,-0.0841317886595948,-0.0388105361822356,-0.0035539002497367,7,0
1544400000000,1544486399999,0.2616615948976615,-0.21519484357681,0.0502923219528542,0.0054558491441636,-0.0072153713954352,7,0
1544745600000,1544831999999,0.297809205126587,-0.1856024396902277,-0.0060189388432053,0.0146380295754884,-0.0117059941798107,7,0
1545091200000,1545177599999,0.8992208405477723,0.2520641239775895,0.1535833835079751,0.0380779174511697,0.0133622293403834,2,0
1545609600000,1545695999999,0.3044990299081168,-0.2701989386541886,-0.0905296863584232,-0.0154459928366071,0.0113246270245293,6,1
1546128000000,1546214399999,0.5863599348534194,-0.1377119999705432,-0.0172580580046951,0.0033816995915609,-0.000982400329179,6,1
1546214400000,1546300799999,0.4039071631324101,0.1449265545391777,0.0296459435220429,-0.0141840159243656,-0.0037435068069174,1,-1
1546560000000,1546646399999,0.736570333971852,-0.0421863950157449,0.0019835621819469,0.0227006514596147,0.0017559774850172,6,1
1546905600000,1546991999999,0.312529976019185,-0.2740294056506901,-0.0510372917373586,-0.0183218652978802,0.002145326004685,1,-1
1547510400000,1547596799999,0.2764795144157815,0.0336755640394579,-0.0685509684115196,-0.0198336891816125,-0.0022539352826142,1,-1
1547942400000,1548028799999,0.2938782974443386,-0.1214479480520232,-0.0622313306674601,-0.0120999734282645,-0.0088371915622941,7,0
1548374400000,1548460799999,0.6618193069306905,0.1259460248816901,-0.0007859191011515,0.0059481816869659,0.0054709357724949,7,0
1548806400000,1548892799999,0.7819581958195804,0.239187346726558,0.1176797310772286,-0.0020465507033672,0.0018948796495073,6,1
1550620800000,1550707199999,0.8517881705639596,-0.0252170258291312,0.0602066833596666,0.0514484730155554,-0.0002504119440978,6,1
1550880000000,1550966399999,0.80661510901385,0.2461832582747906,0.0589882110432353,0.0294553925037706,0.0043291973138917,6,1
1550966400000,1551052799999,0.063666707874892,-0.256267705557256,-0.1083876408828554,-0.0097787598616368,-0.0020548670881225,1,-1
1551052800000,1551139199999,0.6627468717020969,-0.0719341186558766,0.0184461147361143,-0.0138653227589456,0.0037120117934101,6,1
1551139200000,1551225599999,0.4996124631840011,0.2179728776545546,-0.029704754892256,-0.0275486335277911,-0.0007820627643492,1,-1
1551571200000,1551657599999,0.4923621460506691,0.1326325392676643,-0.0469164030193326,-0.0070492914799673,0.0037488603409212,7,0
1552089600000,1552175999999,0.7546153846153844,0.1216153846153861,-0.0295071393258135,0.0292381340151725,-0.0020300910941601,6,1
1552262400000,1552348799999,0.3889512058328671,-0.1828320893912586,-0.0167458700011693,-0.0060718601114938,-0.0013154500399269,1,-1
1552867200000,1552953599999,0.4120951356519659,-0.1050635432851281,-0.0660258554930617,-0.0127340086550435,0.0012370444115627,2,0
1553385600000,1553471999999,0.7529453766511933,0.1415041348664791,-0.0139445199630536,0.0039350138948657,0.0022693543925668,7,0
1554768000000,1554854399999,0.4533762057877814,-0.1201147817214949,-0.045108494055863,-0.0183739264225336,-0.0018074946600482,1,-1
1555718400000,1555804799999,0.5964963221060722,-0.0398470770421995,-0.0652296019910949,0.0158853046551979,-0.002412346111237,6,1
1556236800000,1556323199999,0.4376829898386831,0.0547868435229183,-0.0976221600380277,-0.0349847706425141,-0.0073984122033602,6,1
1556409600000,1556495999999,0.5966219572777026,0.0794694837195098,0.0682784040735336,-0.0207288430386558,-0.0044662759544573,6,1
1556496000000,1556582399999,0.3873368146214113,-0.0304268420114654,0.0328749062924404,-0.0250615973633809,-0.0087144784565114,1,-1
1557705600000,1557791999999,0.7485447154471545,0.0121361054839409,-0.0771765517152802,-0.0057194682627946,0.0139173013459101,2,0
1558569600000,1558655999999,0.813596399849995,0.1600968878212084,-0.0469526465947057,0.0121300879812549,-0.0083543680178138,2,0
1558656000000,1558742399999,0.5463461538461536,0.124869991623621,0.0135503531886206,0.0066286436607064,-0.0064236797630131,2,0
1559606400000,1559692799999,0.3246092272784563,-0.1850026289496691,-0.1695349042430897,-0.0484976973186051,-0.0006830491009484,1,-1
1559779200000,1559865599999,0.807744067996694,0.2415674203591187,0.0806551128905859,-0.0102871544571507,-0.0025063900806921,2,0
1560211200000,1560297599999,0.6063190357805954,0.1613679504438765,0.0312901773576782,0.0277606142463281,-0.0058348404515507,1,-1
1560556800000,1560643199999,0.8107008340059223,0.0575903182671774,0.0521106103434615,0.0256809864573945,0.0129143050461382,2,0
1561248000000,1561334399999,0.4189931459412984,-0.2789877404265171,-0.1051939349228115,-0.0108195127752984,0.0066725724063388,2,0
1562371200000,1562457599999,0.4168225099573151,0.1604377100051125,-0.1677444338947736,-0.0117768241914847,-0.0179024461883395,2,0
1562544000000,1562630399999,0.9110667871166246,0.2471221385796547,0.2047696380120623,0.0341934398727376,-0.0141388728557166,2,0
1562976000000,1563062399999,0.5420317944699895,0.1168012947685688,0.0276556441896337,0.0365573454865073,-0.0065929802855272,7,0
1563494400000,1563580799999,0.5903190454875227,-0.0437033535104193,0.0443958603877123,0.0290352159459586,0.0051094235003589,1,-1
1563753600000,1563839999999,0.412082447355785,-0.0653325089192226,-0.0987846146514141,0.0184176660556463,0.0006159442630096,7,0
1563926400000,1564012799999,0.5783495145631083,0.0831335336036615,-0.0415469032471007,-0.0245558458441231,-0.0040391540705352,1,-1
1564272000000,1564358399999,0.875694783599621,0.068252957457174,0.0411100844028665,0.0067191171050831,0.000914087291321,6,1
1564963200000,1565049599999,0.8923265855880828,0.0542033085250409,0.0241281089855675,0.049404699270953,0.0127101937669099,6,1
1565136000000,1565222399999,0.7809133226959247,-0.0557066314460791,-0.0548056383867568,0.0085771140884758,0.0158721593625927,2,0
1565568000000,1565654399999,0.4692763522783675,0.2071486656496737,-0.0461186830427857,-0.0313389998255993,0.0023237434109506,7,0
1565740800000,1565827199999,0.126132166952073,-0.1715720926631472,-0.0599004469827381,-0.0570654749786234,-0.0153525855782831,1,-1
1566172800000,1566259199999,0.9784629133154616,0.2570217993502526,0.0552769822576632,0.0231658225025462,-0.0095878680911308,6,1
1566259200000,1566345599999,0.5141809416350412,-0.0128857196586705,0.0613566852740675,0.0439683782114008,-0.0068170248585336,7,0
1566345600000,1566431999999,0.3007726210985805,-0.3388451461084403,-0.0353064826350093,0.0292309070246819,-0.0101108435946949,7,0
1566604800000,1566691199999,0.4615428204450159,-0.1211869231108244,0.0463544984267186,0.0021040715646979,0.0068707615227137,1,-1
1566691200000,1566777599999,0.5532943689411562,-0.1581497394023306,0.0262669649463502,0.0084296988074578,0.0020918911985765,2,0
1567036800000,1567123199999,0.4416831683168329,0.0238268782760644,-0.0554071590832051,-0.0249256238676007,-0.0048794844357083,1,-1
1567641600000,1567727999999,0.2544222222222217,-0.2153836992681313,-0.1205061929574513,0.0152891042578797,-0.0035792027328654,7,0
1568160000000,1568246399999,0.6739225181598061,0.051882279736038,-0.0008510175233187,-0.0149736350078271,-0.0042193654728429,2,0
1568246400000,1568332799999,0.9173210048677888,0.2906589283233827,0.1037600327335089,0.0299902745260551,0.0068807828665962,6,1
1569196800000,1569283199999,0.1991617152595451,-0.0565268402379526,-0.1105445979118162,-0.0131513061970914,0.0037773366442844,7,0
1569628800000,1569715199999,0.6298620623745642,0.0958427757647206,0.0937047040415041,-0.0021076410847446,-0.0051321761430093,6,1
1569715200000,1569801599999,0.4535723763748417,-0.1677396686613135,0.026513406040324,0.0177172401625401,-0.0059343619074282,1,-1
1570492800000,1570579199999,0.3371005291005305,0.0746825062614372,-0.0356277397328248,-0.0215770304115028,0.000768229455562,1,-1
1570665600000,1570751999999,0.6253704026494705,0.14413493677447,0.0882580249337062,0.0048149725857446,0.0098602230298207,7,0
1570752000000,1570838399999,0.0813217428102916,-0.3609066961624215,-0.114073595671388,-0.0365778390984564,-0.0006548524214839,1,-1
1571097600000,1571183999999,0.2213738019169328,-0.0866738431126456,0.0727446006833138,-0.0088645500236496,-0.0133868459189636,7,0
1571443200000,1571529599999,0.3507656371658449,-0.1859168904374459,0.0413990829268918,0.0065113055299785,-0.0152591324388336,2,0
1571529600000,1571615999999,0.8275175644028111,0.194687910265889,0.0717332177730852,0.0420377161893935,-0.0043729074002851,6,1
1572393600000,1572479999999,0.3759753442751245,0.1575739812603225,0.0022122696156899,0.0270573997475089,0.0060509990448408,7,0
1573430400000,1573516799999,0.2526011815536555,-0.1461658867889284,0.0255546012812661,-0.0148095211279013,-0.0018167891270447,1,-1
1573862400000,1573948799999,0.6365034965034996,0.1708736433759446,-0.0656061802684583,0.0057516975043464,-0.0006758626963748,2,0
1574035200000,1574121599999,0.2867288961038959,-0.1748873001998017,0.0333646381318916,-0.0232170090789192,-0.0063576883401345,7,0
1574294400000,1574380799999,0.2012509255904083,-0.2023008461599523,-0.0687585712257161,-0.0327414366111405,-0.0087807732631587,7,0
1574553600000,1574639999999,0.0900743518183167,-0.2040409490908412,0.0326681216210714,0.0003214419070158,-0.0025725144340997,1,-1
1574640000000,1574726399999,0.689204696936327,-0.0931788743548411,0.0567825644510154,-0.0004369531291454,0.0015318103712664,2,0
1575763200000,1575849599999,0.7150787776250385,-0.0327177770998416,0.046466704924943,-6.653878943618121e-05,0.0030420983315126,6,1
1576022400000,1576108799999,0.5628670581954088,0.194377826179932,0.0436703972129317,-0.0050046665697193,-0.0079284920896577,7,0
1576195200000,1576281599999,0.572491334855012,0.0048121383298015,0.107775444083422,0.0068604760697268,0.0008845145359121,6,1
1576454400000,1576540799999,0.1774522292993638,-0.0114586641931406,-0.0740429474341073,0.0033729815694286,-0.0086651155843795,7,0
1576800000000,1576886399999,0.7710320284697504,-0.0338023937253238,0.1347936555359672,0.0070386967814801,0.0013637488250357,6,1
1576886400000,1576972799999,0.3242580042065906,-0.0017476112011617,0.0246958681782503,0.0047896746852482,0.0009207294787498,1,-1
1577318400000,1577404799999,0.1615085648481362,-0.0957762568407014,-0.1179754353664374,-0.020632474056419,0.0026402913895087,1,-1
1578009600000,1578095999999,0.8875571203835494,0.2828518225587088,0.1354258909738658,-0.006280431251781,-0.0020704286560245,2,0
1578355200000,1578441599999,0.8710663884125038,0.3204201998559694,0.026233488332413,0.0660499393410505,0.00773619445616,6,1
1578441600000,1578527999999,0.3179145299145292,-0.2994225112253559,0.0033783049342959,0.0525979056626526,0.0025889536328497,7,0
1579046400000,1579132799999,0.7302825692237862,0.1708296723072757,0.1301904211788142,0.0011629382460777,0.0110947828565101,6,1
1579824000000,1579910399999,0.6930556513343897,0.1439839660180707,-0.0256095786687811,-0.014117190460372,-0.0022979648713581,6,1
1579910400000,1579996799999,0.436341413729884,0.0908680240773324,-0.048738910761373,-0.0083850456975833,-0.0095239566125316,1,-1
1580083200000,1580169599999,0.8012258064516122,0.182442196360864,0.1390538729971516,0.0329997813948754,0.0093791251147229,2,0
1580515200000,1580601599999,0.5645398572440484,-0.131010401177739,-0.0695471992882217,0.0078328486583111,0.0030487831236621,6,1
1582070400000,1582156799999,0.2708777777777787,-0.1122003611453243,0.0376070977684499,0.0070618895140347,0.0014606008445729,1,-1
1582502400000,1582588799999,0.3535163813802175,-0.1277674546333922,-0.0380003279336916,0.0176463301729616,-0.0073405026191833,7,0
1583020800000,1583107199999,0.3565781710914431,-0.0941394858828497,-0.0357256700855327,-0.0432405699327098,-0.0159987169082636,2,0
1583625600000,1583711999999,0.0375637150976593,-0.3779119093888377,-0.1490058738561176,-0.0104195553355189,-0.0117078819430695,7,0
1583798400000,1583884799999,0.3956150977457903,0.1790256913240655,-0.0397655144214798,-0.0296180918416877,-0.0087522300458353,1,-1
1584057600000,1584143999999,0.8267728856305256,-0.0283058648770454,0.0279128547200434,0.0020934057218834,0.0044436688084274,6,1
1584576000000,1584662399999,0.7929096185521189,0.0723805817886926,0.1215795559252018,0.0358811978348579,0.0145135493120837,2,0
1585612800000,1585699199999,0.441163355299014,0.2019806361914662,0.0636003420817242,-0.0122232232779193,0.0004344002123737,2,0
1585785600000,1585871999999,0.3757187017001548,-0.0327223267994294,0.0883212711026681,-0.008819736839023,0.0010841536542624,6,1
1585872000000,1585958399999,0.296030500112133,-0.3170490158405423,-0.0921281770043958,-0.0043093737697421,-0.0078671088467407,1,-1
1586304000000,1586390399999,0.7825185185185176,-0.0873559845811854,0.0226411854125843,0.0016423804192051,0.0050880934537254,6,1
1586476800000,1586563199999,0.2140093923745441,-0.2842545630719866,-0.1135823849502732,-0.0142310635858132,0.0004857906560988,1,-1
1586736000000,1586822399999,0.799628942486085,0.0828584213244319,0.0367013580361677,-0.0071932787820216,0.0047981440497474,1,-1
1586908800000,1586995199999,0.0495121951219505,-0.3750583736820672,-0.0969170536423305,-0.0445114124728105,0.0011441910898815,1,-1
1587513600000,1587599999999,0.9076777587327864,0.3729966618823847,0.0271093375257946,-0.0006213248243586,-0.0010150312970347,2,0
1588550400000,1588636799999,0.8176635514018671,-0.0173355394741625,0.1116124704087363,-0.0109856602596972,0.0127303438612313,1,-1
1588636800000,1588723199999,0.7301857326119694,0.1784535220436898,0.046793367921579,-0.0239676269886017,0.0065318965948948,2,0
1589414400000,1589500799999,0.784503986866791,0.0785450431797686,0.1217986333821264,0.0134625874466983,-0.0071298610093446,6,1
1589500800000,1589587199999,0.2392398148414362,-0.3071333693846245,-0.0111372432717921,0.0081836482220681,-0.0156233611450423,1,-1
1589673600000,1589759999999,0.6325145785474479,0.1966373818530057,-0.0788254241341092,0.038847863960315,-0.0056873779700097,2,0
1589932800000,1590019199999,0.3593604651162796,-0.0979202779715352,-0.0077777875232761,-0.0077576523825719,-0.0046523924137178,7,0
1590364800000,1590451199999,0.7646168457292118,0.1528570879896857,0.0198057876300579,-0.0108846039843369,-0.0007026399765261,6,1
1590624000000,1590710399999,0.9038159349719672,0.2296962383330889,0.1924343411488648,0.0374527377734633,0.0137247378314216,6,1
1590796800000,1590883199999,0.8965677520365961,-0.0036240914676856,0.0307581849479069,0.0441993209407795,0.0064861576141292,6,1
1591142400000,1591228799999,0.9268450383324603,0.056934148771898,0.0112418864928541,-0.012355508149362,0.0121634083036753,2,0
1591228800000,1591315199999,0.7855339063549802,0.2619037043379378,0.1265211699569174,0.0024015489251954,0.010642877864615,6,1
1591920000000,1592006399999,0.7166137826930734,0.0449707854340108,-0.0813994687077814,-0.0218483484210579,0.0041043306143128,2,0
1592524800000,1592611199999,0.4244303626803261,-0.1357399939087775,-0.1112733349743642,0.0017953455096171,0.0033188838656013,1,-1
1593216000000,1593302399999,0.4927871379803989,-0.1165987715383943,0.0586850685401504,-0.0038034454076187,-0.0131870735037124,1,-1
1593388800000,1593475199999,0.7869966718229948,0.1471047669212979,0.0352422172229851,0.018445622479071,-0.0019076326712807,6,1
1593475200000,1593561599999,0.5257297837413428,-0.0834963495881261,0.0421020516886565,0.0372156456913774,-0.0017238683733622,1,-1
1593561600000,1593647999999,0.7168475696083053,-0.0350745511073448,0.0281128164079559,0.0205101860083616,-0.0054469377918535,6,1
1593648000000,1593734399999,0.4551497080382696,-0.0352900378515365,-0.0545294651973341,0.0298993993510638,-0.005481699228308,7,0
1593820800000,1593907199999,0.6363030141370953,0.0905766530494128,-0.0258182543753385,-0.016714265879349,-0.0070567066623065,6,1
1594684800000,1594771199999,0.8577518914374902,0.0415426123854116,-0.0150627880777797,-0.0068102880466432,0.0010556154637529,6,1
1595376000000,1595462399999,0.9086925795052998,0.2898522552851261,0.0826059518028669,0.0380233401293276,0.0071392499805124,2,0
1595980800000,1596067199999,0.5435552541351133,-0.1047492906734507,-0.0724277942133238,-0.0065241823968516,0.0023406008318786,6,1
1596153600000,1596239999999,0.7757438016528908,0.1160942737588887,0.0333819432793379,-0.0065249700603753,0.0078630654535767,2,0
1596585600000,1596671999999,0.9476400215138162,0.2095648897140779,0.0200094303950091,0.0010547906243003,0.0001936668426932,2,0
1596931200000,1597017599999,0.5804681253180207,0.0587223437761318,-0.0484984403745847,-0.0057063398862308,-0.0070338612829895,1,-1
1597104000000,1597190399999,0.3297283950617283,-0.1253698651281461,-0.0390969915666547,0.0080754899698695,-0.0047018557354054,1,-1
1597276800000,1597363199999,0.9752009184845022,0.322736261711387,0.0958241419990732,0.0204347016054366,0.0017142186867102,6,1
1598659200000,1598745599999,0.2994232421155933,-0.070087180312065,0.0185782825677368,-0.0102200419130505,-0.0086574532299877,1,-1
1599696000000,1599782399999,0.6449141859788631,0.0872104943499761,-0.0466235478008369,0.0248996974939002,-0.0029486525333813,2,0
1600128000000,1600214399999,0.5526950179255755,0.1016217716762131,-0.0764320945643562,-0.0123590464843202,0.0077394123859189,2,0
1601251200000,1601337599999,0.2164197530864222,-0.1298475386389061,-0.1131832949394408,-0.00035085807888,-0.0106058294070648,1,-1
1601769600000,1601855999999,0.8310614525139576,0.0776556918501524,0.0500671867407833,0.0034529439093894,0.0020871102724721,2,0
1602979200000,1603065599999,0.9882856782970112,0.319263753702221,0.0967257457230776,0.0085904180494297,-2.800376487981501e-05,2,0
1603411200000,1603497599999,0.6598940216507896,-0.0059626026950033,-0.0402774906790554,0.0103110642699345,-0.0052406771212641,1,-1
1603670400000,1603756799999,0.6061290390662941,-0.1042586361976519,-0.0288709837534969,-0.0355050089781322,-0.0085059217426972,2,0
1603843200000,1603929599999,0.3895087907110798,-0.108310124177607,-0.0354108925594988,-0.0230648751852485,-0.0025814498505062,1,-1
1605571200000,1605657599999,0.8490028921427608,0.1996198827077795,0.0528483857532104,0.0107065773617141,0.0004497258282854,2,0
1605830400000,1605916799999,0.8516062426756423,0.2033560330671164,-0.0264751695951098,-0.0035944185615454,-0.0002765523035904,2,0
1607212800000,1607299199999,0.8923623445825959,0.4018789543208505,0.0254904640577194,-0.0050897007856483,0.0049236565350134,6,1
1607385600000,1607471999999,0.1133590296299007,-0.3895016574763476,-0.039749095299585,-0.0412082812107999,-0.0045252590882448,1,-1
1608249600000,1608335999999,0.8098868666994581,-0.0458587056877044,-0.005961243579017,0.0046098404391812,0.0039972415286065,2,0
1608681600000,1608767999999,0.4218399999999989,0.0131925186535356,-0.0002060824980857,-0.0296604362045729,0.0035016699878919,1,-1
1608854400000,1608940799999,0.9429386695766304,0.2605493347883158,0.1052911472838393,0.0091218169124775,0.0069785688962376,2,0
1609027200000,1609113599999,0.2136884643644378,-0.3646251026060964,-0.0514366257801644,-0.003397759101234,0.0031058929648245,1,-1
1609459200000,1609545599999,0.724931568641521,-0.1015974615026286,-0.0192090173293445,0.0131244623533637,0.0037730114831262,2,0
1609977600000,1610063999999,0.7705485854858546,-0.0687088911135749,0.1052368362716343,-0.0080928676336198,0.0099208064047708,2,0
1610409600000,1610495999999,0.3710617525018301,-0.0580148506331937,-0.0635133732095008,-0.0236930857393622,-0.0137195273381921,1,-1
1610668800000,1610755199999,0.437139496906228,-0.2376807085852768,-0.0048694039842305,-0.027113012473426,-0.0048717144102934,7,0
1610755200000,1610841599999,0.2458066507213953,-0.2365311170993685,-0.0725871620731423,-0.0295289376460426,-0.0183830536044503,7,0
1610841600000,1610927999999,0.6589875104079935,0.1109240067508826,-0.0980089041536314,-0.0130253579491058,-0.0183715486879697,1,-1
1610928000000,1611014399999,0.685912586194625,0.2200529677366148,0.0155935416050749,0.0048718419711347,-0.0134257946215834,6,1
1611014400000,1611100799999,0.023644775018196,-0.3176713676948987,-0.0386883508302834,-0.0282396725769259,-0.0183701155505498,7,0
1611446400000,1611532799999,0.6263933671119306,-0.0982516549449581,0.0073009591485382,0.0130919698839043,-0.0193932542293114,6,1
1611705600000,1611791999999,0.3391362571141615,0.1115242837004196,0.0168111408564705,0.0018541414748279,-0.0102155830603794,1,-1
1611964800000,1612051199999,0.6821062618595813,-0.1057844186658335,-0.0186046554576313,0.0253972252727444,-0.0016149247028544,6,1
1612137600000,1612223999999,0.508118177199716,-0.0869940423299327,-0.0699924157822097,0.0136967546360489,-0.0035578772086543,2,0
1612483200000,1612569599999,0.98857550054019,0.0037997598342714,0.0467041286954407,0.0320590323998913,0.0142952724280017,2,0
1612656000000,1612742399999,0.6150234142188175,-0.1867760431606862,-0.0681716861414242,0.0148799812829325,0.0163090232509514,1,-1
1613606400000,1613692799999,0.3996683250414579,-0.0891083591042065,-0.0178006930365011,0.0179769817015665,-0.0031291652754672,1,-1
1613952000000,1614038399999,0.653991768548329,0.0693072958883049,0.0261900229921933,0.0112715511994898,-0.0006712110819008,7,0
1614038400000,1614124799999,0.430354869158748,-0.1206206462564602,-0.0837361307432848,-0.0096664115849179,0.0020768857932754,1,-1
1614384000000,1614470399999,0.3259958750736594,0.1257927037080967,-0.0318777145978875,-0.0374428492283019,-0.0116579382795387,7,0
1614729600000,1614815999999,0.4953770303285322,-0.2313412132977348,0.0193695606077526,0.010552033748069,-0.0035730703106215,6,1
1614902400000,1614988799999,0.7785851066870331,0.1416040381792502,-0.0596331030242041,0.0187038700120459,-0.0087359661314354,2,0
1616371200000,1616457599999,0.0906242352109405,-0.023166834541066,-0.0165666608292351,-0.0313787007382218,-0.0196851190772406,1,-1
1616803200000,1616889599999,0.6788711295975796,0.187968844042278,0.128825832309456,0.0429413099526004,-0.0222030319465842,6,1
1616976000000,1617062399999,0.7863586822378331,0.0537437763201267,0.0560541735836163,0.062724578965823,-0.0050461492870372,2,0
1617667200000,1617753599999,0.2776507765750037,-0.2920865531810119,0.0850593032709729,-0.0179308223296833,0.0147632130194756,7,0
1618704000000,1618790399999,0.5454508398047598,0.0831559986941229,-0.0337582079302603,-0.0080237569885533,-0.0054166246707271,7,0
1619481600000,1619567999999,0.7998078641644331,0.1062229449220071,0.0416641140673417,0.0402178197493017,0.0041319997915414,6,1
1620518400000,1620604799999,0.654359503188287,0.0230578399472271,-0.0069235742048406,0.0086549824284605,0.0008046591111796,7,0
1622160000000,1622246399999,0.2335550081906032,-0.1202627121806478,-0.1290283178776997,-0.0255543398514385,-0.000313513101619,7,0
1622332800000,1622419199999,0.7276519781280144,0.2470484849687055,0.0343610667590165,-0.0144841864952131,0.0026362569558529,2,0
1622678400000,1622764799999,0.900602775368604,0.2198891946306102,0.0134461009814406,0.0450201375788137,0.0212783275097942,6,1
1623542400000,1623628799999,0.9222517845554834,0.0610381443036867,-0.0097980147924309,0.052346432439422,0.0085775209107102,2,0
1623628800000,1623715199999,0.7653177952486017,0.2175068162627804,0.0992896449056587,0.0534867106377736,0.0120126116845371,6,1
1623715200000,1623801599999,0.3496600131607808,-0.2862958856973513,-0.0466017333049097,0.019284579564677,0.0077736302018031,7,0
1623974400000,1624060799999,0.2246750500235872,0.0640199311864917,-0.1099278168722341,-0.0625765814031638,-0.0170968513543934,7,0
1624233600000,1624319999999,0.0795106217921789,-0.1659320878024139,0.0079143671179005,-0.0300946488480704,-0.0123968106568287,1,-1
1625443200000,1625529599999,0.2603921170724497,-0.2849358112147686,-0.0429644059348727,-0.0346745229944418,0.01522832749784,1,-1
1625616000000,1625702399999,0.0658305497455794,-0.0972807836634351,-0.1672296295802362,-0.0350174573978077,-0.0031797813027122,7,0
1625788800000,1625875199999,0.8454590441180456,0.389814247186233,0.1167692315533048,-0.0097784565017691,-0.007222588704519,6,1
1625961600000,1626047999999,0.7006244805190012,-0.0724172817995223,0.123465158945926,-0.0176043187935981,-0.0108575195877329,6,1
1626912000000,1626998399999,0.6563989358691376,0.1846896896065483,0.0801730592365917,0.0074112716142552,0.000299439478015,2,0
1626998400000,1627084799999,0.9907804459691232,0.1010802321390595,0.1771399387780909,0.0328261828554851,0.0130300776082199,2,0
1627084800000,1627171199999,0.7798991682288914,0.0617501161798768,0.118791968742382,0.0635734244118654,0.0185077101406094,2,0
1627430400000,1627516799999,0.5862593984962395,0.1030346058575034,-0.0403122370979911,0.0376749544972632,0.0143411841193446,6,1
1627689600000,1627775999999,0.3188728114100222,-0.1240635942949898,-0.0922435266125972,-0.029369225398861,0.0184494285117499,7,0
1628121600000,1628207999999,0.8786398825081521,0.3071805754070333,0.2134805004959195,-0.0151815477054423,0.0015226314126175,2,0
1628553600000,1628639999999,0.471694447866422,0.1056934904046599,-0.0740673529593082,0.0481714700260908,-0.0075802658866886,7,0
1628726400000,1628812799999,0.2569318497459272,-0.1073812990602474,-0.083100063229415,-0.048047932063481,-0.0147940008345428,1,-1
1628985600000,1629071999999,0.7871834724692498,-0.0946872032002021,0.1580241027127802,-0.0145797362594437,-0.0017289218750371,7,0
1629331200000,1629417599999,0.9122854474607938,0.3986804392476387,0.1801584580759007,0.0064871825614016,-0.0063059858749726,2,0
1629676800000,1629763199999,0.3126104690686598,-0.0390870679463878,-0.1357270696414453,0.0329490547824395,-0.0115531844783535,6,1
1630454400000,1630540799999,0.8693343419062015,0.4027578170002306,0.0308189584020986,0.0196322055890711,0.0053936955780508,2,0
1630886400000,1630972799999,0.9358800885859938,0.2338984037196032,0.1476225118233801,0.052581966479455,0.0048986980383177,6,1
1631059200000,1631145599999,0.5586571388576872,-0.1886114748641534,-0.0361438245446055,0.0446356424575122,0.0029705209073165,1,-1
1631491200000,1631577599999,0.4475014245014254,0.0454041715739377,0.0459257700612327,-0.0302346414003817,-0.0040331280435905,1,-1
1631923200000,1632009599999,0.695481401163949,0.1144182186495568,-0.0882503681686778,0.0266674239808666,0.0096299986425481,6,1
1632009600000,1632095999999,0.2672691348427424,-0.0733440045981554,-0.0820061321359229,0.0047498216270274,-0.0021753067948711,7,0
1633305600000,1633391999999,0.8823569441083958,0.3282494443515014,-0.0415541047222748,0.0205156596956127,0.0049171850594998,2,0
1633392000000,1633478399999,0.8553336359509743,0.1678611097776625,0.0502773234321799,0.0523697070062693,0.0134121290777428,2,0
1633651200000,1633737599999,0.1344752436160312,-0.3922413995032245,-0.2134310810976234,-0.0306079239129504,0.0064180649449561,2,0
1634774400000,1634860799999,0.0416294878592337,-0.4467225058159401,-0.1822020742363447,-0.0133107811155169,0.0035717811410513,7,0
1634860800000,1634947199999,0.1843912345708785,-0.2659027741202338,-0.2043525669522069,-0.0419172513984398,-0.0080303313085592,1,-1
1634947200000,1635033599999,0.7891136541462098,0.373742083143488,-0.0823727238930277,-0.011072110993411,-0.006292984965391,6,1
1635897600000,1635983999999,0.8063928346870959,0.15488795700735,0.0367246614216294,0.0352035897977105,-0.0022810925798903,7,0
1637020800000,1637107199999,0.2944139085191273,-0.3448380858571405,-0.1126762986382824,-0.0488447890731886,-0.0105355608910911,1,-1
1637712000000,1637798399999,0.685611169652266,0.259709601518882,0.0219790115769987,0.0371790735305572,-0.0044266271765497,1,-1
1637798400000,1637884799999,0.817191212639126,-0.0043784485413905,0.197835075313538,0.0273496253411528,-0.0076891213008339,6,1
1638403200000,1638489599999,0.4397383739124978,0.0570599279662329,-0.1264047062598535,-0.0429548230837131,-0.0046261924115806,7,0
1638921600000,1639007999999,0.7196884615384624,-0.080913225490281,-0.0323745422801076,0.0375273298693347,-0.0018520657794067,7,0
1639526400000,1639612799999,0.784957670165934,0.2784706619145138,-0.0170187243397648,0.0198577328839059,0.0091393262999196,6,1
1639699200000,1639785599999,0.2658309579678409,-0.2595633560990465,-0.0713168796958876,-0.0084054960600204,-0.0067105749220686,1,-1
1639872000000,1639958399999,0.144905181976652,-0.0604628879955944,-0.0637955651600878,-0.0233352023293506,-0.001588935473843,1,-1
1640908800000,1640995199999,0.1877634778730846,0.0038587722700378,0.0609879394088366,-0.0182295791622918,-0.0145095828953358,1,-1
1641168000000,1641254399999,0.4002668089647804,-0.2334446423147657,-0.0134911237189035,0.0234923101735033,-0.0024045119512678,7,0
1642809600000,1642895999999,0.3761362752102765,0.166453401640317,-0.0966907153677238,-0.0236879651563333,-0.0029133533279106,1,-1
1643673600000,1643759999999,0.5489962061334162,0.0114402346030843,-0.0344599418474278,-0.0127401384585548,0.0175926289802445,6,1
1644019200000,1644105599999,0.5039601001232809,-0.214866915637568,0.0731822231182738,-0.0194378937501271,0.01603322272336,1,-1
1644278400000,1644364799999,0.487257607926397,-0.1670107792618713,-0.0677345830070917,0.0087155273772692,0.0163667818768036,2,0
1645142400000,1645228799999,0.3473388613664683,-0.0542363112091675,-0.1633860149251906,-0.0021532331996406,-0.0164327534266509,1,-1
1645574400000,1645660799999,0.0963427528308201,0.0095423935438449,-0.0178024784251973,-0.0455556818604214,-0.0210956655752544,1,-1
1646179200000,1646265599999,0.2705296939363311,-0.2860831525654601,0.0437166462833428,0.015486991330881,0.0074367123504257,7,0
1646956800000,1647043199999,0.2513936780181453,-0.2914673798952883,-0.0518914980849588,0.0151666762584645,0.0012451905297941,1,-1
1647388800000,1647475199999,0.7909687422132393,-0.0468784702224108,0.1772243632922206,0.026265396543624,0.0027428078206164,6,1
1648080000000,1648166399999,0.8618249489590044,0.1314503965793705,0.1607926894374402,0.0126583535418773,0.0149459678818907,2,0
1649894400000,1649980799999,0.2004250382431729,-0.1837555776957121,0.0711279109473128,0.0339904510532284,-0.0085376984253808,1,-1
1650326400000,1650412799999,0.7755929352396975,0.3249331993968833,0.0466441614446516,0.0500263601989223,0.0140220255089646,6,1
1650758400000,1650844799999,0.5151626120865378,0.0931312856484748,0.0249048228774261,-0.0320605004866871,0.0088606271337891,2,0
1651017600000,1651103999999,0.8500072172259497,-0.0356917556254361,0.0866799936544899,-0.0080651001445535,0.0071818212795457,2,0
1651104000000,1651190399999,0.5771459227467819,0.2222751632764296,0.0052583110069615,0.0183766019832144,0.0023997783525675,6,1
1651276800000,1651363199999,0.0432146436845871,-0.2669656395310974,-0.0788169207946663,-0.0017500970428772,-0.0048277349328673,1,-1
1651363200000,1651449599999,0.8396346479179269,0.2995173668099843,-0.055467641767824,0.0099012818048231,-0.0049574392415356,2,0
1651536000000,1651622399999,0.1862469238164913,-0.3266938620507177,0.0272308758320906,-0.034315752020861,-0.0042841870884933,1,-1
1651968000000,1652054399999,0.1802229665550187,-0.176449608121515,-0.1080563017543346,0.0075403479710488,-0.0035701509911378,7,0
1653264000000,1653350399999,0.1345778644909558,-0.2838043108071396,-0.0874531023512018,-0.0364543216774571,0.0054980224171441,1,-1
1653523200000,1653609599999,0.6329616299248015,-0.1022520844478949,-0.0287126268778996,0.0019240308000679,0.0124269099565605,7,0
1653782400000,1653868799999,0.8401218322935726,0.2644668869387063,0.1226222344180983,0.0232090076212166,0.0058020543758812,2,0
1653868800000,1653955199999,0.833088099425811,0.0603369418697671,0.0929186712879431,0.0171958205895113,0.0082130828145975,2,0
1654214400000,1654300799999,0.2949584933363443,0.0533637271060589,-0.0793520085924427,0.0003404684984837,-0.0027347444784179,1,-1
1654387200000,1654473599999,0.5897229234465766,0.1473822150551161,0.0771206995628488,-0.0024270280556852,0.0037694650960079,2,0
1654646400000,1654732799999,0.2432955357504007,-0.2736977832309574,-0.0803458676098117,-0.0018260067203796,0.0046931543461556,7,0
1654732800000,1654819199999,0.2193808704855158,-0.2923887501249071,-0.1288079672384036,-0.0044016347459996,-0.0055207566409013,7,0
1654905600000,1654991999999,0.2422449679951056,0.0114320487547948,-0.1209319627243376,-0.0577344461029313,-0.0085245333215723,7,0
1655164800000,1655251199999,0.5127022345125709,0.2526910938804998,0.0580558517660494,-0.0574903895959825,-0.024178399015359,1,-1
1655856000000,1655942399999,0.1925470787700669,-0.2261212795031748,-0.1108237378550113,0.002741579397132,-0.0064648959311477,1,-1
1656547200000,1656633599999,0.8474837097895779,0.384497827134885,0.1774591571404833,0.0062159096754754,0.0115892544617681,7,0
1656633600000,1656719999999,0.1568425656726783,-0.1537354916142042,0.0631042197471219,-0.0216418456650875,0.0048049187319806,7,0
1657411200000,1657497599999,0.2177819765916137,-0.0426249558343473,-0.1777865669949667,-0.011789369531795,0.0069719669858708,7,0
1657497600000,1657583999999,0.0889806191794623,-0.1604938820561635,-0.1638608248201667,-0.0634397912367494,-0.0025295029437267,7,0
1657670400000,1657756799999,0.9094987188030244,0.4102590498117809,0.0889587010068746,-0.0560564301647811,-8.750222489788711e-05,2,0
1658102400000,1658188799999,0.8287746007800796,0.0915148210370548,-0.0353794014170386,0.0397284264253478,-0.0053908432656565,2,0
1658620800000,1658707199999,0.4257877991788666,0.1393437718526421,0.0137107170868376,-0.0158312069055317,-0.005927143101286,6,1
1658880000000,1658966399999,0.9226220955509395,0.4398068104873337,0.1305347712631917,-0.0026426370906269,0.0134810252403511,2,0
1659139200000,1659225599999,0.1211752090928573,-0.3291279599662102,-0.2040069208630028,-0.00205621698858,0.0016937903439552,7,0
1659312000000,1659398399999,0.6336557118602932,0.2562402513837178,-0.0573032013192221,-0.0147114811116963,-0.0147628631396932,7,0
1659916800000,1660003199999,0.6011918404767362,0.2503643763124636,0.0433468049304391,0.0403755096569063,0.0003843521191368,6,1
1660176000000,1660262399999,0.0771373111654977,-0.0948036823531277,-0.0804383962618754,0.0095391888166559,-0.0049592848533589,1,-1
1660435200000,1660521599999,0.1784496879011923,-0.3805404680127697,-0.1120259612093968,-0.0241188430663571,-0.0111097139472238,7,0
1660608000000,1660694399999,0.3184618321273019,0.0700060721130547,-0.1270126196311344,-0.038807658348803,-0.0020451022099809,7,0
1660953600000,1661039999999,0.6090184394878815,0.2225393244559825,0.047393297117122,-0.0299894807394009,-0.0097277186083073,2,0
1661299200000,1661385599999,0.295470198675499,-0.2392252517472444,-0.0433974030944357,0.0506051901659583,0.0044799958955071,1,-1
1661472000000,1661558399999,0.0748508884853856,-0.1103096550950566,-0.1713883010926991,0.0237054795224925,-0.0014899224607349,7,0
1661904000000,1661990399999,0.364245874635149,-0.2341180150741657,0.0147812029253971,-0.0350098257205196,0.0105337092581102,2,0
1662249600000,1662335999999,0.9351534306143944,0.3242978547156256,0.0705864099609305,0.057575092003877,0.0156533881480575,6,1
1662595200000,1662681599999,0.6896806722689085,0.2987439879061084,-0.0055521072184107,0.0235515781654223,0.0002506481699249,2,0
1662940800000,1663027199999,0.902832046677692,0.0675136122021668,0.0464188672550354,0.0504460648829437,0.0317153323848896,6,1
1663372800000,1663459199999,0.8290392815023103,0.2915778712729732,0.1633296922172208,-0.020143029265235,0.0087128829352272,6,1
1663718400000,1663804799999,0.1832657566583977,-0.3570545545977981,-0.1217825620814446,-0.0317715907413664,-0.0065426357104014,1,-1
1663977600000,1664063999999,0.2254502740798747,-0.3250607196505761,0.0697156074068479,-0.005362452666349,-0.0061515983755633,7,0
1664236800000,1664323199999,0.1674439644736682,-0.0779629236632409,-0.0599550971974424,0.006455652642762,-0.0189061894805191,1,-1
1664755200000,1664841599999,0.8814621684970149,0.2073063507467487,-0.0075104828652275,0.025407826749611,0.0002748400815602,2,0
1665014400000,1665100799999,0.1783797216699776,-0.341133178579883,-0.0424763956006442,0.0069249023780662,0.0028307598147152,7,0
1665446400000,1665532799999,0.4900879707907568,-0.009088929135949,0.0176836402575816,-0.0308170347674262,-0.012041964070035,1,-1
1665878400000,1665964799999,0.5502347417840342,0.2146749432119255,-0.0813961151783374,0.0126474469239338,-0.0037575224617081,2,0
1666915200000,1667001599999,0.7890946913629637,0.022647883022007,0.0226771693157888,0.020367072234358,0.0078504473781894,2,0
1667347200000,1667433599999,0.1380392574073081,-0.1388771425186118,-0.0543108441439087,-0.035920279107656,-0.0021819612413684,1,-1
1667865600000,1667951999999,0.3906000198073027,0.1750032281697106,-0.1190572758600632,9.137901763133402e-05,-0.0160236303283204,7,0
1668211200000,1668297599999,0.3704865596358546,-0.1924840040650215,0.037966674204655,-0.0123017851744386,-0.0067272920752685,7,0
1668297600000,1668383999999,0.139049746304876,-0.1962280891994447,-0.0330093040148928,-0.0255253578474367,-0.0119795031353808,1,-1
1668816000000,1668902399999,0.5472701576911667,-0.1404894141891562,-0.0247786518221823,-0.0001880559479288,0.0079884162359394,6,1
1669420800000,1669507199999,0.2320893403577379,-0.0826410989000424,-0.1540246966308784,-0.0129314999511713,0.007356838349418,7,0
1669507200000,1669593599999,0.1395979899497429,-0.2076384257374024,-0.1509061666782976,-0.0120921005914192,3.170788499511285e-05,7,0
1670112000000,1670198399999,0.7007301518839171,-0.1292026854774484,-0.0571299689034208,0.0238439966670362,0.0006814861846933,6,1
1670544000000,1670630399999,0.233109115610199,-0.0537268527003155,0.0067161080500693,-0.0172420531048523,0.0033869935525712,7,0
1670976000000,1671062399999,0.1956094139007749,-0.3588756519297369,0.055304823329111,-0.0025962478139599,0.0003500149546395,6,1
1671408000000,1671494399999,0.3262162983079937,-0.2901111899251405,0.0644380040665582,0.0040923730039022,-0.0119980814881286,1,-1
1671667200000,1671753599999,0.8474422522434968,0.0484895993248739,0.112129819036728,0.0374212024732629,0.0087632477997815,7,0
1671840000000,1671926399999,0.6372496519224412,-0.105096300160528,-0.0518279861087115,0.0348033125619466,0.0045705256148076,6,1
1672099200000,1672185599999,0.299610997213901,-0.2558238822341757,0.0375352767530586,0.0179324145831245,0.0101763372404801,7,0
1672444800000,1672531199999,0.4158768453099052,-0.2039134291969029,0.077332804303284,-0.0063876808668494,0.0053023883358662,1,-1
1672617600000,1672703999999,0.4956292659561682,0.0398762103231316,-0.0540460916685237,-0.0036739628575681,0.0189671177122303,2,0
1672704000000,1672790399999,0.4037661737523128,-0.2545088814934852,-0.070690718770798,-0.0153587613665306,0.0118147855409948,2,0
1673136000000,1673222399999,0.8151810218429281,0.03238332860102,0.032422608073035,0.0022182998291934,0.001203076252413,2,0
1673568000000,1673654399999,0.9455703487106094,0.0142375413921263,0.133537436654353,0.0345186957404046,0.009337891015772,2,0
1673827200000,1673913599999,0.6656503240316752,-0.0565576621748257,-0.0531437739492464,0.019881167858126,0.0114859879295324,6,1
1674604800000,1674691199999,0.5016977313035272,-0.0553643696423546,-0.0043279342092593,-0.0100451179742529,-0.0133572054645268,6,1
1674864000000,1674950399999,0.4641592065434373,0.0475076197356667,0.0499283635587883,-0.0367064419995666,-0.0162161912984643,1,-1
1675555200000,1675641599999,0.275100314342415,-0.0848025077736168,-0.1220377314662225,-0.0365747942385058,-0.0072339718699051,7,0
1675900800000,1675987199999,0.0818730684076489,-0.3682483715814084,-0.0261981830144457,-0.0382847511798616,-0.00783087543252,7,0
1676332800000,1676419199999,0.8483549745011492,0.2572861829027476,0.0901876837472385,0.0491982259001773,0.0050578280538807,2,0
1676419200000,1676505599999,0.9760151239754448,0.0992555396314934,0.0752177090170556,0.0603966509267671,0.0100772414398068,6,1
1677456000000,1677542399999,0.4869947675741249,-0.1940843352803835,0.0823217507562684,0.0324920331494974,0.0061375724624847,7,0
1677542400000,1677628799999,0.2082793637635334,-0.2887440707537314,-0.0504619020142659,0.0132164508326012,-0.0005001024546889,1,-1
1678406400000,1678492799999,0.7348324762730698,0.278703366849407,0.033522252057237,-0.0138276146116593,-0.0017613028033283,1,-1
1678752000000,1678838399999,0.2879088966790439,-0.3153703361661715,-0.0787297506685324,0.0340858214934481,0.0066811804719751,6,1
1679961600000,1680047999999,0.7084843844993358,-3.392023488017808e-05,0.0676377764559571,-0.0014247743132178,-0.0039098359987194,2,0
1680048000000,1680134399999,0.7862259734732951,0.1896552240891928,0.0600139001603881,0.0232956922143225,-0.0072381794180848,6,1
1680220800000,1680307199999,0.8328966444828747,0.0233353355047895,0.0372032315135835,0.0248208158108767,-0.0044537508183445,6,1
1680307200000,1680393599999,0.3877952755905505,0.079620407165655,-0.0594707546807991,-0.0015790408423151,-0.002061918950394,7,0
1680912000000,1680998399999,0.2681352839814855,-0.2085923728696757,-0.0707653179036726,-0.0069760467397357,-0.0040921115045282,2,0
1681084800000,1681171199999,0.9170875,0.3244761080092573,0.0762501211804847,0.0313840632931055,0.005803737321846,2,0
1682726400000,1682812799999,0.4772901311381263,-0.1233035295313247,-0.0708805442268861,0.0289665538080875,0.0025240098799216,1,-1
1683244800000,1683331199999,0.8045724059293051,0.0065820649558576,0.0580702580670787,0.0126426961540381,0.0095625544343765,6,1
1683331200000,1683417599999,0.3606578947368425,0.0584897706136496,-0.0848764117603129,-0.0033565938183067,0.0061824020075612,7,0
1683676800000,1683763199999,0.5286537743981684,0.1157560221213998,0.0881042684167287,-0.0139840232552716,-0.0088197160294985,7,0
1684368000000,1684454399999,0.4092765071655393,0.0003462440499669,0.0137742853098952,0.0059564655653974,0.0059091963014723,1,-1
1684454400000,1684540799999,0.4520592485549116,-0.2245665297700067,-0.002553170189228,0.0075988171097314,0.0057968078811979,2,0
1684713600000,1684799999999,0.5538028770830387,-0.14988916750976,-0.0029323227715203,0.0089191532282321,0.0027372763400431,2,0
1684886400000,1684972799999,0.2181615471727912,-0.1678206649551236,-0.0800412079418966,-0.0182824693984279,0.001959769168154,1,-1
1685059200000,1685145599999,0.6260001322488887,0.2039192925380488,0.0332163887844573,-0.00785628316891,0.012123326726749,2,0
1685923200000,1686009599999,0.1953679084378035,-0.0867146498541461,-0.0782778073666001,-0.0451763367450897,-0.0125778908810242,1,-1
1686960000000,1687046399999,0.5098559917449442,-0.1613815316611317,0.1034472731439018,0.0274940205572952,0.013432455737641,6,1
1687564800000,1687651199999,0.5044181818181823,0.0678321986996073,-0.1021364459936453,-0.0257215482083228,0.0099040012474623,7,0
1688428800000,1688515199999,0.2005091078295839,-0.2629765781606789,-0.0744304694681865,0.0223942567642827,-0.0089512854306272,7,0
1688601600000,1688687999999,0.0272680427995511,-0.0866205325150163,-0.1672474156769296,-0.0295834897151985,-0.0083819753933047,1,-1
1688688000000,1688774399999,0.8605577689243037,0.2055159543811855,0.0100651324361679,-0.0005708681201169,-0.0030525971777847,6,1
1690329600000,1690415999999,0.43000708191414,0.0879109160459466,-0.006196758092241,-0.0096154834509669,-0.0080939096331208,6,1
1690588800000,1690675199999,0.6416346026270563,0.1771877421372819,0.0204982548419321,0.0116556435234164,-0.0007538354831097,6,1
1691280000000,1691366399999,0.4527930209652344,-0.0651607449118344,0.0497625744800309,-0.0061400386955903,0.0072041922018602,2,0
1691798400000,1691884799999,0.4871229582122285,0.0813427141468042,0.0131332153115886,-0.0128988561315755,0.0039704023997665,6,1
1692316800000,1692403199999,0.358437705998682,0.1722978253711234,0.0467237922053914,-0.0229959710706354,-0.0186666710598851,1,-1
1692403200000,1692489599999,0.622866787522657,0.1099934410870911,0.156264511527469,-0.0060099107165336,-0.0176928479265639,2,0
1692489600000,1692575999999,0.6676017685622865,0.1545820312818022,0.1527506308785885,0.0252511705560991,-0.0060344805854276,6,1
1693699200000,1693785599999,0.5110746268656691,-0.0310543557675298,0.0619587153018277,-0.0027805023116944,0.0099598022030566,6,1
1693785600000,1693871999999,0.4085694511440632,-0.0447047651312782,0.0459278573676739,-0.0053700145279925,0.0014376318539424,7,0
1693872000000,1693958399999,0.6503244821038849,0.0696249276191079,0.0064872757143755,-0.0134696791122195,-0.0042244702271557,7,0
1694304000000,1694390399999,0.5852857975771465,0.1277551457318478,-0.0055919837470569,0.0102355579233271,-0.000940312797452,7,0
1694390400000,1694476799999,0.2616010963398661,-0.2227528368081761,-0.0766711310193096,-0.005361299151934,0.0005610899709564,1,-1
1694563200000,1694649599999,0.7141876608688864,0.2262932822645101,-0.0077491046514184,-0.0007602061775981,0.0037248410659471,2,0
1694822400000,1694908799999,0.3453915662650549,-0.0971346699013263,-0.0444405406573067,-0.0145996845812475,-0.0014719260306682,7,0
1695513600000,1695599999999,0.2048794731207206,-0.1003387492923011,-0.0397155228281385,-0.0195416692147938,-0.0125218212663268,1,-1
1695686400000,1695772799999,0.431321169772252,0.1132208483257657,0.0200532707518174,-0.0074700780083293,-0.0075214832344061,1,-1
1695945600000,1696031999999,0.4170907146430225,0.0317491408269448,-0.0273975748120379,0.0114950437644051,-0.0022896016058372,1,-1
1696291200000,1696377599999,0.5154063795976879,-0.2094829324591689,-0.0004678905728454,0.008359988961445,-0.0002065762674289,1,-1
1696636800000,1696723199999,0.6108534570072959,0.2674316999374254,-0.0038409939816466,-0.0012741759292477,0.0058153276617761,6,1
1696809600000,1696895999999,0.4535051447254528,-0.0786741561409215,0.0643342166618791,0.000473871748995,0.0068991030830845,7,0
1697068800000,1697155199999,0.5219620446893188,0.1555805646787566,-0.0176973366847057,-0.0230026701767076,-0.0019124497126828,1,-1
1697155200000,1697241599999,0.397752808988764,0.0194531411492238,0.0199656457884135,-0.0262121267342054,-0.002267745097557,6,1
1697760000000,1697846399999,0.6694757129003358,0.2292392799334727,0.052851951000233,0.0247507116575077,-0.0009857342249338,2,0
1698969600000,1699055999999,0.7220568663036888,-0.0848933914350843,-0.0097661445418183,0.0267636844861265,0.0059430253178742,1,-1
1699228800000,1699315199999,0.5817088458114472,-0.0651292742069332,0.0284846607777077,0.0073358101084684,0.008929873647952,2,0
1699315200000,1699401599999,0.6418304101279202,0.0184044754502275,-0.0290711460765404,-0.0116302009985129,0.0038468991267223,2,0
1699747200000,1699833599999,0.6781031112558988,-0.0675613355140718,0.0459022754623747,-0.0023952535848842,0.00801405600936,7,0
1699833600000,1699919999999,0.1197522557811597,-0.252447668529367,-0.0852918451895862,-0.0250450008559344,-0.0014333126464742,7,0
1699920000000,1700006399999,0.3864146090534991,-0.1458442511011999,-0.1358517683519821,-0.0265214983837484,-0.0047420376166906,1,-1
1700006400000,1700092799999,0.9535114503816784,0.4168795973002592,0.0366039212881168,-0.0002490755641629,-0.0026635736095349,6,1
1700611200000,1700697599999,0.7968857246679126,0.0388063292491476,-0.0445312854090034,0.0232039272852403,-0.0039304168724094,6,1
1701043200000,1701129599999,0.621295941918044,-0.0086009343963143,0.0209509050232404,-0.0129122549748509,-0.0014153653583283,1,-1
1701734400000,1701820799999,0.8651008458035132,0.0749607434711098,0.0260658683613148,0.044353308284088,0.0099867781497774,6,1
1702425600000,1702511999999,0.7924217519347994,0.2522611202102466,0.1355446871403541,-0.0203026491462455,-0.0007847118385827,2,0
1702771200000,1702857599999,0.1046439205849492,-0.0446168512793983,-0.1577429048845746,-0.010123006756581,-0.0107346687378348,1,-1
1703030400000,1703116799999,0.7043476167549352,-0.1252493477303137,0.0377351889366627,0.0049045308004116,-0.011743574574753,2,0
1705449600000,1705535999999,0.5769620278549273,0.0527881264704097,0.0853356928032098,-0.0158236120380241,-0.0087046652475541,7,0
1706486400000,1706572799999,0.980171714263276,0.039343608540422,0.037482119073113,0.0528065376245074,0.0194988719156088,6,1
1706572800000,1706659199999,0.2145497634286572,-0.0606030431058235,-0.1142990800095174,0.0323046207128538,0.0180665776854882,8,0
1706745600000,1706831999999,0.8556662026626725,0.3205582196170075,0.0266123277846013,-0.0242406036923638,0.0112929373194871,5,0
1707004800000,1707091199999,0.4023009007402089,-0.1458550000607237,-0.0201838216806501,-0.0416562168623651,-0.001570913610003,1,-1
1707264000000,1707350399999,0.9708423997513204,0.3136541260912963,0.1650582461977307,0.0106447976749131,0.003666684810608,2,0
1708992000000,1709078399999,0.8244721193618892,0.0814441628117028,0.1223058632974386,0.0362709198801822,-0.0028999732102657,2,0
1709424000000,1709510399999,0.9383277193129296,0.1245465134817194,0.056302521925291,0.01118333221451,0.0042202036088402,2,0
1710028800000,1710115199999,0.4803107883493437,-0.0210875485945779,-0.0253544133769344,-0.0231891443900182,-0.0003685967548839,2,0
1710547200000,1710633599999,0.0989226676800299,-0.2218848936590277,-0.1273929817181298,-0.0212530741846122,-0.0134773829009021,1,-1
1710892800000,1710979199999,0.964574744027303,0.2637851970094672,0.0906393883789925,-0.0262516378343145,-0.0105562808957577,6,1
1711152000000,1711238399999,0.3301133711237086,0.034075885553233,-0.007070949561757,-0.0168785767537766,-0.0174308601387929,2,0
1711929600000,1712015999999,0.4920179700313467,0.2190086009419359,0.0077667420929868,-0.0044753229167715,-0.0012850412881167,7,0
1712016000000,1712102399999,0.1783663106456967,-0.3869706097699671,-0.00877561018651,-0.0362465271408217,-0.0021611289586495,1,-1
1712275200000,1712361599999,0.6661864192203577,0.0281412482402075,0.0976320534380334,0.0272955232982565,0.0029473650436045,1,-1
1712361600000,1712447999999,0.6453031633075923,-0.0805233916702084,0.0990156201804205,0.0207560132536804,0.0103880003797046,2,0
1712620800000,1712707199999,0.2637964708767003,-0.0466258844053555,-0.0763816331184735,-0.0241055417142104,0.0053132011462197,1,-1
1713052800000,1713139199999,0.9519266055045862,0.3106976935284385,0.0396515764541764,0.0021346023494374,0.00824042191697,6,1
1713139200000,1713225599999,0.2494387796205682,-0.09980915349274,0.0615269150314864,-0.0059631471534542,0.0011653157487474,1,-1
1713484800000,1713571199999,0.7210268735502114,0.1946491890506428,0.0954656064920232,0.0183248033399172,-0.0001259613136429,2,0
1713657600000,1713743999999,0.4825933089173302,-0.1192167823164406,0.029155979545407,0.0232551976352845,0.0068948535346887,2,0
1714003200000,1714089599999,0.6806632746791037,0.1116447900350063,-0.0255394321600978,-0.0219385988634109,0.0046160036133667,6,1
1714348800000,1714435199999,0.8528719110613043,0.0770165046864241,0.0246532109800106,-0.0125689990313081,-0.0007918278437911,6,1
1714435200000,1714521599999,0.2671045034642034,0.027315624922787,0.0067525183135407,-0.0121294199187201,-0.0004747437382607,7,0
1714694400000,1714780799999,0.9002605226376041,0.2388653649955792,0.0619653288471659,0.0424963190847186,-0.0033858922007208,2,0
