Open time,price_normalized,3_reg,5_reg,phase,class
1673395200000,0.9170952659263568,0.3334371413605423,0.0891059065805481,2.0,0
1673481600000,0.7792471775279786,-0.0276621822335718,0.0595006594091185,2.0,0
1673568000000,0.9455703487106094,0.0142375413921263,0.133537436654353,2.0,0
1673654400000,0.7787656483813267,-0.0002407645733259,-0.0083136704443339,6.0,1
1673740800000,0.6413263162107529,-0.1521220162499283,-0.055201942857786,1.0,0
1673827200000,0.6656503240316752,-0.0565576621748257,-0.0531437739492464,6.0,1
1673913600000,0.3640806807750517,-0.1386228177178505,-0.1276094660220767,7.0,0
1674000000000,0.2175001005752906,-0.2240751117281924,-0.1399776731047774,1.0,0
1674086400000,0.7740094968187542,0.2049644080218511,-0.0182783862240382,2.0,0
1674172800000,0.9531734093368164,0.3678366543807627,0.0984974986653984,2.0,0
1674259200000,0.3806590861233939,-0.19667520534768,0.0768830119458209,6.0,1
1674345600000,0.5284101025001933,-0.2123816534183115,0.0228469593154445,1.0,0
1674432000000,0.6124264705882364,0.1158836922324212,-0.0747929359297659,6.0,1
1674518400000,0.2430534700473337,-0.1426783162264297,-0.1188472494114123,1.0,0
1674604800000,0.5016977313035272,-0.0553643696423546,-0.0043279342092593,6.0,1
1674691200000,0.3691439670721038,0.0630452485123851,-0.0429261010140888,1.0,0
1674777600000,0.5587698938992036,0.0285360812978381,0.0018777343646704,6.0,1
1674864000000,0.4641592065434373,0.0475076197356667,0.0499283635587883,1.0,0
1674950400000,0.7801728479622867,0.1107014770315414,0.0651965472788851,6.0,1
1675036800000,0.2507862300174561,-0.1066864882629906,-0.0015312520046212,1.0,0
1675123200000,0.6780232308378648,-0.0510748085622111,0.002513369735134,2.0,0
1675209600000,0.9239854432123752,0.3365996065974595,0.0817502856213453,6.0,1
1675296000000,0.1409283078958858,-0.2685474614709893,-0.0605289866937883,7.0,0
1675382400000,0.4447053298896488,-0.2396400566613633,-0.0149256723197594,7.0,0
1675468800000,0.2183212509735818,0.038696471538848,-0.1398684073051293,7.0,0
1675555200000,0.275100314342415,-0.0848025077736168,-0.1220377314662225,7.0,0
1675641600000,0.2535086395533081,0.0175936942898631,0.005555564776761,1.0,0
1675728000000,0.8183698115704656,0.2716347486140251,0.0782516351941359,6.0,1
1675814400000,0.3779813012783831,0.0622363308625375,0.0862589597837653,7.0,0
1675900800000,0.0818730684076489,-0.3682483715814084,-0.0261981830144457,7.0,0
1675987200000,0.3575621972247285,-0.0102095520268273,-0.0528389627819976,1.0,0
1676073600000,0.8572127617929135,0.3876698466926322,0.005726679639124,6.0,1
1676160000000,0.333782608695654,-0.0118897942645371,0.0686942308219806,7.0,0
1676246400000,0.7775040447124577,-0.0398543585402281,0.1367482364080542,1.0,0
1676332800000,0.8483549745011492,0.2572861829027476,0.0901876837472385,2.0,0
1676419200000,0.9760151239754448,0.0992555396314934,0.0752177090170556,6.0,1
1676505600000,0.0071471557529738,-0.4206039093740875,-0.0454759826622373,1.0,0
1676592000000,0.7317421242284783,-0.1221364998734832,-0.0932731659716134,2.0,0
1676678400000,0.4517897091722611,0.2223212767096437,-0.1037403530404744,6.0,1
1676764800000,0.0792351640435034,-0.3262534800924873,-0.1348917366444595,1.0,0
1676851200000,0.7820759137769453,0.165143102302342,0.0897350555862967,6.0,1
1676937600000,0.2757838171486663,0.0982743265525815,-0.058163040955494,7.0,0
1677024000000,0.674003727700364,-0.0540360930382908,0.0640976690161368,7.0,0
1677110400000,0.3350174971510409,0.0296168400011873,0.0403492480138493,7.0,1
1677196800000,0.2665045385544798,-0.203749594572942,-0.0971909070442556,7.0,0
1677283200000,0.875163438134892,0.2700729704919253,0.0791260052826566,1.0,0
1677369600000,0.7857675052709964,0.2596314833582582,0.0763673496125115,6.0,1
1677456000000,0.4869947675741249,-0.1940843352803835,0.0823217507562684,7.0,0
1677542400000,0.2082793637635334,-0.2887440707537314,-0.0504619020142659,1.0,0
1677628800000,0.6213863689704803,0.0671958006981775,-0.1085042279836287,6.0,1
1677715200000,0.4482638137863314,0.1199922250113989,-0.0540615781572975,7.0,0
1677801600000,0.2544859279329529,-0.1834502205187638,-0.0225033229259546,7.0,0
1677888000000,0.7492092361220911,0.1504727111678797,0.0714959303679587,1.0,0
1677974400000,0.5096961109818786,0.1276050915244628,0.0077564906358555,6.0,1
1678060800000,0.441616548999101,-0.153796343561495,0.0241915653474464,7.0,0
1678147200000,0.4294748854828726,-0.0401106127495029,0.0042385227976849,7.0,0
1678233600000,0.1774257425742555,-0.1320954032124227,-0.1223788212594677,7.0,0
1678320000000,0.1782655515073063,-0.1256046669877831,-0.092705192537399,7.0,0
1678406400000,0.7348324762730698,0.278703366849407,0.033522252057237,1.0,0
1678492800000,0.749555063593351,0.2856447560430222,0.119756708991977,2.0,0
1678579200000,0.918649569011387,0.0919085463691585,0.2053737164960307,2.0,0
1678665600000,0.8561047160960789,0.053274826251364,0.1539495421915862,2.0,0
1678752000000,0.2879088966790439,-0.3153703361661715,-0.0787297506685324,6.0,1
1678838400000,0.2990030922601183,-0.2785508119179803,-0.1531844614998809,1.0,0
1678924800000,0.8385484488701624,0.2753197760955591,-0.071730386411841,2.0,0
1679011200000,0.8738297219237909,0.2874133148318363,0.0586089563846541,6.0,1
1679097600000,0.2872999956402337,-0.2756242266149643,0.0573608827586052,1.0,0
1679184000000,0.733037725225225,-0.0703959983492831,0.0316820812700284,6.0,1
1679270400000,0.439723048837501,0.0762115265986336,-0.0938442796763889,1.0,0
1679356800000,0.7066537496146921,-0.0131919878052665,-0.0181928891420931,6.0,1
1679443200000,0.2864511858797581,-0.0766359314788714,-0.0028081595131484,1.0,0
1679529600000,0.7236534954407294,0.0084998729130184,-0.0172040322526734,6.0,1
1679616000000,0.3306919886487676,0.0221204013845048,-0.0201062374551429,1.0,0
1679702400000,0.4861225524364739,-0.1187654715021277,-0.0396821591587427,2.0,0
1679788800000,0.708552224969096,0.1889301181601641,0.0606671135174419,6.0,1
1679875200000,0.4069155252949093,-0.0396035135707822,-0.0255615703971312,1.0,0
1679961600000,0.7084843844993358,-3.392023488017808e-05,0.0676377764559571,2.0,0
1680048000000,0.7862259734732951,0.1896552240891928,0.0600139001603881,6.0,1
1680134400000,0.2285544612592406,-0.2399649616200475,-0.0580685079241325,1.0,0
1680220800000,0.8328966444828747,0.0233353355047895,0.0372032315135835,6.0,1
1680307200000,0.3877952755905505,0.079620407165655,-0.0594707546807991,7.0,0
1680393600000,0.4683106432887433,-0.1822930005970657,-0.0476589846037794,7.0,0
1680480000000,0.4610878339419553,0.0366462791757023,0.0100480744171297,1.0,0
1680566400000,0.6431011322203054,0.0873952444657809,-0.0306298466173734,2.0,0
1680652800000,0.3762346633673567,-0.0424265852872992,0.0151669264485174,6.0,1
1680739200000,0.6853200297208368,0.0211094487502656,0.0349165602289587,7.0,1
1680825600000,0.4185131808082703,0.0211392587204568,-0.0042930408766838,1.0,0
1680912000000,0.2681352839814855,-0.2085923728696757,-0.0707653179036726,2.0,0
1680998400000,0.7174794520547924,0.1494831356232609,0.026530483163552,2.0,0
1681084800000,0.9170875,0.3244761080092573,0.0762501211804847,2.0,0
1681171200000,0.6358541666666648,-0.0408126426940636,0.1083634187735303,6.0,1
1681257600000,0.2953924110299301,-0.3108475444850349,-0.0027111031291238,1.0,0
1681344000000,0.7013006307316219,0.0327232320324784,-0.0654052731616411,2.0,0
1681430400000,0.4844584139264993,0.0945330014482846,-0.0799811708082045,6.0,1
1681516800000,0.2365091463414646,-0.2323957421950787,-0.0609624037753831,1.0,0
1681603200000,0.4294285913625916,-0.0275149112819539,-0.0196719123724834,6.0,1
1681689600000,0.1763234487311806,-0.0300928488051419,-0.110498418656479,1.0,0
1681776000000,0.924370776966186,0.247471092801797,0.0819639028469088,6.0,1
1681862400000,0.1463404329479853,-0.0149915078915975,0.0314604758816635,7.0,0
1681948800000,0.2166836687378295,-0.3538435541141783,-0.0455472861032719,7.0,0
1682035200000,0.1103585210805272,-0.017990955933729,-0.0839616963529663,1.0,0
1682121600000,0.9112706601829244,0.3472934957225473,-0.0062182145433982,6.0,1
1682208000000,0.5525118670886063,0.2210766730040396,0.1506929859726337,7.0,1
1682294400000,0.5373824703456369,-0.1869440949186439,0.1083550949223693,1.0,0
1682380800000,0.9178801149016128,0.1826841239065033,0.1241154997804883,2.0,0
1682467200000,0.421381649410925,-0.0580004104673558,-0.0614409773730992,2.0,0
1682553600000,0.7238971902007758,-0.0969914623504187,0.0226769825289626,6.0,1
1682640000000,0.5937561746690381,0.0861872626290565,-0.0081235516054034,7.0,1
1682726400000,0.4772901311381263,-0.1233035295313247,-0.0708805442268861,1.0,0
1682812800000,0.1726455383232177,-0.2105553181729101,-0.0744079281238064,6.0,1
1682899200000,0.2402492831015498,-0.1185204240182883,-0.1388406450544273,1.0,0
1682985600000,0.791622018494265,0.3094882400855235,0.0158690839613876,5.0,1
1683072000000,0.7914082760175896,0.2755794964580198,0.1247212769929973,6.0,1
1683158400000,0.2436783535095433,-0.2739718324923607,0.0693224623288691,1.0,0
1683244800000,0.8045724059293051,0.0065820649558576,0.0580702580670787,6.0,1
1683331200000,0.3606578947368425,0.0584897706136496,-0.0848764117603129,7.0,0
1683417600000,0.0469275697790204,-0.3788224180751424,-0.137198187124984,7.0,0
1683504000000,0.2971417301553687,-0.0317580822907369,-0.0650718082858634,7.0,0
1683590400000,0.5919784946236568,0.2725254624223181,-0.0488703987192771,7.0,1
1683676800000,0.5286537743981684,0.1157560221213998,0.0881042684167287,7.0,1
1683763200000,0.2872242993675178,-0.1523770976280694,0.0712105503419794,7.0,0
1683849600000,0.7686025975649777,0.1199744115834045,0.0638167539563078,7.0,0
1683936000000,0.2355554298002364,-0.0258344347836407,-0.0472897306480031,1.0,0
1684022400000,0.5584155628880159,-0.105093517338481,0.0007854707412412,2.0,0
1684108800000,0.4651713435510184,0.114807956875391,0.0145707053690038,6.0,1
1684195200000,0.4085840190656055,-0.0749157719112052,-0.0490421243247963,1.0,0
1684281600000,0.9011923080949248,0.2180104822719531,0.1181442212766965,6.0,1
1684368000000,0.4092765071655393,0.0003462440499669,0.0137742853098952,1.0,0
1684454400000,0.4520592485549116,-0.2245665297700067,-0.002553170189228,2.0,0
1684540800000,0.8535812121025584,0.2221523524685095,0.0440861326533892,6.0,1
1684627200000,0.1336832810047094,-0.1591879837751009,-0.1090713349243412,1.0,0
1684713600000,0.5538028770830387,-0.14988916750976,-0.0029323227715203,2.0,0
1684800000000,0.6041105314452779,0.2352136252202842,0.0004324230761212,6.0,1
1684886400000,0.2181615471727912,-0.1678206649551236,-0.0800412079418966,1.0,0
1684972800000,0.7918799089581514,0.0938846887564365,0.0980751925996636,2.0,0
1685059200000,0.6260001322488887,0.2039192925380488,0.0332163887844573,2.0,0
1685145600000,0.8815988372093035,0.044859464125576,0.0962815196604148,2.0,0
1685232000000,0.8688542112013682,0.1214270394762397,0.1391104256308305,6.0,1
1685318400000,0.229583541093072,-0.3260076480581156,-0.088173865677768,7.0,0
1685404800000,0.289729462019442,-0.289562374590963,-0.1324556636575125,7.0,0
1685491200000,0.3726442548921225,0.0715303568995252,-0.159703391381629,7.0,0
1685577600000,0.2857641452446484,-0.0019826583873968,-0.1023119418114389,1.0,0
1685664000000,0.9277861635220128,0.277570954314945,0.1392439928083088,6.0,1
1685750400000,0.3687972081460958,0.0415165314507237,0.0713277400883197,1.0,0
1685836800000,0.3258005634697015,-0.3009928000261556,-0.0010654319943394,6.0,1
1685923200000,0.1953679084378035,-0.0867146498541461,-0.0782778073666001,1.0,0
1686009600000,0.9375096666683298,0.3058545515993139,-0.0153982293415658,6.0,1
1686096000000,0.169195427705328,-0.0130862403662375,0.0212505542317092,1.0,0
1686182400000,0.4810166666666676,-0.228246500000831,0.0284259725661456,6.0,1
1686268800000,0.4049316349187813,0.1178681036067266,-0.0037365547039706,7.0,0
1686355200000,0.4109382839939785,-0.0350391913363446,-0.081740655813525,1.0,0
1686441600000,0.5083190604355244,0.0516937127583715,0.0608168882787703,6.0,1
1686528000000,0.6009080635247908,0.094984889765406,0.0343170219232988,1.0,0
1686614400000,0.3076154529307289,-0.1003518037523977,-0.0004662584445292,6.0,1
1686700800000,0.2411385270541063,-0.1798847682353422,-0.054030312138454,1.0,0
1686787200000,0.8326190550672078,0.2625018010682393,0.0288830452792681,2.0,0
1686873600000,0.871130180864694,0.3149958269052939,0.1065447836816285,2.0,0
1686960000000,0.5098559917449442,-0.1613815316611317,0.1034472731439018,6.0,1
1687046400000,0.1893954745018627,-0.3408673531814156,-0.042624916842675,1.0,0
1687132800000,0.7242815596194586,0.1072127839372571,-0.089840969725833,2.0,0
1687219200000,0.9458800278739276,0.3782422766860324,0.0363925261892981,2.0,0
1687305600000,0.6828848037576559,-0.0206983779309012,0.1102542177397487,6.0,1
1687392000000,0.3687537844189676,-0.28856312172748,0.0317319863972406,1.0,0
1687478400000,0.5444440359326941,-0.0692203839124809,-0.0936801290828489,6.0,1
1687564800000,0.5044181818181823,0.0678321986996073,-0.1021364459936453,7.0,0
1687651200000,0.240943631915889,-0.1517502020084024,-0.0748217946284319,7.0,0
1687737600000,0.459225543478263,-0.0225963191699597,-0.0122556885898214,1.0,0
1687824000000,0.6064906347554613,0.1827735014197861,0.0078900559305614,6.0,1
1687910400000,0.2569041295508496,-0.1011607069637067,-0.0129481101695093,1.0,0
1687996800000,0.5004156171284657,-0.0530375088134978,0.0316622556497739,2.0,0
1688083200000,0.5454545454545454,0.1442752079518479,0.0066382986325568,2.0,0
1688169600000,0.7780253936603896,0.1388048882659619,0.0631619933713552,2.0,0
1688256000000,0.7264622641509416,0.0905038593481981,0.1216726045732107,2.0,0
1688342400000,0.7236115742284472,-0.0272069097159711,0.0627399632896359,6.0,1
1688428800000,0.2005091078295839,-0.2629765781606789,-0.0744304694681865,7.0,0
1688515200000,0.4495258601619323,-0.1370428570332575,-0.1182952223318273,7.0,0
1688601600000,0.0272680427995511,-0.0866205325150163,-0.1672474156769296,1.0,0
1688688000000,0.8605577689243037,0.2055159543811855,0.0100651324361679,6.0,1
1688774400000,0.7015247999065249,0.337128378553487,0.1413063292916253,7.0,0
1688860800000,0.2590790842872002,-0.3007393423185516,0.0293363205357509,1.0,0
1688947200000,0.4212250634251402,-0.1401498682406924,0.0186435356614074,2.0,0
1689033600000,0.6271051145766366,0.1840130151447181,-0.0747205045176719,6.0,1
1689120000000,0.2198512770772712,-0.1006868931739344,-0.0595321015369071,1.0,0
1689206400000,0.7746780839557037,0.0737864846895334,0.0829824212989137,6.0,1
1689292800000,0.2381560693641609,0.0091523961434449,-0.0218565018742891,7.0,0
1689379200000,0.4689366160293334,-0.1528707339631851,-0.0298032204807717,7.0,0
1689465600000,0.4446270912320744,0.1032355109339567,0.0143810160383236,7.0,0
1689552000000,0.7064447592067995,0.1187540715887329,0.0070004372370104,7.0,0
1689638400000,0.4769710626837802,0.0161719857258528,0.0715138129816704,1.0,0
1689724800000,0.3447428183457019,-0.1808509704305488,-0.0216043623915557,6.0,1
1689811200000,0.2705729474305976,-0.1031990576265913,-0.0709810228464051,1.0,0
1689897600000,0.5229604007633609,0.0891087912088294,-0.057336683214006,6.0,1
1689984000000,0.4517250601765199,0.0905760563729611,0.0127725577403138,1.0,0
1690070400000,0.5705645161290323,0.0238020576828356,0.0632795508312582,6.0,1
1690156800000,0.2541852498222468,-0.0987699051771364,0.0014828720148969,1.0,0
1690243200000,0.5520328917313818,-0.0092658121988252,-0.0139394828418231,2.0,0
1690329600000,0.43000708191414,0.0879109160459466,-0.006196758092241,6.0,1
1690416000000,0.2872591183524924,-0.1323868866894447,-0.0390788963461187,1.0,0
1690502400000,0.4557862085421127,0.0128895633139862,0.0138428144060842,2.0,0
1690588800000,0.6416346026270563,0.1771877421372819,0.0204982548419321,6.0,1
1690675200000,0.5961371945353077,0.0701754929965974,0.0686635709516899,7.0,1
1690761600000,0.3046473610462412,-0.1684936207904074,0.0175127471380692,1.0,0
1690848000000,0.9711672662650094,0.1875150358648507,0.0693774873864977,6.0,1
1690934400000,0.2308124999999985,-0.0369174305231212,-0.0446614133524414,1.0,0
1691020800000,0.484903186985577,-0.2431320396397162,-0.0296302876145704,6.0,1
1691107200000,0.5831145107889033,0.1761510053944524,0.0070670220205891,7.0,1
1691193600000,0.5385678898554151,0.026832351434919,-0.0512896742030284,1.0,0
1691280000000,0.4527930209652344,-0.0651607449118344,0.0497625744800309,2.0,0
1691366400000,0.88585323491099,0.1736426725277873,0.0671578606027156,2.0,0
1691452800000,0.5685116851168492,0.0578593320758074,0.0318079693711466,6.0,1
1691539200000,0.2621117536670406,-0.3118707406219748,-0.0437193608225134,7.0,0
1691625600000,0.3244375299186202,-0.1220370775991145,-0.0880452463337178,7.0,0
1691712000000,0.5562213605921693,0.1470548034625643,-0.0903337903835871,1.0,0
1691798400000,0.4871229582122285,0.0813427141468042,0.0131332153115886,6.0,1
1691884800000,0.1557851035437165,-0.2002181285242263,-0.004996787195304,1.0,0
1691971200000,0.5540506350464691,0.0334638384171201,0.0058789953207244,6.0,1
1692057600000,0.3193376700177444,0.0817762832370139,-0.0406839704314609,7.0,0
1692144000000,0.0138420552564351,-0.270104289895017,-0.0783009239437559,7.0,0
1692144000000,0.0138420552564351,-0.1527478073806545,-0.0824094676364596,7.0,0
1692230400000,0.4028799053484746,0.1945189250460196,-0.0607837074157298,7.0,0
1692316800000,0.358437705998682,0.1722978253711234,0.0467237922053914,1.0,0
1692403200000,0.622866787522657,0.1099934410870911,0.156264511527469,2.0,0
1692489600000,0.6676017685622865,0.1545820312818022,0.1527506308785885,6.0,1
1692576000000,0.7054343443394102,0.0412837784083764,0.0914272940545475,7.0,0
1692662400000,0.9006218579495384,0.1165100446936259,0.1166935860718465,1.0,0
1692748800000,0.6159272691142144,-0.0447535376125979,0.0219141052570366,6.0,1
1692835200000,0.442727667502486,-0.2289470952235263,-0.0539255277344797,7.0,0
1692921600000,0.5268392624324792,-0.0445440033408676,-0.0815084354260915,7.0,0
1693008000000,0.2248838040757972,-0.1089219317133443,-0.1440564114429218,1.0,0
1693094400000,0.6277068295391472,0.0504337835533339,-0.0194284742576824,2.0,0
1693180800000,0.6559860330175331,0.2155511144708679,0.0527384298136761,2.0,0
1693267200000,0.8079519103046137,0.0901225403827331,0.0993327524686004,6.0,1
1693353600000,0.3763326367907587,-0.1398266981133872,0.0483142746195389,7.0,0
1693440000000,0.1478758085381632,-0.3300380508832252,-0.1239315438228742,7.0,0
1693526400000,0.5731833384007288,0.0984253508049849,-0.0825681491000059,1.0,0
1693612800000,0.4979789814066196,0.1750515864342282,-0.0423095156186018,2.0,0
1693699200000,0.5110746268656691,-0.0310543557675298,0.0619587153018277,6.0,1
1693785600000,0.4085694511440632,-0.0447047651312782,0.0459278573676739,7.0,0
1693872000000,0.6503244821038849,0.0696249276191079,0.0064872757143755,7.0,0
1693958400000,0.5804431527064097,0.0859368507811732,0.0304178197837795,1.0,0
1694044800000,0.7727118971682616,0.0611937075321883,0.0695148242167531,6.0,1
1694131200000,0.3297755061134509,-0.1253338232964793,-0.0035200474996848,7.0,0
1694217600000,0.7071067699562186,-0.0328025636060214,-0.0137103070888292,7.0,0
1694304000000,0.5852857975771465,0.1277551457318478,-0.0055919837470569,7.0,1
1694390400000,0.2616010963398661,-0.2227528368081761,-0.0766711310193096,1.0,0
1694476800000,0.4936329692376273,-0.0458264141697595,-0.0117790747367999,2.0,0
1694563200000,0.7141876608688864,0.2262932822645101,-0.0077491046514184,2.0,0
1694649600000,0.5396609060677077,0.0230139684150401,0.0361336781510142,2.0,0
1694736000000,0.5662650602409639,-0.0739613003139612,0.0655355864632275,6.0,1
1694822400000,0.3453915662650549,-0.0971346699013263,-0.0444405406573067,7.0,0
1694908800000,0.5730657748048981,0.003400357281967,-0.047651311193063,1.0,0
1694995200000,0.3733436727572329,0.013976053246089,-0.0325833752057016,2.0,0
1695081600000,0.6649709480497172,0.0459525866224095,0.0225363882109684,6.0,1
1695168000000,0.5521295210913467,0.0893929241670569,0.0505381082897402,7.0,1
1695254400000,0.2434838214605468,-0.2107435632945851,-0.0480378058354589,1.0,0
1695340800000,0.405556971705323,-0.0732862746930118,-0.035706052869299,6.0,1
1695427200000,0.5408286891204137,0.1486724338299334,-0.0394857067244631,7.0,1
1695513600000,0.2048794731207206,-0.1003387492923011,-0.0397155228281385,1.0,0
1695600000000,0.6898330005047304,0.0745021556921583,0.0692020859503764,6.0,1
1695686400000,0.431321169772252,0.1132208483257657,0.0200532707518174,1.0,0
1695772800000,0.3535924329891329,-0.1681202837577987,-0.0148030815611031,2.0,0
1695859200000,0.7028299933752891,0.1357544118015183,0.0659660472993539,6.0,1
1695945600000,0.4170907146430225,0.0317491408269448,-0.0273975748120379,1.0,0
1696032000000,0.3653919877324127,-0.1687190028214381,-0.0068360082425788,2.0,0
1696118400000,0.9343722445160256,0.2586407649365014,0.0824121617410908,6.0,1
1696204800000,0.1640817520946275,-0.1006551178188924,-0.0560214952688321,7.0,0
1696291200000,0.5154063795976879,-0.2094829324591689,-0.0004678905728454,1.0,0
1696377600000,0.9041115222981853,0.3700148851017789,0.0658473204213206,6.0,1
1696464000000,0.075990057132445,-0.2197081612326213,-0.0976734604563604,1.0,0
1696550400000,0.674807427662503,-0.1146520473178413,0.0582035028670507,2.0,0
1696636800000,0.6108534570072959,0.2674316999374254,-0.0038409939816466,6.0,1
1696723200000,0.5631194190952792,-0.055844004283612,-0.0147120806530961,7.0,0
1696809600000,0.4535051447254528,-0.0786741561409215,0.0643342166618791,7.0,0
1696896000000,0.2108009153318054,-0.1761592518817368,-0.1085361336943238,7.0,0
1696982400000,0.3588465266903164,-0.0473293090175682,-0.0856332364397433,7.0,0
1697068800000,0.5219620446893188,0.1555805646787566,-0.0176973366847057,1.0,0
1697155200000,0.397752808988764,0.0194531411492238,0.0199656457884135,6.0,1
1697241600000,0.3164822016153106,-0.1027399215370041,0.0250268854865458,1.0,0
1697328000000,0.7130782551331744,0.157662723072205,0.0502983613811707,2.0,0
1697414400000,0.4807608386958235,0.0821393185402564,0.0232923034157419,6.0,1
1697500800000,0.5999853030330848,-0.0565464760500446,0.0568743625169154,7.0,1
1697587200000,0.2109971530333901,-0.1348818428312165,-0.032406304926393,1.0,0
1697673600000,0.7510750646263916,0.0755448807966532,-0.0193770066675999,2.0,0
1697760000000,0.6694757129003358,0.2292392799334727,0.052851951000233,2.0,0
1697846400000,0.4862546710080617,-0.1324101968091648,0.0231017295816899,2.0,0
1697932800000,0.5797039473684196,-0.0448858827659581,0.0472593195051728,2.0,0
1698019200000,0.6558638703582101,0.0848045996750742,-0.028019415406828,2.0,0
1698105600000,0.4454826242206863,-0.0671106615738665,-0.0278376978009151,2.0,0
1698192000000,0.5619755124501323,-0.046944178954039,0.0017220359736407,6.0,1
1698278400000,0.3733564433013749,-0.0360630904596556,-0.0506583366042167,7.0,0
1698364800000,0.5866986710379931,0.0123615792939303,-0.0210456579559745,1.0,0
1698451200000,0.3489492049958148,-0.0122036191527799,-0.0168343679861882,2.0,0
1698537600000,0.726597651534549,0.0699494902482779,0.0304837039863272,6.0,1
1698624000000,0.5193025366886944,0.0851766658464398,0.0431791167271194,1.0,0
1698710400000,0.8839379430329676,0.0786701457492092,0.0764831875682828,2.0,0
1698796800000,0.8918436491738574,0.1862705562425814,0.1243129179854503,6.0,1
1698883200000,0.3807678383847959,-0.2515850523240856,-0.0319118513814344,7.0,0
1698969600000,0.7220568663036888,-0.0848933914350843,-0.0097661445418183,1.0,0
1699056000000,0.7119673942253137,0.1655997779202589,-0.0513727880485477,6.0,1
1699142400000,0.605021459227465,-0.058517703538112,-0.0242444824052267,1.0,0
1699228800000,0.5817088458114472,-0.0651292742069332,0.0284846607777077,2.0,0
1699315200000,0.6418304101279202,0.0184044754502275,-0.0290711460765404,2.0,0
1699401600000,0.5215904572564624,-0.0300591942774924,-0.0343944923037248,2.0,0
1699488000000,0.4786501462150185,-0.0815901319564508,-0.0312861014579878,2.0,0
1699574400000,0.8132257822840426,0.14581766251379,0.0299853609032288,6.0,1
1699660800000,0.624647592839894,0.0729987233124376,0.0257269690451527,7.0,0
1699747200000,0.6781031112558988,-0.0675613355140718,0.0459022754623747,7.0,0
1699833600000,0.1197522557811597,-0.252447668529367,-0.0852918451895862,7.0,0
1699920000000,0.3864146090534991,-0.1458442511011999,-0.1358517683519821,1.0,0
1700006400000,0.9535114503816784,0.4168795973002592,0.0366039212881168,6.0,1
1700092800000,0.2731010808630448,-0.056656764095227,0.002375513381481,1.0,0
1700179200000,0.8018106294600048,-0.0758504104608367,0.1250803219167235,6.0,1
1700265600000,0.5840668156123,0.1554828673746277,0.0243603592195927,1.0,0
1700352000000,0.8744242728364316,0.0363068216882132,0.0152791379658761,2.0,0
1700438400000,0.7192730661696168,0.0676031252786584,0.096495761398957,6.0,1
1700524800000,0.0034736006351734,-0.4354753361006289,-0.1461467807092347,1.0,0
1700611200000,0.7968857246679126,0.0388063292491476,-0.0445312854090034,6.0,1
1700697600000,0.5415602981721607,0.2690433487684938,-0.0588115290830246,1.0,0
1700784000000,0.3974743868764449,-0.1997056688957339,-0.0105510661049356,2.0,0
1700870400000,0.6384978107106729,0.048468756269256,0.0870637082359531,6.0,1
1700956800000,0.4475121496170823,0.0250188813703186,-0.0601809637563148,7.0,0
1701043200000,0.621295941918044,-0.0086009343963143,0.0209509050232404,1.0,0
1701129600000,0.630032016651311,0.0912599335171142,0.0447913390757102,2.0,0
1701216000000,0.3234545454545448,-0.1489206982317496,-0.0447566663478028,6.0,1
1701302400000,0.3467678253464421,-0.1416320956524345,-0.049933004500478,1.0,0
1701388800000,0.7711872984658072,0.2238663765056311,0.0016518521790656,2.0,0
1701475200000,0.7519455524253148,0.2025888635394363,0.0691559824559269,2.0,0
1701561600000,0.7151793588612936,-0.0280039698022568,0.118862735389237,2.0,0
1701648000000,0.8247771413630526,0.0364157944688689,0.0900010692428707,2.0,0
1701734400000,0.8651008458035132,0.0749607434711098,0.0260658683613148,6.0,1
1701820800000,0.4443254706683473,-0.1902258353473526,-0.0465318676571715,7.0,0
1701907200000,0.3686420981381957,-0.2482293738326588,-0.1073526192140901,1.0,0
1701993600000,0.6732287355611826,0.1144516324464176,-0.0799555559269059,6.0,1
1702080000000,0.1668885987252878,-0.1008767497064539,-0.1167521229263616,1.0,0
1702166400000,0.4660699588477408,-0.1035793883567209,-0.0158264523054121,6.0,1
1702252800000,0.287899511514306,0.0605054563945091,-0.0368643949961221,1.0,0
1702339200000,0.5704505238322599,0.0521902824922594,-0.0084545510668827,2.0,0
1702425600000,0.7924217519347994,0.2522611202102466,0.1355446871403541,2.0,0
1702512000000,0.8030990099009911,0.1163242430343656,0.1178580342526993,6.0,1
1702598400000,0.193877623143746,-0.2992720643955265,0.0044604709327611,1.0,0
1702684800000,0.6012256237549455,-0.100936693073023,-0.0536993928945683,6.0,1
1702771200000,0.1046439205849492,-0.0446168512793983,-0.1577429048845746,1.0,0
1702857600000,0.9548463122155624,0.1768103442303083,0.0214260902070345,6.0,1
1702944000000,0.275751823951598,0.0855539516833244,0.051736909007632,1.0,0
1703030400000,0.7043476167549352,-0.1252493477303137,0.0377351889366627,2.0,0
1703116800000,0.6017810240365029,0.1630146000424524,0.074377551144248,2.0,0
1703203200000,0.5645619445684367,-0.0698928360932493,-0.0454539535209348,6.0,1
1703289600000,0.5892657472978066,-0.0062576383693481,0.0487242174505918,7.0,1
1703376000000,0.3399031811894882,-0.1123293816894741,-0.074140414786959,1.0,0
1703462400000,0.7909306861141129,0.1008324694081531,0.015364056077627,6.0,1
1703548800000,0.4456748572948426,0.0528858380526772,-0.0036109235730882,1.0,0
1703635200000,0.8427748667878923,0.0259220903368895,0.0612789915085525,6.0,1
1703721600000,0.2082896660585603,-0.118692595618141,-0.0211382849588077,7.0,0
1703808000000,0.4234953064605174,-0.2096397801636875,-0.0972255950543474,1.0,0
1703894400000,0.5677368546363599,0.1797235942888997,-0.017515556564434,2.0,0
1703980800000,0.3404989498049681,-0.0414981783277745,-0.0645104645388049,2.0,0
1704067200000,0.9977287815786736,0.2149959634711567,0.1495881874384677,2.0,0
1704153600000,0.4612572128297434,0.0603791315123877,0.0505515739680765,6.0,1
1704240000000,0.4411010526315796,-0.2783138644735471,-0.0132513340984786,1.0,0
1704326400000,0.7265917071948795,0.1326672471825679,0.0215557785832727,6.0,1
1704412800000,0.8886739433592323,0.2237864453638264,0.0047224817926252,7.0,1
1704499200000,0.6989123652690948,-0.0138396709628923,0.0922883195606355,7.0,0
1704585600000,0.392878370941112,-0.2478977862090601,-0.012412470530672,1.0,0
1704672000000,0.92686530894774,0.1139764718393224,-0.00952483689124,6.0,1
1704758400000,0.4223365277523558,0.0147290784056218,-0.0704721887535108,1.0,0
1704844800000,0.6931472477374926,-0.1168590306051238,0.0017927921748038,6.0,1
1704931200000,0.2179626689500581,-0.1021869294011487,-0.0583549465192355,7.0,0
1705017600000,0.255751635420385,-0.2186978061585537,-0.1546601205857008,1.0,0
1705104000000,0.5017420329402552,0.1418896819950985,-0.0278584601941309,6.0,1
1705190400000,0.0090875643855765,-0.1233320355174041,-0.1084340002713635,1.0,0
1705276800000,0.4713857749141079,-0.0151781290130737,0.026018214089329,2.0,0
1705363200000,0.712004502588331,0.3514584691013772,0.0882149476309744,6.0,1
1705449600000,0.5769620278549273,0.0527881264704097,0.0853356928032098,7.0,1
1705536000000,0.2867380002848601,-0.2126332511517354,0.0660877124739386,1.0,0
1705622400000,0.7194213453251663,0.0712296587351194,0.0070804638518644,2.0,0
1705708800000,0.5759381156008287,0.1446000576579844,-0.0129673456504766,6.0,1
1705795200000,0.2085907310533354,-0.2554153071359154,-0.0447542478287215,7.0,0
1705881600000,0.0604232818291705,-0.2577574168858291,-0.0963460051183209,1.0,0
1705968000000,0.8278762317017526,0.3096427503242084,-0.0298605061018486,2.0,0
1706054400000,0.5609678654476484,0.250272291809239,0.0589345000342056,6.0,1
1706140800000,0.5479446577095298,-0.1399657869961113,0.1179252436930866,1.0,0
1706227200000,0.8253887720166658,0.1322104532845086,0.1249999406382767,2.0,0
1706313600000,0.9014844971824314,0.1767699197364508,0.0411637437530374,6.0,1
1706400000000,0.3357558496403047,-0.2448164611881806,-0.0096884192141786,1.0,0
1706486400000,0.980171714263276,0.039343608540422,0.037482119073113,6.0,1
1706572800000,0.2145497634286572,-0.0606030431058235,-0.1142990800095174,8.0,0
1706659200000,0.2064742860645539,-0.386848714099361,-0.1511226508447402,9.0,0
1706745600000,0.8556662026626725,0.3205582196170075,0.0266123277846013,5.0,1
1706832000000,0.6940109008616565,0.2437683073985513,0.0068794812430775,6.0,1
1706918400000,0.2621747565048618,-0.2967457230789052,0.0582786600949511,7.0,0
1707004800000,0.4023009007402089,-0.1458550000607237,-0.0201838216806501,1.0,0
1707091200000,0.3435341475687277,0.0406796955319328,-0.1315974110309337,2.0,0
1707177600000,0.6355480762246,0.1166235877421954,-0.0035566258210247,2.0,0
1707264000000,0.9708423997513204,0.3136541260912963,0.1650582461977307,2.0,0
1707350400000,0.7462203865336655,0.0553361551545327,0.1315147223769505,2.0,0
1707436800000,0.6391909070009587,-0.1658257463751808,0.0701985829173527,2.0,0
1707523200000,0.6942262773722602,-0.0259970545807027,-0.0214295090455042,2.0,0
1707609600000,0.7173635924674017,0.0390863427332214,-0.0558951723729242,2.0,0
1707696000000,0.8409218191030957,0.0733477708654177,0.0267575550605303,6.0,1
1707782400000,0.6764361645531649,-0.0204637139571183,0.0221186056835247,1.0,0
1707868800000,0.911824599992904,0.0354513904449041,0.039426921732705,2.0,0
1707955200000,0.3766754069558498,-0.1498803787986575,-0.0610473590133296,2.0,0
1708041600000,0.5547371978371497,-0.1785437010778772,-0.0872130000129208,6.0,1
1708128000000,0.6617419463916451,0.1425332697178976,-0.0386475838478794,1.0,0
1708214400000,0.8028128398642178,0.1240378210135339,0.0067043019178422,6.0,1
1708300800000,0.1203912438252258,-0.2706753512832096,-0.0264492684234179,1.0,0
1708387200000,0.6735726839968889,-0.0646200779336645,-0.0303679730246941,6.0,1
1708473600000,0.7029452290733709,0.2912769926240725,-0.0046833590503877,7.0,0
1708560000000,0.3090133333333328,-0.182279675331778,-0.0405045027813625,7.0,0
1708646400000,0.2171691612978582,-0.2428880338877564,-0.0171003515718291,1.0,0
1708732800000,0.8833962264150954,0.2871914465408813,-0.00661289829391,2.0,0
1708819200000,0.6615837937384834,0.2222073162203126,0.0491660022411987,2.0,0
1708905600000,0.8918489432614208,0.0042263584231626,0.1610085852296801,2.0,0
1708992000000,0.8244721193618892,0.0814441628117028,0.1223058632974386,2.0,0
1709078400000,0.7854587002182494,-0.0531951215215858,-0.0032986726770286,6.0,1
1709164800000,0.2313891866592199,-0.2965414663513345,-0.09667794572017,1.0,0
1709251200000,0.6892346923494903,-0.0481120039343796,-0.0998311434526532,6.0,1
1709337600000,0.4886763677227704,0.1286435905317753,-0.0767815511146998,1.0,0
1709424000000,0.9383277193129296,0.1245465134817194,0.056302521925291,2.0,0
1709510400000,0.9591401839006302,0.23523190808893,0.1704595021446259,6.0,1
1709596800000,0.4721370685342673,-0.233095325389331,0.0036268568547413,1.0,0
1709683200000,0.6776896560234946,-0.1407252639385679,-0.0088164074177214,2.0,0
1709769600000,0.5237422807739803,0.0258026061198564,-0.1110621404955034,2.0,0
1709856000000,0.5224858855384995,-0.0776018852424974,-0.0821703384484548,2.0,0
1709942400000,0.6649558823529386,0.070606800789479,0.0230433857152347,2.0,0
1710028800000,0.4803107883493437,-0.0210875485945779,-0.0253544133769344,2.0,0
1710115200000,0.874996536820525,0.1050203272337931,0.0660333414903933,6.0,1
1710201600000,0.6465114473485886,0.0831003294996225,0.0458091778087764,1.0,0
1710288000000,0.7506020872357524,-0.0621972247923863,0.0337493068764871,6.0,1
1710374400000,0.5426924549980855,-0.0519094961752515,3.688837127102841e-05,7.0,0
1710460800000,0.5718498293915727,-0.0893761289220899,-0.0710112407208408,7.0,0
1710547200000,0.0989226676800299,-0.2218848936590277,-0.1273929817181298,1.0,0
1710633600000,0.8831221119092284,0.1556361412588276,-0.0178729737971104,6.0,1
1710720000000,0.4370043500083683,0.1690408411641693,0.009989607253822,7.0,0
1710806400000,0.0582118430046081,-0.4124551344523101,-0.0689194290445591,1.0,0
1710892800000,0.964574744027303,0.2637851970094672,0.0906393883789925,6.0,1
1710979200000,0.2619616000172425,0.1018748785063173,-0.0714750629765037,7.0,0
1711065600000,0.3500621921715321,-0.3072562759278855,0.0029865441338962,1.0,0
1711152000000,0.3301133711237086,0.034075885553233,-0.007070949561757,2.0,0
1711238400000,0.8914272378383993,0.2706825228334335,-0.0078143241271342,2.0,0
1711324800000,0.7334719849567876,0.2016793069165395,0.1484385815545957,2.0,0
1711411200000,0.3103765727061497,-0.2905253325661246,0.0323987374902314,6.0,1
1711497600000,0.3257163466613531,-0.2038778191477171,-0.058984471405696,1.0,0
1711584000000,0.7087115433991364,0.1991674853464932,-0.077318702717396,6.0,1
1711670400000,0.4412529625201829,0.057768307929415,-0.0186103074180223,7.0,0
1711756800000,0.0540007681474749,-0.3273553876258306,-0.0397214993258519,1.0,0
1711843200000,0.952307530185631,0.2555272838327238,0.0598471591796893,6.0,1
1711929600000,0.4920179700313467,0.2190086009419359,0.0077667420929868,7.0,1
1712016000000,0.1783663106456967,-0.3869706097699671,-0.00877561018651,1.0,0
1712102400000,0.6099039227399426,0.0589429763542978,0.0337865089645,2.0,0
1712188800000,0.8063499466480091,0.3139918180011561,-0.0174029214366648,6.0,1
1712275200000,0.6661864192203577,0.0281412482402075,0.0976320534380334,1.0,0
1712361600000,0.6453031633075923,-0.0805233916702084,0.0990156201804205,2.0,0
1712448000000,0.3570482396874117,-0.1545690897664729,-0.0666758149445479,2.0,0
1712534400000,0.6862667288101724,0.02048178275129,-0.054930461520862,6.0,1
1712620800000,0.2637964708767003,-0.0466258844053555,-0.0763816331184735,1.0,0
1712707200000,0.8519463175409406,0.0828397943653839,0.0320034539655984,6.0,1
1712793600000,0.2525018979915748,-0.0056472864425626,-0.0043413094660905,7.0,0
1712880000000,0.3305312184477089,-0.2607075495466158,-0.0722765593610053,7.0,0
1712966400000,0.4490570866060486,0.0982775943072369,-0.0150893867634535,1.0,0
1713052800000,0.9519266055045862,0.3106976935284385,0.0396515764541764,6.0,1
1713139200000,0.2494387796205682,-0.09980915349274,0.0615269150314864,1.0,0
1713225600000,0.793269439421338,-0.0793285830416242,0.0725858134961777,6.0,1
1713312000000,0.3317284954489259,0.0411448579141789,-0.0393314348397493,1.0,0
1713398400000,0.8047493164822843,0.005739938530473,-0.0212064862216247,2.0,0
1713484800000,0.7210268735502114,0.1946491890506428,0.0954656064920232,2.0,0
1713571200000,0.7945794849995477,-0.0050849157413683,0.0391918469257704,2.0,0
1713657600000,0.4825933089173302,-0.1192167823164406,0.029155979545407,2.0,0
1713744000000,0.8488370816330273,0.0271287983167397,-0.0150258034331395,6.0,1
1713830400000,0.4573736946090909,-0.0126098071541195,-0.0473048761248761,7.0,0
1713916800000,0.1973028285085022,-0.3257671265622625,-0.121977292729033,1.0,0
1714003200000,0.6806632746791037,0.1116447900350063,-0.0255394321600978,6.0,1
1714089600000,0.3103584165829239,0.0565277940372109,-0.0853667750030194,7.0,0
1714176000000,0.6988389016884559,0.009087813504676,0.0595986002233151,7.0,1
1714262400000,0.2124732536186297,-0.048942581482147,0.0048516477229607,1.0,0
1714348800000,0.8528719110613043,0.0770165046864241,0.0246532109800106,6.0,1
1714435200000,0.2671045034642034,0.027315624922787,0.0067525183135407,7.0,0
1714521600000,0.4225297926464456,-0.2151710592074293,-0.0497986968238447,1.0,0
1714608000000,0.7919805687832643,0.2624380326595303,0.072867251191441,2.0,0
1714694400000,0.9002605226376041,0.2388653649955792,0.0619653288471659,2.0,0
1714780800000,0.6758530643281296,-0.0580637522275674,0.129522785171901,2.0,0
1714867200000,0.6523798818968877,-0.1239403203703583,0.0343572674045748,6.0,1
1714953600000,0.1661392857142865,-0.2548568893069215,-0.1499563206878672,7.0,0
1715040000000,0.0236327212328996,-0.314373580331994,-0.2262969381423253,7.0,0
1715126400000,0.1430574706174778,-0.0115409075484043,-0.1694338348085292,1.0,0
1715212800000,0.8731632029667431,0.4247652408669216,0.0418484827042901,6.0,1
1715299200000,0.1867361769159741,0.0218393531492482,0.0890724264137219,1.0,0
1715385600000,0.3296981253222561,-0.2717325388222434,0.0655809514477209,2.0,0
1715472000000,0.6838732394366182,0.248568531260322,0.0538166459993793,2.0,0
1715558400000,0.8111959833974511,0.2407489290375974,0.0373202623382059,6.0,1
1715644800000,0.220045657246696,-0.2319137910949609,0.0548116818736638,1.0,0
1715731200000,0.953624511921696,0.0712142642621223,0.0784025191008957,6.0,1
1715817600000,0.2942621577860094,0.0371082502696568,-0.0636793634776972,1.0,0
1715904000000,0.725728677831837,-0.1139479170449296,-0.0096718110591915,2.0,0
